{
  "shapes": [
    {
      "shape_type": "polygon", 
      "points": [
        [
          1426.0, 
          1284.0
        ], 
        [
          1365.0, 
          1331.0
        ], 
        [
          1325.0, 
          1390.0
        ], 
        [
          1308.0, 
          1441.0
        ], 
        [
          1329.0, 
          1499.0
        ], 
        [
          1434.0, 
          1585.0
        ], 
        [
          1438.0, 
          1297.0
        ]
      ], 
      "flags": {}, 
      "group_id": null, 
      "label": "oyster"
    }, 
    {
      "shape_type": "polygon", 
      "points": [
        [
          878.0, 
          757.0
        ], 
        [
          847.0, 
          820.0
        ], 
        [
          828.0, 
          862.0
        ], 
        [
          810.0, 
          912.0
        ], 
        [
          793.0, 
          997.0
        ], 
        [
          795.0, 
          1307.0
        ], 
        [
          1012.0, 
          1302.0
        ], 
        [
          1090.0, 
          1284.0
        ], 
        [
          1145.0, 
          1259.0
        ], 
        [
          1218.0, 
          1197.0
        ], 
        [
          1296.0, 
          1119.0
        ], 
        [
          1324.0, 
          1073.0
        ], 
        [
          1343.0, 
          1028.0
        ], 
        [
          1426.0, 
          907.0
        ], 
        [
          1320.0, 
          845.0
        ], 
        [
          1204.0, 
          821.0
        ], 
        [
          1136.0, 
          779.0
        ], 
        [
          1064.0, 
          745.0
        ], 
        [
          1020.0, 
          729.0
        ], 
        [
          970.0, 
          723.0
        ], 
        [
          912.0, 
          707.0
        ], 
        [
          880.0, 
          731.0
        ]
      ], 
      "flags": {}, 
      "group_id": null, 
      "label": "oyster"
    }, 
    {
      "shape_type": "polygon", 
      "points": [
        [
          975.0, 
          1567.0
        ], 
        [
          879.0, 
          1586.0
        ], 
        [
          766.0, 
          1577.0
        ], 
        [
          544.0, 
          1621.0
        ], 
        [
          214.0, 
          1803.0
        ], 
        [
          196.0, 
          1911.0
        ], 
        [
          743.0, 
          1908.0
        ], 
        [
          1374.0, 
          1921.0
        ], 
        [
          1433.0, 
          1893.0
        ], 
        [
          1380.0, 
          1813.0
        ], 
        [
          1321.0, 
          1771.0
        ], 
        [
          1270.0, 
          1737.0
        ], 
        [
          1199.0, 
          1678.0
        ], 
        [
          1153.0, 
          1619.0
        ], 
        [
          1087.0, 
          1574.0
        ]
      ], 
      "flags": {}, 
      "group_id": null, 
      "label": "oyster"
    }, 
    {
      "shape_type": "polygon", 
      "points": [
        [
          145.0, 
          1454.0
        ], 
        [
          2.0, 
          1541.0
        ], 
        [
          0.0, 
          1897.0
        ], 
        [
          146.0, 
          1915.0
        ], 
        [
          214.0, 
          1751.0
        ], 
        [
          432.0, 
          1599.0
        ], 
        [
          328.0, 
          1465.0
        ], 
        [
          238.0, 
          1413.0
        ]
      ], 
      "flags": {}, 
      "group_id": null, 
      "label": "oyster"
    }, 
    {
      "shape_type": "polygon", 
      "points": [
        [
          1426.0, 
          972.0
        ], 
        [
          1367.0, 
          1016.0
        ], 
        [
          1321.0, 
          1080.0
        ], 
        [
          1297.0, 
          1123.0
        ], 
        [
          1222.0, 
          1209.0
        ], 
        [
          1230.0, 
          1259.0
        ], 
        [
          1281.0, 
          1320.0
        ], 
        [
          1347.0, 
          1333.0
        ], 
        [
          1436.0, 
          1261.0
        ], 
        [
          1437.0, 
          1017.0
        ]
      ], 
      "flags": {}, 
      "group_id": null, 
      "label": "oyster"
    }, 
    {
      "shape_type": "polygon", 
      "points": [
        [
          1093.0, 
          1878.0
        ], 
        [
          1109.0, 
          1894.0
        ]
      ], 
      "flags": {}, 
      "group_id": null, 
      "label": "oyster"
    }, 
    {
      "shape_type": "polygon", 
      "points": [
        [
          8.0, 
          326.0
        ], 
        [
          0.0, 
          721.0
        ], 
        [
          92.0, 
          657.0
        ], 
        [
          186.0, 
          605.0
        ], 
        [
          184.0, 
          516.0
        ], 
        [
          167.0, 
          465.0
        ], 
        [
          147.0, 
          424.0
        ], 
        [
          80.0, 
          349.0
        ]
      ], 
      "flags": {}, 
      "group_id": null, 
      "label": "oyster"
    }, 
    {
      "shape_type": "polygon", 
      "points": [
        [
          557.0, 
          781.0
        ], 
        [
          467.0, 
          799.0
        ], 
        [
          418.0, 
          826.0
        ], 
        [
          365.0, 
          919.0
        ], 
        [
          382.0, 
          1013.0
        ], 
        [
          425.0, 
          1127.0
        ], 
        [
          493.0, 
          1182.0
        ], 
        [
          575.0, 
          1137.0
        ], 
        [
          594.0, 
          1098.0
        ], 
        [
          612.0, 
          1059.0
        ], 
        [
          631.0, 
          1019.0
        ], 
        [
          658.0, 
          972.0
        ], 
        [
          679.0, 
          931.0
        ], 
        [
          697.0, 
          878.0
        ], 
        [
          750.0, 
          735.0
        ], 
        [
          594.0, 
          787.0
        ]
      ], 
      "flags": {}, 
      "group_id": null, 
      "label": "oyster"
    }, 
    {
      "shape_type": "polygon", 
      "points": [
        [
          778.0, 
          479.0
        ], 
        [
          702.0, 
          485.0
        ], 
        [
          624.0, 
          417.0
        ], 
        [
          486.0, 
          245.0
        ], 
        [
          418.0, 
          89.0
        ], 
        [
          456.0, 
          53.0
        ], 
        [
          446.0, 
          2.0
        ], 
        [
          684.0, 
          3.0
        ], 
        [
          770.0, 
          347.0
        ]
      ], 
      "flags": {}, 
      "group_id": null, 
      "label": "oyster"
    }, 
    {
      "shape_type": "polygon", 
      "points": [
        [
          988.0, 
          1339.0
        ], 
        [
          1284.0, 
          1389.0
        ], 
        [
          1220.0, 
          1501.0
        ], 
        [
          994.0, 
          1527.0
        ], 
        [
          898.0, 
          1549.0
        ], 
        [
          730.0, 
          1539.0
        ], 
        [
          648.0, 
          1453.0
        ], 
        [
          698.0, 
          1311.0
        ]
      ], 
      "flags": {}, 
      "group_id": null, 
      "label": "oyster"
    }, 
    {
      "shape_type": "polygon", 
      "points": [
        [
          254.0, 
          9.0
        ], 
        [
          382.0, 
          425.0
        ], 
        [
          716.0, 
          693.0
        ], 
        [
          892.0, 
          699.0
        ], 
        [
          986.0, 
          435.0
        ], 
        [
          1008.0, 
          265.0
        ], 
        [
          1238.0, 
          11.0
        ]
      ], 
      "flags": {}, 
      "group_id": null, 
      "label": "dead oyster"
    }, 
    {
      "shape_type": "polygon", 
      "points": [
        [
          20.09302325581396, 
          190.69767441860466
        ], 
        [
          346.83720930232556, 
          445.34883720930236
        ], 
        [
          264.27906976744185, 
          148.8372093023256
        ], 
        [
          245.67441860465118, 
          3.488372093023256
        ], 
        [
          1.4883720930232585, 
          2.3255813953488373
        ], 
        [
          1.4883720930232585, 
          173.25581395348837
        ]
      ], 
      "flags": {}, 
      "group_id": null, 
      "label": "oyster"
    }, 
    {
      "shape_type": "polygon", 
      "points": [
        [
          1269.7272727272725, 
          50.90909090909091
        ], 
        [
          1115.181818181818, 
          192.72727272727272
        ], 
        [
          1049.7272727272725, 
          501.81818181818176
        ], 
        [
          1162.4545454545453, 
          770.9090909090909
        ], 
        [
          1420.6363636363635, 
          881.8181818181818
        ], 
        [
          1431.5454545454545, 
          138.18181818181816
        ]
      ], 
      "flags": {}, 
      "group_id": null, 
      "label": "shell"
    }, 
    {
      "shape_type": "polygon", 
      "points": [
        [
          629.7272727272725, 
          656.3636363636363
        ], 
        [
          684.2727272727273, 
          738.1818181818181
        ], 
        [
          617.0, 
          759.9999999999999
        ], 
        [
          464.27272727272725, 
          787.2727272727273
        ], 
        [
          364.27272727272714, 
          894.5454545454545
        ], 
        [
          378.81818181818176, 
          1123.6363636363635
        ], 
        [
          720.6363636363635, 
          1287.2727272727273
        ], 
        [
          473.36363636363626, 
          1372.7272727272725
        ], 
        [
          171.5454545454545, 
          1358.181818181818
        ], 
        [
          6.090909090909008, 
          1216.3636363636363
        ], 
        [
          0.0, 
          981.0
        ], 
        [
          120.0, 
          869.0
        ]
      ], 
      "flags": {}, 
      "group_id": null, 
      "label": "shell"
    }, 
    {
      "shape_type": "polygon", 
      "points": [
        [
          266.0, 
          587.0
        ], 
        [
          0, 
          726
        ], 
        [
          0, 
          965
        ], 
        [
          130.0, 
          865.0
        ], 
        [
          316.0, 
          809.0
        ], 
        [
          436.0, 
          735.0
        ], 
        [
          558.0, 
          679.0
        ], 
        [
          626.0, 
          651.0
        ], 
        [
          356.0, 
          555.0
        ]
      ], 
      "flags": {}, 
      "group_id": null, 
      "label": "oyster"
    }
  ], 
  "imagePath": "1.jpg", 
  "flags": {}, 
  "version": "4.5.6", 
  "imageData": null, 
  "imageWidth": 1440, 
  "imageHeight": 1920
}