{
  "version": "4.5.6",
  "flags": {},
  "shapes": [
    {
      "label": "oyster",
      "points": [
        [
          763.0,
          1424.0
        ],
        [
          697.0,
          1445.0
        ],
        [
          604.0,
          1538.0
        ],
        [
          563.0,
          1599.0
        ],
        [
          523.0,
          1654.0
        ],
        [
          506.0,
          1754.0
        ],
        [
          488.0,
          1843.0
        ],
        [
          474.0,
          1917.0
        ],
        [
          850.0,
          1917.0
        ],
        [
          907.0,
          1835.0
        ],
        [
          948.0,
          1813.0
        ],
        [
          1033.0,
          1743.0
        ],
        [
          1064.0,
          1627.0
        ],
        [
          1011.0,
          1578.0
        ],
        [
          967.0,
          1521.0
        ],
        [
          919.0,
          1470.0
        ],
        [
          874.0,
          1443.0
        ],
        [
          818.0,
          1425.0
        ]
      ],
      "group_id": null,
      "shape_type": "polygon",
      "flags": {}
    },
    {
      "label": "oyster",
      "points": [
        [
          1338.0,
          1591.0
        ],
        [
          1265.0,
          1610.0
        ],
        [
          1223.0,
          1634.0
        ],
        [
          1175.0,
          1665.0
        ],
        [
          1129.0,
          1692.0
        ],
        [
          1063.0,
          1741.0
        ],
        [
          989.0,
          1797.0
        ],
        [
          938.0,
          1829.0
        ],
        [
          892.0,
          1911.0
        ],
        [
          1438.0,
          1909.0
        ],
        [
          1436.0,
          1650.0
        ]
      ],
      "group_id": null,
      "shape_type": "polygon",
      "flags": {}
    },
    {
      "label": "oyster",
      "points": [
        [
          1058.0,
          1.0
        ],
        [
          957.0,
          101.0
        ],
        [
          974.0,
          168.0
        ],
        [
          992.0,
          223.0
        ],
        [
          1009.0,
          271.0
        ],
        [
          1029.0,
          319.0
        ],
        [
          1052.0,
          363.0
        ],
        [
          1084.0,
          412.0
        ],
        [
          1114.0,
          462.0
        ],
        [
          1206.0,
          543.0
        ],
        [
          1350.0,
          617.0
        ],
        [
          1438.0,
          589.0
        ],
        [
          1436.0,
          359.0
        ],
        [
          1403.0,
          260.0
        ],
        [
          1376.0,
          212.0
        ],
        [
          1356.0,
          171.0
        ],
        [
          1333.0,
          132.0
        ],
        [
          1284.0,
          101.0
        ],
        [
          1244.0,
          53.0
        ],
        [
          1179.0,
          7.0
        ]
      ],
      "group_id": null,
      "shape_type": "polygon",
      "flags": {}
    },
    {
      "label": "oyster",
      "points": [
        [
          1378.0,
          618.0
        ],
        [
          1312.0,
          636.0
        ],
        [
          1271.0,
          658.0
        ],
        [
          1231.0,
          680.0
        ],
        [
          1176.0,
          697.0
        ],
        [
          1088.0,
          724.0
        ],
        [
          1041.0,
          752.0
        ],
        [
          981.0,
          796.0
        ],
        [
          962.0,
          862.0
        ],
        [
          984.0,
          935.0
        ],
        [
          997.0,
          1013.0
        ],
        [
          1023.0,
          1060.0
        ],
        [
          1091.0,
          1130.0
        ],
        [
          1134.0,
          1155.0
        ],
        [
          1184.0,
          1176.0
        ],
        [
          1235.0,
          1194.0
        ],
        [
          1438.0,
          1235.0
        ],
        [
          1431.0,
          626.0
        ]
      ],
      "group_id": null,
      "shape_type": "polygon",
      "flags": {}
    },
    {
      "label": "oyster",
      "points": [
        [
          540.0,
          150.0
        ],
        [
          572.0,
          213.0
        ],
        [
          586.0,
          309.0
        ],
        [
          301.0,
          257.0
        ],
        [
          224.0,
          241.0
        ],
        [
          150.0,
          238.0
        ],
        [
          65.0,
          244.0
        ],
        [
          19.0,
          299.0
        ],
        [
          6.0,
          625.0
        ],
        [
          70.0,
          635.0
        ],
        [
          114.0,
          616.0
        ],
        [
          225.0,
          621.0
        ],
        [
          280.0,
          639.0
        ],
        [
          320.0,
          656.0
        ],
        [
          562.0,
          660.0
        ],
        [
          680.0,
          581.0
        ],
        [
          658.0,
          516.0
        ],
        [
          639.0,
          466.0
        ],
        [
          655.0,
          412.0
        ],
        [
          672.0,
          375.0
        ],
        [
          680.0,
          245.0
        ],
        [
          635.0,
          181.0
        ],
        [
          584.0,
          154.0
        ]
      ],
      "group_id": null,
      "shape_type": "polygon",
      "flags": {}
    },
    {
      "label": "shell",
      "points": [
        [
          4.0,
          1521.0
        ],
        [
          4.0,
          1661.0
        ],
        [
          4.0,
          1825.0
        ],
        [
          26.0,
          1901.0
        ],
        [
          158.0,
          1915.0
        ],
        [
          398.0,
          1917.0
        ],
        [
          395.0,
          1795.0
        ],
        [
          375.0,
          1750.0
        ],
        [
          446.0,
          1593.0
        ],
        [
          316.0,
          1525.0
        ],
        [
          164.0,
          1467.0
        ]
      ],
      "group_id": null,
      "shape_type": "polygon",
      "flags": {}
    },
    {
      "label": "oyster",
      "points": [
        [
          699.0,
          2.0
        ],
        [
          587.0,
          20.0
        ],
        [
          557.0,
          92.0
        ],
        [
          586.0,
          141.0
        ],
        [
          640.0,
          176.0
        ],
        [
          700.0,
          243.0
        ],
        [
          760.0,
          285.0
        ],
        [
          805.0,
          305.0
        ],
        [
          874.0,
          331.0
        ],
        [
          957.0,
          279.0
        ],
        [
          964.0,
          160.0
        ],
        [
          946.0,
          63.0
        ],
        [
          917.0,
          7.0
        ]
      ],
      "group_id": null,
      "shape_type": "polygon",
      "flags": {}
    },
    {
      "label": "oyster",
      "points": [
        [
          468.0,
          31.0
        ],
        [
          568.0,
          265.0
        ],
        [
          84.0,
          157.0
        ],
        [
          20.0,
          1.0
        ],
        [
          456.0,
          3.0
        ]
      ],
      "group_id": null,
      "shape_type": "polygon",
      "flags": {}
    },
    {
      "label": "oyster",
      "points": [
        [
          1430.0,
          1273.0
        ],
        [
          1116.0,
          1311.0
        ],
        [
          1294.0,
          1475.0
        ],
        [
          1439.0,
          1532.0
        ]
      ],
      "group_id": null,
      "shape_type": "polygon",
      "flags": {}
    },
    {
      "label": "shell",
      "points": [
        [
          1184.0,
          561.0
        ],
        [
          544.0,
          921.0
        ],
        [
          644.0,
          1341.0
        ],
        [
          956.0,
          1375.0
        ],
        [
          1102.0,
          1303.0
        ],
        [
          1439.0,
          1260.0
        ],
        [
          1439.0,
          1247.0
        ],
        [
          1134.0,
          1185.0
        ],
        [
          978.0,
          1021.0
        ],
        [
          948.0,
          835.0
        ],
        [
          972.0,
          765.0
        ],
        [
          1342.0,
          615.0
        ]
      ],
      "group_id": null,
      "shape_type": "polygon",
      "flags": {}
    },
    {
      "label": "shell",
      "points": [
        [
          42.0,
          1097.0
        ],
        [
          264.0,
          1031.0
        ],
        [
          358.0,
          817.0
        ],
        [
          292.0,
          651.0
        ],
        [
          198.0,
          595.0
        ],
        [
          18.0,
          635.0
        ],
        [
          74.0,
          821.0
        ],
        [
          10.0,
          1087.0
        ]
      ],
      "group_id": null,
      "shape_type": "polygon",
      "flags": {}
    }
  ],
  "imagePath": "11.jpg",
  "imageData": null,
  "imageHeight": 1920,
  "imageWidth": 1440
}