{
  "version": "4.5.6",
  "flags": {},
  "shapes": [
    {
      "label": "oyster",
      "points": [
        [
          791.0,
          1509.0
        ],
        [
          729.0,
          1528.0
        ],
        [
          627.0,
          1630.0
        ],
        [
          577.0,
          1697.0
        ],
        [
          551.0,
          1741.0
        ],
        [
          535.0,
          1868.0
        ],
        [
          567.0,
          1904.0
        ],
        [
          990.0,
          1919.0
        ],
        [
          1132.0,
          1743.0
        ],
        [
          1007.0,
          1642.0
        ],
        [
          984.0,
          1602.0
        ],
        [
          934.0,
          1553.0
        ],
        [
          897.0,
          1534.0
        ],
        [
          848.0,
          1513.0
        ]
      ],
      "group_id": null,
      "shape_type": "polygon",
      "flags": {}
    },
    {
      "label": "oyster",
      "points": [
        [
          1088.0,
          5.0
        ],
        [
          1008.0,
          41.0
        ],
        [
          1005.0,
          212.0
        ],
        [
          1023.0,
          304.0
        ],
        [
          1040.0,
          367.0
        ],
        [
          1059.0,
          415.0
        ],
        [
          1077.0,
          454.0
        ],
        [
          1101.0,
          497.0
        ],
        [
          1119.0,
          537.0
        ],
        [
          1204.0,
          625.0
        ],
        [
          1370.0,
          723.0
        ],
        [
          1438.0,
          723.0
        ],
        [
          1422.0,
          373.0
        ],
        [
          1392.0,
          335.0
        ],
        [
          1314.0,
          256.0
        ],
        [
          1264.0,
          188.0
        ],
        [
          1224.0,
          131.0
        ],
        [
          1195.0,
          84.0
        ],
        [
          1162.0,
          33.0
        ]
      ],
      "group_id": null,
      "shape_type": "polygon",
      "flags": {}
    },
    {
      "label": "oyster",
      "points": [
        [
          584.0,
          259.0
        ],
        [
          575.0,
          331.0
        ],
        [
          438.0,
          361.0
        ],
        [
          323.0,
          344.0
        ],
        [
          236.0,
          330.0
        ],
        [
          154.0,
          337.0
        ],
        [
          95.0,
          364.0
        ],
        [
          62.0,
          424.0
        ],
        [
          22.0,
          470.0
        ],
        [
          35.0,
          742.0
        ],
        [
          86.0,
          735.0
        ],
        [
          135.0,
          716.0
        ],
        [
          229.0,
          710.0
        ],
        [
          304.0,
          727.0
        ],
        [
          343.0,
          745.0
        ],
        [
          515.0,
          762.0
        ],
        [
          648.0,
          746.0
        ],
        [
          740.0,
          703.0
        ],
        [
          721.0,
          615.0
        ],
        [
          712.0,
          544.0
        ],
        [
          730.0,
          486.0
        ],
        [
          724.0,
          350.0
        ],
        [
          684.0,
          289.0
        ],
        [
          620.0,
          265.0
        ]
      ],
      "group_id": null,
      "shape_type": "polygon",
      "flags": {}
    },
    {
      "label": "oyster",
      "points": [
        [
          1436.0,
          729.0
        ],
        [
          1305.0,
          755.0
        ],
        [
          1252.0,
          779.0
        ],
        [
          1214.0,
          797.0
        ],
        [
          1156.0,
          814.0
        ],
        [
          1110.0,
          840.0
        ],
        [
          1063.0,
          865.0
        ],
        [
          1006.0,
          927.0
        ],
        [
          1016.0,
          1083.0
        ],
        [
          1035.0,
          1140.0
        ],
        [
          1100.0,
          1218.0
        ],
        [
          1145.0,
          1244.0
        ],
        [
          1196.0,
          1269.0
        ],
        [
          1253.0,
          1288.0
        ],
        [
          1304.0,
          1308.0
        ],
        [
          1361.0,
          1325.0
        ],
        [
          1438.0,
          1361.0
        ]
      ],
      "group_id": null,
      "shape_type": "polygon",
      "flags": {}
    },
    {
      "label": "oyster",
      "points": [
        [
          739.0,
          3.0
        ],
        [
          603.0,
          17.0
        ],
        [
          468.0,
          7.0
        ],
        [
          538.0,
          125.0
        ],
        [
          556.0,
          167.0
        ],
        [
          602.0,
          232.0
        ],
        [
          643.0,
          251.0
        ],
        [
          703.0,
          295.0
        ],
        [
          763.0,
          343.0
        ],
        [
          806.0,
          397.0
        ],
        [
          876.0,
          439.0
        ],
        [
          988.0,
          423.0
        ],
        [
          1010.0,
          328.0
        ],
        [
          994.0,
          195.0
        ],
        [
          982.0,
          1.0
        ]
      ],
      "group_id": null,
      "shape_type": "polygon",
      "flags": {}
    },
    {
      "label": "oyster",
      "points": [
        [
          14.0,
          707.0
        ],
        [
          16.0,
          1153.0
        ],
        [
          73.0,
          1081.0
        ],
        [
          90.0,
          1031.0
        ],
        [
          108.0,
          956.0
        ],
        [
          95.0,
          830.0
        ],
        [
          77.0,
          782.0
        ],
        [
          53.0,
          737.0
        ]
      ],
      "group_id": null,
      "shape_type": "polygon",
      "flags": {}
    },
    {
      "label": "oyster",
      "points": [
        [
          215.0,
          102.0
        ],
        [
          99.0,
          127.0
        ],
        [
          109.0,
          196.0
        ],
        [
          129.0,
          242.0
        ],
        [
          149.0,
          305.0
        ],
        [
          189.0,
          337.0
        ],
        [
          268.0,
          362.0
        ],
        [
          368.0,
          362.0
        ],
        [
          496.0,
          361.0
        ],
        [
          655.0,
          343.0
        ],
        [
          633.0,
          276.0
        ],
        [
          566.0,
          254.0
        ],
        [
          500.0,
          189.0
        ],
        [
          457.0,
          166.0
        ],
        [
          414.0,
          145.0
        ],
        [
          227.0,
          103.0
        ]
      ],
      "group_id": null,
      "shape_type": "polygon",
      "flags": {}
    },
    {
      "label": "oyster",
      "points": [
        [
          756.0,
          655.0
        ],
        [
          884.0,
          575.0
        ],
        [
          976.0,
          583.0
        ],
        [
          1036.0,
          633.0
        ],
        [
          1000.0,
          787.0
        ],
        [
          898.0,
          863.0
        ],
        [
          656.0,
          965.0
        ],
        [
          582.0,
          1061.0
        ],
        [
          568.0,
          1125.0
        ],
        [
          486.0,
          1147.0
        ],
        [
          418.0,
          1089.0
        ],
        [
          360.0,
          1029.0
        ],
        [
          398.0,
          897.0
        ],
        [
          348.0,
          781.0
        ],
        [
          630.0,
          787.0
        ],
        [
          766.0,
          725.0
        ]
      ],
      "group_id": null,
      "shape_type": "polygon",
      "flags": {}
    },
    {
      "label": "oyster",
      "points": [
        [
          1424.0,
          1689.0
        ],
        [
          1296.0,
          1681.0
        ],
        [
          1160.0,
          1743.0
        ],
        [
          1010.0,
          1917.0
        ],
        [
          1436.0,
          1913.0
        ]
      ],
      "group_id": null,
      "shape_type": "polygon",
      "flags": {}
    },
    {
      "label": "oyster",
      "points": [
        [
          1434.0,
          1613.0
        ],
        [
          1246.0,
          1503.0
        ],
        [
          1146.0,
          1411.0
        ],
        [
          1390.0,
          1355.0
        ],
        [
          1434.0,
          1373.0
        ]
      ],
      "group_id": null,
      "shape_type": "polygon",
      "flags": {}
    },
    {
      "label": "shell",
      "points": [
        [
          98.0,
          735.0
        ],
        [
          202.0,
          717.0
        ],
        [
          308.0,
          745.0
        ],
        [
          382.0,
          863.0
        ],
        [
          338.0,
          1077.0
        ],
        [
          268.0,
          1153.0
        ],
        [
          24.0,
          1185.0
        ],
        [
          112.0,
          1001.0
        ],
        [
          104.0,
          815.0
        ],
        [
          66.0,
          743.0
        ]
      ],
      "group_id": null,
      "shape_type": "polygon",
      "flags": {}
    },
    {
      "label": "shell",
      "points": [
        [
          476.0,
          1697.0
        ],
        [
          430,
          1919
        ],
        [
          156,
          1919
        ],
        [
          66.0,
          1833.0
        ],
        [
          108.0,
          1621.0
        ],
        [
          208.0,
          1561.0
        ],
        [
          350.0,
          1607.0
        ]
      ],
      "group_id": null,
      "shape_type": "polygon",
      "flags": {}
    }
  ],
  "imagePath": "12.jpg",
  "imageData": null,
  "imageHeight": 1920,
  "imageWidth": 1440
}