{
  "version": "4.5.6",
  "flags": {},
  "shapes": [
    {
      "label": "oyster",
      "points": [
        [
          816.8888888888889,
          1522.4444444444443
        ],
        [
          757.8888888888889,
          1550.4444444444443
        ],
        [
          667.8888888888889,
          1634.4444444444443
        ],
        [
          622.8888888888889,
          1693.4444444444443
        ],
        [
          593.8888888888889,
          1741.4444444444443
        ],
        [
          581.8888888888889,
          1820.4444444444443
        ],
        [
          978.8888888888891,
          1898.4444444444443
        ],
        [
          1036.8888888888903,
          1875.4444444444443
        ],
        [
          1055.8888888888907,
          1835.4444444444443
        ],
        [
          1066.8888888888907,
          1760.4444444444443
        ],
        [
          1023.8888888888907,
          1688.4444444444443
        ],
        [
          999.8888888888898,
          1646.4444444444443
        ],
        [
          962.8888888888889,
          1591.4444444444443
        ],
        [
          886.8888888888889,
          1532.4444444444443
        ]
      ],
      "group_id": null,
      "shape_type": "polygon",
      "flags": {}
    },
    {
      "label": "oyster",
      "points": [
        [
          603.0,
          1.0
        ],
        [
          502.0,
          3.0
        ],
        [
          525.0,
          134.0
        ],
        [
          570.0,
          187.0
        ],
        [
          594.0,
          230.0
        ],
        [
          649.0,
          286.0
        ],
        [
          688.0,
          319.0
        ],
        [
          759.0,
          389.0
        ],
        [
          827.0,
          443.0
        ],
        [
          869.0,
          467.0
        ],
        [
          911.0,
          491.0
        ],
        [
          1016.0,
          455.0
        ],
        [
          1015.0,
          209.0
        ],
        [
          995.0,
          123.0
        ],
        [
          969.0,
          77.0
        ],
        [
          912.0,
          11.0
        ]
      ],
      "group_id": null,
      "shape_type": "polygon",
      "flags": {}
    },
    {
      "label": "shell",
      "points": [
        [
          1104.0,
          48.0
        ],
        [
          1050.0,
          83.0
        ],
        [
          1032.0,
          173.0
        ],
        [
          1046.0,
          333.0
        ],
        [
          1063.0,
          411.0
        ],
        [
          1081.0,
          463.0
        ],
        [
          1099.0,
          509.0
        ],
        [
          1125.0,
          553.0
        ],
        [
          1145.0,
          594.0
        ],
        [
          1211.0,
          675.0
        ],
        [
          1276.0,
          724.0
        ],
        [
          1437.5555555555557,
          763.8888888888889
        ],
        [
          1424.0,
          402.0
        ],
        [
          1396.0,
          353.0
        ],
        [
          1295.0,
          311.0
        ],
        [
          1261.0,
          259.0
        ],
        [
          1238.0,
          217.0
        ],
        [
          1218.0,
          177.0
        ],
        [
          1177.0,
          118.0
        ],
        [
          1131.0,
          64.0
        ]
      ],
      "group_id": null,
      "shape_type": "polygon",
      "flags": {}
    },
    {
      "label": "oyster",
      "points": [
        [
          637.0,
          348.0
        ],
        [
          616.0,
          404.0
        ],
        [
          492.0,
          422.0
        ],
        [
          358.0,
          405.0
        ],
        [
          291.0,
          382.0
        ],
        [
          208.0,
          376.0
        ],
        [
          143.0,
          433.0
        ],
        [
          76.0,
          506.0
        ],
        [
          25.0,
          541.0
        ],
        [
          30.0,
          765.0
        ],
        [
          104.0,
          787.0
        ],
        [
          179.0,
          771.0
        ],
        [
          305.0,
          774.0
        ],
        [
          373.0,
          792.0
        ],
        [
          450.0,
          809.0
        ],
        [
          681.0,
          805.0
        ],
        [
          729.0,
          787.0
        ],
        [
          776.0,
          698.0
        ],
        [
          781.0,
          459.0
        ],
        [
          762.0,
          415.0
        ],
        [
          695.0,
          350.0
        ]
      ],
      "group_id": null,
      "shape_type": "polygon",
      "flags": {}
    },
    {
      "label": "oyster",
      "points": [
        [
          29.0,
          642.0
        ],
        [
          7.0,
          1279.0
        ],
        [
          41.0,
          1248.0
        ],
        [
          65.0,
          1204.0
        ],
        [
          113.0,
          1138.0
        ],
        [
          137.0,
          1092.0
        ],
        [
          154.0,
          1034.0
        ],
        [
          150.0,
          884.0
        ],
        [
          133.0,
          804.0
        ],
        [
          141.72222222222223,
          755.5555555555555
        ],
        [
          148.66666666666669,
          652.7777777777778
        ],
        [
          55.0,
          651.0
        ]
      ],
      "group_id": null,
      "shape_type": "polygon",
      "flags": {}
    },
    {
      "label": "oyster",
      "points": [
        [
          1439.0,
          787.0
        ],
        [
          1300.0,
          823.0
        ],
        [
          1254.0,
          845.0
        ],
        [
          1170.0,
          863.0
        ],
        [
          1106.0,
          902.0
        ],
        [
          1042.0,
          970.0
        ],
        [
          1039.0,
          1077.0
        ],
        [
          1057.0,
          1176.0
        ],
        [
          1101.0,
          1238.0
        ],
        [
          1164.0,
          1283.0
        ],
        [
          1216.0,
          1310.0
        ],
        [
          1260.0,
          1330.0
        ],
        [
          1313.0,
          1354.0
        ],
        [
          1441.0,
          1429.0
        ],
        [
          1436.0,
          895.0
        ]
      ],
      "group_id": null,
      "shape_type": "polygon",
      "flags": {}
    },
    {
      "label": "oyster",
      "points": [
        [
          239.0,
          192.0
        ],
        [
          176.0,
          211.0
        ],
        [
          180.0,
          288.0
        ],
        [
          202.0,
          335.0
        ],
        [
          245.0,
          382.0
        ],
        [
          283.0,
          402.0
        ],
        [
          330.0,
          420.0
        ],
        [
          406.0,
          438.0
        ],
        [
          548.0,
          443.0
        ],
        [
          651.0,
          423.0
        ],
        [
          625.0,
          340.0
        ],
        [
          561.0,
          287.0
        ],
        [
          512.0,
          256.0
        ],
        [
          467.0,
          233.0
        ],
        [
          354.0,
          193.0
        ]
      ],
      "group_id": null,
      "shape_type": "polygon",
      "flags": {}
    },
    {
      "label": "oyster",
      "points": [
        [
          1214.0,
          1437.0
        ],
        [
          1324.0,
          1393.0
        ],
        [
          1434.0,
          1433.0
        ],
        [
          1439.0,
          1547.0
        ],
        [
          1439.0,
          1657.0
        ],
        [
          1298.0,
          1583.0
        ]
      ],
      "group_id": null,
      "shape_type": "polygon",
      "flags": {}
    },
    {
      "label": "oyster",
      "points": [
        [
          1436.0,
          1723.0
        ],
        [
          1326.0,
          1721.0
        ],
        [
          1240.0,
          1765.0
        ],
        [
          1070.0,
          1919.0
        ],
        [
          1430.0,
          1911.0
        ]
      ],
      "group_id": null,
      "shape_type": "polygon",
      "flags": {}
    },
    {
      "label": "shell",
      "points": [
        [
          186.16666666666669,
          1912.5
        ],
        [
          125.05555555555557,
          1838.888888888889
        ],
        [
          168.11111111111111,
          1684.7222222222222
        ],
        [
          250.05555555555554,
          1651.388888888889
        ],
        [
          498.66666666666674,
          1658.3333333333335
        ],
        [
          472.2777777777778,
          1918.0555555555557
        ]
      ],
      "group_id": null,
      "shape_type": "polygon",
      "flags": {}
    },
    {
      "label": "shell",
      "points": [
        [
          100.0,
          1233.0
        ],
        [
          356.0,
          1173.0
        ],
        [
          450.0,
          1023.0
        ],
        [
          404.0,
          819.0
        ],
        [
          298.0,
          773.0
        ],
        [
          148.0,
          791.0
        ],
        [
          174.0,
          953.0
        ]
      ],
      "group_id": null,
      "shape_type": "polygon",
      "flags": {}
    },
    {
      "label": "shell",
      "points": [
        [
          1234.0,
          705.0
        ],
        [
          1358.0,
          785.0
        ],
        [
          1126.0,
          879.0
        ],
        [
          1026.0,
          957.0
        ],
        [
          1030.0,
          1145.0
        ],
        [
          1064.0,
          1247.0
        ],
        [
          1320.0,
          1383.0
        ],
        [
          1144.0,
          1479.0
        ],
        [
          884.0,
          1479.0
        ],
        [
          766.0,
          1433.0
        ],
        [
          638.0,
          1241.0
        ],
        [
          638.0,
          1035.0
        ],
        [
          1114.0,
          739.0
        ]
      ],
      "group_id": null,
      "shape_type": "polygon",
      "flags": {}
    }
  ],
  "imagePath": "13.jpg",
  "imageData": null,
  "imageHeight": 1920,
  "imageWidth": 1440
}