{
  "version": "4.5.6",
  "flags": {},
  "shapes": [
    {
      "label": "oyster",
      "points": [
        [
          219.0,
          540.0
        ],
        [
          121.0,
          572.0
        ],
        [
          74.0,
          592.0
        ],
        [
          17.0,
          629.0
        ],
        [
          3.0,
          1449.0
        ],
        [
          57.0,
          1435.0
        ],
        [
          76.0,
          1393.0
        ],
        [
          96.0,
          1350.0
        ],
        [
          122.0,
          1304.0
        ],
        [
          158.0,
          1251.0
        ],
        [
          187.0,
          1204.0
        ],
        [
          255.0,
          1119.0
        ],
        [
          286.0,
          1070.0
        ],
        [
          323.0,
          1016.0
        ],
        [
          342.0,
          974.0
        ],
        [
          361.0,
          929.0
        ],
        [
          378.0,
          847.0
        ],
        [
          362.0,
          701.0
        ],
        [
          386.0,
          629.0
        ],
        [
          364.0,
          511.0
        ]
      ],
      "group_id": null,
      "shape_type": "polygon",
      "flags": {}
    },
    {
      "label": "oyster",
      "points": [
        [
          1036.0,
          1396.0
        ],
        [
          978.0,
          1416.0
        ],
        [
          901.0,
          1501.0
        ],
        [
          875.0,
          1546.0
        ],
        [
          851.0,
          1595.0
        ],
        [
          830.0,
          1648.0
        ],
        [
          825.0,
          1887.0
        ],
        [
          1136.0,
          1899.0
        ],
        [
          1159.0,
          1862.0
        ],
        [
          1178.0,
          1810.0
        ],
        [
          1216.0,
          1768.0
        ],
        [
          1279.0,
          1723.0
        ],
        [
          1323.0,
          1663.0
        ],
        [
          1296.0,
          1563.0
        ],
        [
          1234.0,
          1506.0
        ],
        [
          1187.0,
          1448.0
        ],
        [
          1145.0,
          1425.0
        ],
        [
          1092.0,
          1403.0
        ]
      ],
      "group_id": null,
      "shape_type": "polygon",
      "flags": {}
    },
    {
      "label": "oyster",
      "points": [
        [
          862.7777777777778,
          217.44444444444446
        ],
        [
          888.0,
          333.0
        ],
        [
          758.0,
          303.0
        ],
        [
          624.0,
          285.0
        ],
        [
          467.0,
          270.0
        ],
        [
          410.0,
          276.0
        ],
        [
          363.0,
          303.0
        ],
        [
          283.0,
          376.0
        ],
        [
          238.0,
          400.0
        ],
        [
          193.0,
          427.0
        ],
        [
          161.0,
          493.0
        ],
        [
          286.0,
          505.0
        ],
        [
          368.0,
          491.0
        ],
        [
          436.0,
          617.0
        ],
        [
          535.0,
          637.0
        ],
        [
          589.0,
          656.0
        ],
        [
          630.0,
          677.0
        ],
        [
          867.0,
          689.0
        ],
        [
          923.0,
          671.0
        ],
        [
          976.0,
          631.0
        ],
        [
          979.0,
          338.0
        ],
        [
          960.0,
          279.0
        ],
        [
          928.0,
          228.0
        ]
      ],
      "group_id": null,
      "shape_type": "polygon",
      "flags": {}
    },
    {
      "label": "oyster",
      "points": [
        [
          1434.0,
          1631.0
        ],
        [
          1370.0,
          1645.0
        ],
        [
          1265.0,
          1768.0
        ],
        [
          1221.0,
          1795.0
        ],
        [
          1176.0,
          1919.0
        ],
        [
          1428.0,
          1909.0
        ]
      ],
      "group_id": null,
      "shape_type": "polygon",
      "flags": {}
    },
    {
      "label": "oyster",
      "points": [
        [
          1367.0,
          1.0
        ],
        [
          1251.0,
          35.0
        ],
        [
          1254.0,
          276.0
        ],
        [
          1273.0,
          323.0
        ],
        [
          1290.0,
          370.0
        ],
        [
          1309.0,
          414.0
        ],
        [
          1326.0,
          456.0
        ],
        [
          1354.0,
          507.0
        ],
        [
          1408.0,
          544.0
        ],
        [
          1430.0,
          5.0
        ]
      ],
      "group_id": null,
      "shape_type": "polygon",
      "flags": {}
    },
    {
      "label": "oyster",
      "points": [
        [
          1045.0,
          530.7777777777777
        ],
        [
          990.0,
          626.0
        ],
        [
          926.0,
          671.0
        ],
        [
          882.0,
          689.0
        ],
        [
          723.0,
          699.0
        ],
        [
          649.0,
          728.0
        ],
        [
          667.0,
          790.0
        ],
        [
          649.0,
          915.0
        ],
        [
          682.0,
          999.0
        ],
        [
          776.0,
          1031.0
        ],
        [
          840.0,
          986.0
        ],
        [
          892.0,
          926.0
        ],
        [
          965.0,
          864.0
        ],
        [
          1006.0,
          842.0
        ],
        [
          1049.0,
          821.0
        ],
        [
          1104.0,
          787.0
        ],
        [
          1163.0,
          742.0
        ],
        [
          1247.2222222222222,
          659.6666666666666
        ],
        [
          1227.2222222222222,
          577.4444444444445
        ],
        [
          1165.0,
          510.7777777777777
        ]
      ],
      "group_id": null,
      "shape_type": "polygon",
      "flags": {}
    },
    {
      "label": "shell",
      "points": [
        [
          1314.0,
          694.0
        ],
        [
          1276.0,
          751.0
        ],
        [
          1259.0,
          795.0
        ],
        [
          1228.0,
          843.0
        ],
        [
          1228.0,
          915.0
        ],
        [
          1246.0,
          980.0
        ],
        [
          1266.0,
          1054.0
        ],
        [
          1322.0,
          1119.0
        ],
        [
          1369.0,
          1140.0
        ],
        [
          1418.0,
          1167.0
        ],
        [
          1414.0,
          721.0
        ],
        [
          1355.0,
          697.0
        ]
      ],
      "group_id": null,
      "shape_type": "polygon",
      "flags": {}
    },
    {
      "label": "oyster",
      "points": [
        [
          1126.0,
          395.0
        ],
        [
          1210.0,
          277.0
        ],
        [
          1216.0,
          9.0
        ],
        [
          770.0,
          7.0
        ],
        [
          844.0,
          167.0
        ],
        [
          934.0,
          215.0
        ],
        [
          984.0,
          293.0
        ],
        [
          1024.0,
          349.0
        ]
      ],
      "group_id": null,
      "shape_type": "polygon",
      "flags": {}
    },
    {
      "label": "oyster",
      "points": [
        [
          406.0,
          205.0
        ],
        [
          398.0,
          119.0
        ],
        [
          420.0,
          75.0
        ],
        [
          504.0,
          53.0
        ],
        [
          624.0,
          53.0
        ],
        [
          752.0,
          135.0
        ],
        [
          816.0,
          223.0
        ],
        [
          870.0,
          319.0
        ],
        [
          806.0,
          311.0
        ],
        [
          660.0,
          273.0
        ],
        [
          530.0,
          239.0
        ]
      ],
      "group_id": null,
      "shape_type": "polygon",
      "flags": {}
    },
    {
      "label": "shell",
      "points": [
        [
          748.6666666666667,
          1573.611111111111
        ],
        [
          700.0555555555555,
          1709.7222222222224
        ],
        [
          719.5,
          1820.8333333333335
        ],
        [
          565.3333333333334,
          1884.7222222222224
        ],
        [
          341.72222222222223,
          1836.111111111111
        ],
        [
          200.05555555555554,
          1713.888888888889
        ],
        [
          173.66666666666669,
          1579.1666666666667
        ],
        [
          290.33333333333337,
          1533.3333333333335
        ],
        [
          291.72222222222223,
          1483.3333333333335
        ],
        [
          138.94444444444446,
          1494.4444444444446
        ],
        [
          147.2777777777778,
          1397.2222222222222
        ],
        [
          259.77777777777777,
          1255.5555555555557
        ],
        [
          515.3333333333334,
          1173.611111111111
        ],
        [
          683.3888888888889,
          1202.7777777777778
        ],
        [
          783.3888888888889,
          1212.5
        ],
        [
          863.9444444444445,
          1318.0555555555557
        ],
        [
          802.8333333333334,
          1556.9444444444446
        ]
      ],
      "group_id": null,
      "shape_type": "polygon",
      "flags": {}
    },
    {
      "label": "shell",
      "points": [
        [
          326.0,
          1113.0
        ],
        [
          574.0,
          1035.0
        ],
        [
          648.0,
          915.0
        ],
        [
          668.0,
          829.0
        ],
        [
          640.0,
          679.0
        ],
        [
          544.0,
          623.0
        ],
        [
          464.0,
          613.0
        ],
        [
          384.0,
          645.0
        ],
        [
          382.0,
          831.0
        ],
        [
          372.0,
          971.0
        ],
        [
          284.0,
          1087.0
        ]
      ],
      "group_id": null,
      "shape_type": "polygon",
      "flags": {}
    },
    {
      "label": "shell",
      "points": [
        [
          448.0,
          7.0
        ],
        [
          338.0,
          173.0
        ],
        [
          0.0,
          100.0
        ],
        [
          0.0,
          3.0
        ],
        [
          342.0,
          0.0
        ]
      ],
      "group_id": null,
      "shape_type": "polygon",
      "flags": {}
    },
    {
      "label": "shell",
      "points": [
        [
          1418.0,
          579.0
        ],
        [
          1258.0,
          699.0
        ],
        [
          1068.0,
          817.0
        ],
        [
          898.0,
          887.0
        ],
        [
          854.0,
          963.0
        ],
        [
          876.0,
          1091.0
        ],
        [
          942.0,
          1293.0
        ],
        [
          1136.0,
          1349.0
        ],
        [
          1439.0,
          1374.0
        ],
        [
          1438.0,
          1207.0
        ],
        [
          1306.0,
          1123.0
        ],
        [
          1212.0,
          887.0
        ],
        [
          1232.0,
          793.0
        ],
        [
          1302.0,
          679.0
        ],
        [
          1439.0,
          714.0
        ],
        [
          1439.0,
          587.0
        ]
      ],
      "group_id": null,
      "shape_type": "polygon",
      "flags": {}
    }
  ],
  "imagePath": "16.jpg",
  "imageData": null,
  "imageHeight": 1920,
  "imageWidth": 1440
}