{
  "version": "4.5.6",
  "flags": {},
  "shapes": [
    {
      "label": "oyster",
      "points": [
        [
          343.0,
          653.0
        ],
        [
          219.0,
          667.0
        ],
        [
          152.0,
          698.0
        ],
        [
          101.0,
          716.0
        ],
        [
          37.0,
          749.0
        ],
        [
          3.0,
          1595.0
        ],
        [
          91.0,
          1577.0
        ],
        [
          142.0,
          1522.0
        ],
        [
          164.0,
          1482.0
        ],
        [
          182.0,
          1445.0
        ],
        [
          212.0,
          1398.0
        ],
        [
          239.0,
          1351.0
        ],
        [
          257.0,
          1312.0
        ],
        [
          313.0,
          1238.0
        ],
        [
          333.0,
          1201.0
        ],
        [
          368.0,
          1148.0
        ],
        [
          390.0,
          1108.0
        ],
        [
          412.0,
          1067.0
        ],
        [
          430.0,
          1029.0
        ],
        [
          447.0,
          986.0
        ],
        [
          459.0,
          868.0
        ],
        [
          442.0,
          796.0
        ],
        [
          424.0,
          752.0
        ],
        [
          407.0,
          696.0
        ],
        [
          371.0,
          659.0
        ]
      ],
      "group_id": null,
      "shape_type": "polygon",
      "flags": {}
    },
    {
      "label": "oyster",
      "points": [
        [
          952.0,
          311.0
        ],
        [
          909.0,
          352.0
        ],
        [
          841.0,
          381.0
        ],
        [
          813.0,
          340.0
        ],
        [
          687.0,
          335.0
        ],
        [
          573.0,
          321.0
        ],
        [
          508.0,
          345.0
        ],
        [
          403.0,
          438.0
        ],
        [
          347.0,
          477.0
        ],
        [
          300.0,
          502.0
        ],
        [
          246.0,
          542.0
        ],
        [
          258.0,
          602.0
        ],
        [
          345.0,
          611.0
        ],
        [
          453.0,
          675.0
        ],
        [
          500.0,
          734.0
        ],
        [
          638.0,
          741.0
        ],
        [
          687.0,
          759.0
        ],
        [
          785.0,
          776.0
        ],
        [
          1015.0,
          762.0
        ],
        [
          1058.0,
          699.0
        ],
        [
          1048.0,
          617.0
        ],
        [
          1055.0,
          437.0
        ],
        [
          1037.0,
          374.0
        ],
        [
          997.0,
          327.0
        ]
      ],
      "group_id": null,
      "shape_type": "polygon",
      "flags": {}
    },
    {
      "label": "oyster",
      "points": [
        [
          1100.0,
          1474.0
        ],
        [
          1017.0,
          1522.0
        ],
        [
          980.0,
          1575.0
        ],
        [
          953.0,
          1619.0
        ],
        [
          933.0,
          1663.0
        ],
        [
          912.0,
          1703.0
        ],
        [
          898.0,
          1919.0
        ],
        [
          1046.0,
          1908.0
        ],
        [
          1264.0,
          1913.0
        ],
        [
          1312.0,
          1843.0
        ],
        [
          1438.0,
          1771.0
        ],
        [
          1436.0,
          1711.0
        ],
        [
          1286.0,
          1587.0
        ],
        [
          1214.0,
          1508.0
        ],
        [
          1164.0,
          1481.0
        ]
      ],
      "group_id": null,
      "shape_type": "polygon",
      "flags": {}
    },
    {
      "label": "oyster",
      "points": [
        [
          925.0,
          1.0
        ],
        [
          797.0,
          48.0
        ],
        [
          851.0,
          163.0
        ],
        [
          871.0,
          208.0
        ],
        [
          890.0,
          244.0
        ],
        [
          943.0,
          295.0
        ],
        [
          984.0,
          313.0
        ],
        [
          1037.0,
          364.0
        ],
        [
          1058.0,
          414.0
        ],
        [
          1094.0,
          453.0
        ],
        [
          1136.0,
          471.0
        ],
        [
          1203.0,
          474.0
        ],
        [
          1256.0,
          438.0
        ],
        [
          1303.0,
          378.0
        ],
        [
          1270.0,
          9.0
        ]
      ],
      "group_id": null,
      "shape_type": "polygon",
      "flags": {}
    },
    {
      "label": "oyster",
      "points": [
        [
          10.0,
          380.0
        ],
        [
          22.0,
          761.0
        ],
        [
          70.0,
          734.0
        ],
        [
          115.0,
          713.0
        ],
        [
          177.0,
          667.0
        ],
        [
          189.0,
          508.0
        ],
        [
          153.0,
          429.0
        ],
        [
          110.0,
          405.0
        ],
        [
          56.0,
          385.0
        ]
      ],
      "group_id": null,
      "shape_type": "polygon",
      "flags": {}
    },
    {
      "label": "shell",
      "points": [
        [
          281.0,
          0.0
        ],
        [
          84.0,
          1.0
        ],
        [
          78.0,
          73.0
        ],
        [
          134.0,
          127.0
        ],
        [
          194.0,
          189.0
        ],
        [
          316.0,
          223.0
        ],
        [
          378.0,
          205.0
        ],
        [
          432.0,
          213.0
        ],
        [
          583.0,
          156.0
        ],
        [
          632.0,
          115.0
        ],
        [
          655.0,
          74.0
        ],
        [
          668.0,
          10.0
        ]
      ],
      "group_id": null,
      "shape_type": "polygon",
      "flags": {}
    },
    {
      "label": "shell",
      "points": [
        [
          1414.0,
          35.0
        ],
        [
          1365.0,
          74.0
        ],
        [
          1347.0,
          123.0
        ],
        [
          1330.0,
          265.0
        ],
        [
          1346.0,
          423.0
        ],
        [
          1363.0,
          486.0
        ],
        [
          1383.0,
          537.0
        ],
        [
          1432.0,
          587.0
        ],
        [
          1434.0,
          38.0
        ]
      ],
      "group_id": null,
      "shape_type": "polygon",
      "flags": {}
    },
    {
      "label": "oyster",
      "points": [
        [
          1429.0,
          1797.0
        ],
        [
          1438.0,
          1913.0
        ],
        [
          1336.0,
          1913.0
        ],
        [
          1285.0,
          1894.0
        ],
        [
          1436.0,
          1809.0
        ]
      ],
      "group_id": null,
      "shape_type": "polygon",
      "flags": {}
    },
    {
      "label": "oyster",
      "points": [
        [
          1138.0,
          661.0
        ],
        [
          1080.0,
          693.0
        ],
        [
          1050.0,
          747.0
        ],
        [
          1002.0,
          771.0
        ],
        [
          940.0,
          788.0
        ],
        [
          784.0,
          786.0
        ],
        [
          730.0,
          823.0
        ],
        [
          749.0,
          875.0
        ],
        [
          746.0,
          975.0
        ],
        [
          728.0,
          1042.0
        ],
        [
          760.0,
          1109.0
        ],
        [
          862.0,
          1121.0
        ],
        [
          944.0,
          1045.0
        ],
        [
          1017.0,
          981.0
        ],
        [
          1069.0,
          952.0
        ],
        [
          1110.0,
          930.0
        ],
        [
          1151.0,
          908.0
        ],
        [
          1210.0,
          872.0
        ],
        [
          1229.0,
          812.0
        ],
        [
          1322.0,
          723.0
        ],
        [
          1224.0,
          611.0
        ]
      ],
      "group_id": null,
      "shape_type": "polygon",
      "flags": {}
    },
    {
      "label": "shell",
      "points": [
        [
          405.0,
          1291.0
        ],
        [
          371.0,
          1327.0
        ],
        [
          224.0,
          1483.0
        ],
        [
          206.0,
          1585.0
        ],
        [
          382.0,
          1583.0
        ],
        [
          260.0,
          1689.0
        ],
        [
          301.0,
          1734.0
        ],
        [
          313.0,
          1817.0
        ],
        [
          336.0,
          1859.0
        ],
        [
          470.0,
          1889.0
        ],
        [
          856.0,
          1858.0
        ],
        [
          820.0,
          1835.0
        ],
        [
          829.0,
          1782.0
        ],
        [
          834.0,
          1693.0
        ],
        [
          848.0,
          1596.0
        ],
        [
          859.0,
          1524.0
        ],
        [
          946.0,
          1479.0
        ],
        [
          928.0,
          1365.0
        ],
        [
          836.0,
          1289.0
        ],
        [
          730.0,
          1261.0
        ],
        [
          656.0,
          1231.0
        ],
        [
          542.0,
          1243.0
        ]
      ],
      "group_id": null,
      "shape_type": "polygon",
      "flags": {}
    },
    {
      "label": "oyster",
      "points": [
        [
          1422.0,
          1235.0
        ],
        [
          1314.0,
          1141.0
        ],
        [
          1248.0,
          935.0
        ],
        [
          1439.0,
          867.0
        ]
      ],
      "group_id": null,
      "shape_type": "polygon",
      "flags": {}
    },
    {
      "label": "oyster",
      "points": [
        [
          528.0,
          201.0
        ],
        [
          618.0,
          175.0
        ],
        [
          882.0,
          285.0
        ],
        [
          960.0,
          403.0
        ],
        [
          800.0,
          383.0
        ],
        [
          694.0,
          369.0
        ],
        [
          588.0,
          359.0
        ],
        [
          512.0,
          301.0
        ]
      ],
      "group_id": null,
      "shape_type": "polygon",
      "flags": {}
    },
    {
      "label": "shell",
      "points": [
        [
          496.0,
          1693.0
        ],
        [
          540.0,
          1585.0
        ],
        [
          700.0,
          1595.0
        ],
        [
          778.0,
          1643.0
        ],
        [
          770.0,
          1877.0
        ],
        [
          598.0,
          1919.0
        ],
        [
          528.0,
          1823.0
        ]
      ],
      "group_id": null,
      "shape_type": "polygon",
      "flags": {}
    },
    {
      "label": "shell",
      "points": [
        [
          1430.0,
          715.0
        ],
        [
          1206.0,
          889.0
        ],
        [
          1034.0,
          969.0
        ],
        [
          936.0,
          1039.0
        ],
        [
          974.0,
          1215.0
        ],
        [
          1026.0,
          1363.0
        ],
        [
          1252.0,
          1441.0
        ],
        [
          1439.0,
          1424.0
        ],
        [
          1439.0,
          1241.0
        ],
        [
          1332.0,
          1177.0
        ],
        [
          1256.0,
          1025.0
        ],
        [
          1242.0,
          943.0
        ],
        [
          1439.0,
          857.0
        ]
      ],
      "group_id": null,
      "shape_type": "polygon",
      "flags": {}
    },
    {
      "label": "shell",
      "points": [
        [
          476.0,
          729.0
        ],
        [
          656.0,
          729.0
        ],
        [
          766.0,
          839.0
        ],
        [
          738.0,
          1075.0
        ],
        [
          452.0,
          1169.0
        ],
        [
          346.0,
          1181.0
        ],
        [
          458.0,
          1003.0
        ],
        [
          456.0,
          771.0
        ]
      ],
      "group_id": null,
      "shape_type": "polygon",
      "flags": {}
    }
  ],
  "imagePath": "18.jpg",
  "imageData": null,
  "imageHeight": 1920,
  "imageWidth": 1440
}