{
  "version": "4.5.6",
  "flags": {},
  "shapes": [
    {
      "label": "oyster",
      "points": [
        [
          338.0,
          769.0
        ],
        [
          209.0,
          792.0
        ],
        [
          152.0,
          824.0
        ],
        [
          94.0,
          860.0
        ],
        [
          32.0,
          896.0
        ],
        [
          2.0,
          948.0
        ],
        [
          6.0,
          1719.0
        ],
        [
          150.0,
          1630.0
        ],
        [
          188.0,
          1580.0
        ],
        [
          205.0,
          1539.0
        ],
        [
          228.0,
          1493.0
        ],
        [
          253.0,
          1448.0
        ],
        [
          275.0,
          1407.0
        ],
        [
          302.0,
          1363.0
        ],
        [
          352.0,
          1300.0
        ],
        [
          374.0,
          1257.0
        ],
        [
          398.0,
          1216.0
        ],
        [
          428.0,
          1168.0
        ],
        [
          449.0,
          1130.0
        ],
        [
          467.0,
          1084.0
        ],
        [
          469.0,
          860.0
        ],
        [
          449.0,
          809.0
        ],
        [
          422.0,
          776.0
        ]
      ],
      "group_id": null,
      "shape_type": "polygon",
      "flags": {}
    },
    {
      "label": "oyster",
      "points": [
        [
          570.0,
          343.0
        ],
        [
          546.0,
          381.0
        ],
        [
          509.0,
          449.0
        ],
        [
          439.0,
          536.0
        ],
        [
          372.0,
          591.0
        ],
        [
          331.0,
          612.0
        ],
        [
          271.0,
          660.0
        ],
        [
          278.0,
          732.0
        ],
        [
          388.0,
          739.0
        ],
        [
          436.0,
          735.0
        ],
        [
          470.0,
          774.0
        ],
        [
          585.0,
          845.0
        ],
        [
          681.0,
          862.0
        ],
        [
          767.0,
          880.0
        ],
        [
          987.0,
          873.0
        ],
        [
          1034.0,
          846.0
        ],
        [
          1052.0,
          679.0
        ],
        [
          1034.0,
          495.0
        ],
        [
          996.0,
          455.0
        ],
        [
          955.0,
          433.0
        ],
        [
          905.0,
          414.0
        ],
        [
          842.0,
          369.0
        ],
        [
          743.0,
          349.0
        ]
      ],
      "group_id": null,
      "shape_type": "polygon",
      "flags": {}
    },
    {
      "label": "oyster",
      "points": [
        [
          1092.0,
          1544.0
        ],
        [
          1027.0,
          1577.0
        ],
        [
          977.0,
          1645.0
        ],
        [
          942.0,
          1699.0
        ],
        [
          925.0,
          1742.0
        ],
        [
          905.0,
          1787.0
        ],
        [
          928.0,
          1905.0
        ],
        [
          1309.0,
          1894.0
        ],
        [
          1354.0,
          1844.0
        ],
        [
          1364.0,
          1753.0
        ],
        [
          1285.0,
          1675.0
        ],
        [
          1250.0,
          1622.0
        ],
        [
          1187.0,
          1569.0
        ],
        [
          1142.0,
          1550.0
        ]
      ],
      "group_id": null,
      "shape_type": "polygon",
      "flags": {}
    },
    {
      "label": "oyster",
      "points": [
        [
          11.0,
          494.0
        ],
        [
          12.0,
          867.0
        ],
        [
          74.0,
          868.0
        ],
        [
          120.0,
          842.0
        ],
        [
          170.0,
          811.0
        ],
        [
          210.0,
          766.0
        ],
        [
          229.0,
          653.0
        ],
        [
          188.0,
          548.0
        ],
        [
          149.0,
          527.0
        ],
        [
          100.0,
          503.0
        ]
      ],
      "group_id": null,
      "shape_type": "polygon",
      "flags": {}
    },
    {
      "label": "oyster",
      "points": [
        [
          890.0,
          16.0
        ],
        [
          779.0,
          52.0
        ],
        [
          798.0,
          216.0
        ],
        [
          858.0,
          289.0
        ],
        [
          875.0,
          328.0
        ],
        [
          899.0,
          372.0
        ],
        [
          954.0,
          417.0
        ],
        [
          1027.0,
          474.0
        ],
        [
          1048.0,
          515.0
        ],
        [
          1088.0,
          564.0
        ],
        [
          1178.0,
          581.0
        ],
        [
          1235.0,
          551.0
        ],
        [
          1294.0,
          488.0
        ],
        [
          1286.0,
          191.0
        ],
        [
          1241.0,
          126.0
        ],
        [
          1172.0,
          69.0
        ],
        [
          1121.0,
          38.0
        ],
        [
          915.0,
          16.0
        ]
      ],
      "group_id": null,
      "shape_type": "polygon",
      "flags": {}
    },
    {
      "label": "shell",
      "points": [
        [
          1394.0,
          83.0
        ],
        [
          1313.0,
          101.0
        ],
        [
          1294.0,
          172.0
        ],
        [
          1316.0,
          247.0
        ],
        [
          1308.0,
          381.0
        ],
        [
          1325.0,
          528.0
        ],
        [
          1343.0,
          583.0
        ],
        [
          1361.0,
          628.0
        ],
        [
          1381.0,
          671.0
        ],
        [
          1436.0,
          731.0
        ],
        [
          1426.0,
          106.0
        ]
      ],
      "group_id": null,
      "shape_type": "polygon",
      "flags": {}
    },
    {
      "label": "oyster",
      "points": [
        [
          1423.0,
          807.0
        ],
        [
          1346.0,
          873.0
        ],
        [
          1267.0,
          949.0
        ],
        [
          1253.0,
          1034.0
        ],
        [
          1271.0,
          1103.0
        ],
        [
          1289.0,
          1160.0
        ],
        [
          1309.0,
          1224.0
        ],
        [
          1347.0,
          1280.0
        ],
        [
          1438.0,
          1333.0
        ],
        [
          1432.0,
          817.0
        ]
      ],
      "group_id": null,
      "shape_type": "polygon",
      "flags": {}
    },
    {
      "label": "oyster",
      "points": [
        [
          345.0,
          1.0
        ],
        [
          57.0,
          20.0
        ],
        [
          185.0,
          38.0
        ],
        [
          208.0,
          91.0
        ],
        [
          248.0,
          154.0
        ],
        [
          229.0,
          204.0
        ],
        [
          164.0,
          210.0
        ],
        [
          188.0,
          271.0
        ],
        [
          235.0,
          305.0
        ],
        [
          286.0,
          345.0
        ],
        [
          494.0,
          352.0
        ],
        [
          538.0,
          332.0
        ],
        [
          583.0,
          314.0
        ],
        [
          704.0,
          296.0
        ],
        [
          751.0,
          256.0
        ],
        [
          781.0,
          201.0
        ],
        [
          787.0,
          140.0
        ],
        [
          770.0,
          11.0
        ]
      ],
      "group_id": null,
      "shape_type": "polygon",
      "flags": {}
    },
    {
      "label": "shell",
      "points": [
        [
          730.0,
          1893.0
        ],
        [
          838.0,
          1697.0
        ],
        [
          898.0,
          1577.0
        ],
        [
          928.0,
          1461.0
        ],
        [
          902.0,
          1379.0
        ],
        [
          470.0,
          1351.0
        ],
        [
          318.0,
          1467.0
        ],
        [
          218.0,
          1567.0
        ],
        [
          206.0,
          1663.0
        ],
        [
          400.0,
          1655.0
        ],
        [
          416.0,
          1713.0
        ],
        [
          288.0,
          1765.0
        ],
        [
          320.0,
          1897.0
        ],
        [
          742.0,
          1915.0
        ]
      ],
      "group_id": null,
      "shape_type": "polygon",
      "flags": {}
    },
    {
      "label": "shell",
      "points": [
        [
          590.0,
          1673.0
        ],
        [
          772.0,
          1677.0
        ],
        [
          814.0,
          1767.0
        ],
        [
          794.0,
          1915.0
        ],
        [
          544.0,
          1915.0
        ],
        [
          492.0,
          1837.0
        ],
        [
          514.0,
          1717.0
        ]
      ],
      "group_id": null,
      "shape_type": "polygon",
      "flags": {}
    },
    {
      "label": "oyster",
      "points": [
        [
          606.0,
          503.0
        ],
        [
          972.0,
          533.0
        ],
        [
          786.0,
          333.0
        ],
        [
          572.0,
          311.0
        ],
        [
          510.0,
          353.0
        ],
        [
          506.0,
          401.0
        ]
      ],
      "group_id": null,
      "shape_type": "polygon",
      "flags": {}
    },
    {
      "label": "shell",
      "points": [
        [
          490.0,
          851.0
        ],
        [
          582.0,
          833.0
        ],
        [
          704.0,
          869.0
        ],
        [
          780.0,
          979.0
        ],
        [
          760.0,
          1175.0
        ],
        [
          626.0,
          1245.0
        ],
        [
          388.0,
          1267.0
        ],
        [
          480.0,
          1097.0
        ],
        [
          498.0,
          941.0
        ]
      ],
      "group_id": null,
      "shape_type": "polygon",
      "flags": {}
    },
    {
      "label": "shell",
      "points": [
        [
          1254.0,
          937.0
        ],
        [
          932.0,
          1129.0
        ],
        [
          934.0,
          1325.0
        ],
        [
          1004.0,
          1465.0
        ],
        [
          1180.0,
          1513.0
        ],
        [
          1439.0,
          1476.0
        ],
        [
          1439.0,
          1363.0
        ],
        [
          1260.0,
          1211.0
        ],
        [
          1248.0,
          1021.0
        ]
      ],
      "group_id": null,
      "shape_type": "polygon",
      "flags": {}
    }
  ],
  "imagePath": "19.jpg",
  "imageData": null,
  "imageHeight": 1920,
  "imageWidth": 1440
}