{
  "version": "4.5.6",
  "flags": {},
  "shapes": [
    {
      "label": "oyster",
      "points": [
        [
          1432.0,
          1293.0
        ],
        [
          1364.0,
          1355.0
        ],
        [
          1339.0,
          1400.0
        ],
        [
          1339.0,
          1472.0
        ],
        [
          1363.0,
          1515.0
        ],
        [
          1415.0,
          1578.0
        ]
      ],
      "group_id": null,
      "shape_type": "polygon",
      "flags": {}
    },
    {
      "label": "oyster",
      "points": [
        [
          1038.0,
          1545.0
        ],
        [
          894.0,
          1563.0
        ],
        [
          594.0,
          1597.0
        ],
        [
          450.0,
          1675.0
        ],
        [
          262.0,
          1789.0
        ],
        [
          184.0,
          1915.0
        ],
        [
          737.0,
          1896.0
        ],
        [
          1419.0,
          1902.0
        ],
        [
          1393.0,
          1801.0
        ],
        [
          1318.0,
          1739.0
        ],
        [
          1263.0,
          1702.0
        ],
        [
          1199.0,
          1653.0
        ],
        [
          1174.0,
          1610.0
        ],
        [
          1133.0,
          1554.0
        ]
      ],
      "group_id": null,
      "shape_type": "polygon",
      "flags": {}
    },
    {
      "label": "oyster",
      "points": [
        [
          9.0,
          299.0
        ],
        [
          23.0,
          594.0
        ],
        [
          91.0,
          609.0
        ],
        [
          151.0,
          628.0
        ],
        [
          205.0,
          595.0
        ],
        [
          194.0,
          478.0
        ],
        [
          170.0,
          433.0
        ],
        [
          119.0,
          364.0
        ],
        [
          62.0,
          310.0
        ]
      ],
      "group_id": null,
      "shape_type": "polygon",
      "flags": {}
    },
    {
      "label": "oyster",
      "points": [
        [
          938.0,
          785.0
        ],
        [
          871.0,
          839.0
        ],
        [
          853.0,
          882.0
        ],
        [
          835.0,
          951.0
        ],
        [
          818.0,
          1031.0
        ],
        [
          806.0,
          1266.0
        ],
        [
          978.0,
          1305.0
        ],
        [
          1102.0,
          1287.0
        ],
        [
          1165.0,
          1253.0
        ],
        [
          1245.0,
          1184.0
        ],
        [
          1324.0,
          1103.0
        ],
        [
          1342.0,
          1065.0
        ],
        [
          1362.0,
          1023.0
        ],
        [
          1354.0,
          925.0
        ],
        [
          1336.0,
          914.0
        ],
        [
          1274.0,
          912.0
        ],
        [
          1216.0,
          894.0
        ],
        [
          1170.0,
          874.0
        ],
        [
          1128.0,
          851.0
        ],
        [
          1084.0,
          829.0
        ],
        [
          1044.0,
          811.0
        ],
        [
          992.0,
          794.0
        ]
      ],
      "group_id": null,
      "shape_type": "polygon",
      "flags": {}
    },
    {
      "label": "oyster",
      "points": [
        [
          477.0,
          25.0
        ],
        [
          428.0,
          109.0
        ],
        [
          448.0,
          158.0
        ],
        [
          466.0,
          196.0
        ],
        [
          483.0,
          236.0
        ],
        [
          504.0,
          277.0
        ],
        [
          528.0,
          321.0
        ],
        [
          578.0,
          385.0
        ],
        [
          671.0,
          466.0
        ],
        [
          736.0,
          442.0
        ],
        [
          715.0,
          393.0
        ],
        [
          682.0,
          343.0
        ],
        [
          662.0,
          300.0
        ],
        [
          643.0,
          258.0
        ],
        [
          626.0,
          208.0
        ],
        [
          607.0,
          161.0
        ],
        [
          585.0,
          118.0
        ],
        [
          562.0,
          77.0
        ],
        [
          513.0,
          30.0
        ]
      ],
      "group_id": null,
      "shape_type": "polygon",
      "flags": {}
    },
    {
      "label": "oyster",
      "points": [
        [
          1417.0,
          991.0
        ],
        [
          1347.0,
          1057.0
        ],
        [
          1330.0,
          1101.0
        ],
        [
          1242.0,
          1194.0
        ],
        [
          1256.0,
          1247.0
        ],
        [
          1335.0,
          1326.0
        ],
        [
          1427.0,
          1282.0
        ]
      ],
      "group_id": null,
      "shape_type": "polygon",
      "flags": {}
    },
    {
      "label": "oyster",
      "points": [
        [
          1297.0,
          838.0
        ]
      ],
      "group_id": null,
      "shape_type": "polygon",
      "flags": {}
    },
    {
      "label": "oyster",
      "points": [
        [
          662.0,
          778.0
        ],
        [
          584.0,
          799.0
        ],
        [
          513.0,
          872.0
        ],
        [
          469.0,
          891.0
        ],
        [
          424.0,
          929.0
        ],
        [
          408.0,
          1070.0
        ],
        [
          475.0,
          1156.0
        ],
        [
          530.0,
          1191.0
        ],
        [
          603.0,
          1148.0
        ],
        [
          627.0,
          1104.0
        ],
        [
          647.0,
          1066.0
        ],
        [
          665.0,
          1027.0
        ],
        [
          685.0,
          988.0
        ],
        [
          705.0,
          946.0
        ],
        [
          723.0,
          902.0
        ],
        [
          725.0,
          786.0
        ]
      ],
      "group_id": null,
      "shape_type": "polygon",
      "flags": {}
    },
    {
      "label": "oyster",
      "points": [
        [
          20.0,
          1.0
        ],
        [
          0.0,
          91.0
        ],
        [
          86.0,
          171.0
        ],
        [
          115.0,
          232.0
        ],
        [
          151.0,
          286.0
        ],
        [
          193.0,
          337.0
        ],
        [
          245.0,
          365.0
        ],
        [
          370.0,
          437.0
        ],
        [
          332.0,
          323.0
        ],
        [
          315.0,
          255.0
        ],
        [
          297.0,
          206.0
        ],
        [
          280.0,
          160.0
        ],
        [
          262.0,
          95.0
        ],
        [
          221.0,
          8.0
        ]
      ],
      "group_id": null,
      "shape_type": "polygon",
      "flags": {}
    },
    {
      "label": "oyster",
      "points": [
        [
          1168.0,
          1519.0
        ],
        [
          976.0,
          1549.0
        ],
        [
          690.0,
          1527.0
        ],
        [
          680.0,
          1377.0
        ],
        [
          752.0,
          1309.0
        ],
        [
          976.0,
          1325.0
        ],
        [
          996.0,
          1353.0
        ],
        [
          1080.0,
          1341.0
        ],
        [
          1098.0,
          1355.0
        ],
        [
          1278.0,
          1363.0
        ],
        [
          1292.0,
          1483.0
        ]
      ],
      "group_id": null,
      "shape_type": "polygon",
      "flags": {}
    },
    {
      "label": "oyster",
      "points": [
        [
          430.0,
          1521.0
        ],
        [
          236.0,
          1421.0
        ],
        [
          48.0,
          1503.0
        ],
        [
          32.0,
          1587.0
        ],
        [
          32.0,
          1729.0
        ],
        [
          70.0,
          1857.0
        ],
        [
          178.0,
          1863.0
        ],
        [
          254.0,
          1763.0
        ],
        [
          496.0,
          1637.0
        ]
      ],
      "group_id": null,
      "shape_type": "polygon",
      "flags": {}
    },
    {
      "label": "shell",
      "points": [
        [
          1432.0,
          875.0
        ],
        [
          1344.0,
          871.0
        ],
        [
          1238.0,
          823.0
        ],
        [
          1148.0,
          705.0
        ],
        [
          1016.0,
          365.0
        ],
        [
          1022.0,
          263.0
        ],
        [
          1216.0,
          55.0
        ],
        [
          1439.0,
          7.0
        ]
      ],
      "group_id": null,
      "shape_type": "polygon",
      "flags": {}
    },
    {
      "label": "dead oyster",
      "points": [
        [
          870.0,
          715.0
        ],
        [
          604.0,
          633.0
        ],
        [
          462.0,
          495.0
        ],
        [
          334.0,
          345.0
        ],
        [
          267.0,
          0.0
        ],
        [
          1028.0,
          3.0
        ],
        [
          1086.0,
          313.0
        ]
      ],
      "group_id": null,
      "shape_type": "polygon",
      "flags": {}
    },
    {
      "label": "shell",
      "points": [
        [
          632.0,
          661.0
        ],
        [
          0.0,
          960.0
        ],
        [
          0.0,
          1227.0
        ],
        [
          236.0,
          1355.0
        ],
        [
          692.0,
          1339.0
        ],
        [
          736.0,
          1269.0
        ],
        [
          566.0,
          1207.0
        ],
        [
          414.0,
          1107.0
        ],
        [
          378.0,
          851.0
        ],
        [
          794.0,
          711.0
        ]
      ],
      "group_id": null,
      "shape_type": "polygon",
      "flags": {}
    },
    {
      "label": "oyster",
      "points": [
        [
          516.0,
          621.0
        ],
        [
          454.0,
          575.0
        ],
        [
          350.0,
          571.0
        ],
        [
          210.0,
          615.0
        ],
        [
          18.0,
          727.0
        ],
        [
          0,
          905
        ],
        [
          442.0,
          715.0
        ]
      ],
      "group_id": null,
      "shape_type": "polygon",
      "flags": {}
    }
  ],
  "imagePath": "2.jpg",
  "imageData": null,
  "imageHeight": 1920,
  "imageWidth": 1440
}