{
  "version": "4.5.6",
  "flags": {},
  "shapes": [
    {
      "label": "oyster",
      "points": [
        [
          360.0,
          819.0
        ],
        [
          186.0,
          886.0
        ],
        [
          133.0,
          919.0
        ],
        [
          80.0,
          952.0
        ],
        [
          21.0,
          1008.0
        ],
        [
          4.0,
          1754.0
        ],
        [
          72.0,
          1779.0
        ],
        [
          151.0,
          1712.0
        ],
        [
          202.0,
          1656.0
        ],
        [
          222.0,
          1615.0
        ],
        [
          240.0,
          1572.0
        ],
        [
          262.0,
          1527.0
        ],
        [
          290.0,
          1482.0
        ],
        [
          327.0,
          1421.0
        ],
        [
          375.0,
          1358.0
        ],
        [
          394.0,
          1319.0
        ],
        [
          425.0,
          1269.0
        ],
        [
          444.0,
          1228.0
        ],
        [
          467.0,
          1185.0
        ],
        [
          506.0,
          971.0
        ],
        [
          484.0,
          783.0
        ]
      ],
      "group_id": null,
      "shape_type": "polygon",
      "flags": {}
    },
    {
      "label": "oyster",
      "points": [
        [
          635.0,
          415.0
        ],
        [
          558.0,
          444.0
        ],
        [
          541.0,
          492.0
        ],
        [
          491.0,
          570.0
        ],
        [
          413.0,
          652.0
        ],
        [
          364.0,
          679.0
        ],
        [
          307.0,
          716.0
        ],
        [
          292.0,
          780.0
        ],
        [
          390.0,
          759.0
        ],
        [
          526.0,
          787.0
        ],
        [
          529.0,
          911.0
        ],
        [
          699.0,
          929.0
        ],
        [
          1006.0,
          932.0
        ],
        [
          1061.0,
          874.0
        ],
        [
          1049.0,
          795.0
        ],
        [
          1060.0,
          674.0
        ],
        [
          1042.0,
          591.0
        ],
        [
          1008.0,
          534.0
        ],
        [
          956.0,
          507.0
        ],
        [
          901.0,
          483.0
        ],
        [
          839.0,
          444.0
        ],
        [
          799.0,
          427.0
        ]
      ],
      "group_id": null,
      "shape_type": "polygon",
      "flags": {}
    },
    {
      "label": "oyster",
      "points": [
        [
          15.0,
          565.0
        ],
        [
          18.0,
          921.0
        ],
        [
          81.0,
          949.0
        ],
        [
          128.0,
          924.0
        ],
        [
          178.0,
          896.0
        ],
        [
          229.0,
          839.0
        ],
        [
          246.0,
          742.0
        ],
        [
          230.0,
          637.0
        ],
        [
          186.0,
          608.0
        ],
        [
          143.0,
          588.0
        ],
        [
          50.0,
          571.0
        ]
      ],
      "group_id": null,
      "shape_type": "polygon",
      "flags": {}
    },
    {
      "label": "oyster",
      "points": [
        [
          814.0,
          57.0
        ],
        [
          784.0,
          197.0
        ],
        [
          801.0,
          273.0
        ],
        [
          844.0,
          332.0
        ],
        [
          876.0,
          389.0
        ],
        [
          906.0,
          439.0
        ],
        [
          955.0,
          492.0
        ],
        [
          1004.0,
          523.0
        ],
        [
          1065.0,
          600.0
        ],
        [
          1126.0,
          628.0
        ],
        [
          1210.0,
          634.0
        ],
        [
          1259.0,
          601.0
        ],
        [
          1288.0,
          333.0
        ],
        [
          1270.0,
          271.0
        ],
        [
          1190.0,
          179.0
        ],
        [
          1128.0,
          148.0
        ],
        [
          1080.0,
          131.0
        ],
        [
          1021.0,
          93.0
        ],
        [
          938.0,
          59.0
        ]
      ],
      "group_id": null,
      "shape_type": "polygon",
      "flags": {}
    },
    {
      "label": "oyster",
      "points": [
        [
          1096.0,
          1593.0
        ],
        [
          1028.0,
          1648.0
        ],
        [
          989.0,
          1705.0
        ],
        [
          967.0,
          1753.0
        ],
        [
          947.0,
          1803.0
        ],
        [
          925.0,
          1851.0
        ],
        [
          962.0,
          1908.0
        ],
        [
          1410.0,
          1917.0
        ],
        [
          1396.0,
          1769.0
        ],
        [
          1289.0,
          1733.0
        ],
        [
          1267.0,
          1693.0
        ],
        [
          1200.0,
          1621.0
        ],
        [
          1151.0,
          1598.0
        ]
      ],
      "group_id": null,
      "shape_type": "polygon",
      "flags": {}
    },
    {
      "label": "oyster",
      "points": [
        [
          1423.0,
          867.0
        ],
        [
          1349.0,
          933.0
        ],
        [
          1290.0,
          994.0
        ],
        [
          1268.0,
          1083.0
        ],
        [
          1271.0,
          1156.0
        ],
        [
          1289.0,
          1226.0
        ],
        [
          1308.0,
          1273.0
        ],
        [
          1349.0,
          1332.0
        ],
        [
          1393.0,
          1358.0
        ],
        [
          1432.0,
          872.0
        ]
      ],
      "group_id": null,
      "shape_type": "polygon",
      "flags": {}
    },
    {
      "label": "oyster",
      "points": [
        [
          1336.0,
          189.0
        ],
        [
          1297.0,
          243.0
        ],
        [
          1298.0,
          427.0
        ],
        [
          1316.0,
          584.0
        ],
        [
          1333.0,
          635.0
        ],
        [
          1353.0,
          676.0
        ],
        [
          1370.0,
          719.0
        ],
        [
          1436.0,
          841.0
        ],
        [
          1434.0,
          319.0
        ],
        [
          1405.0,
          268.0
        ],
        [
          1368.0,
          213.0
        ]
      ],
      "group_id": null,
      "shape_type": "polygon",
      "flags": {}
    },
    {
      "label": "oyster",
      "points": [
        [
          554.0,
          1399.0
        ],
        [
          856.0,
          1443.0
        ],
        [
          938.0,
          1611.0
        ],
        [
          803.0,
          1919.0
        ],
        [
          466.0,
          1919.0
        ],
        [
          330.0,
          1911.0
        ],
        [
          302.0,
          1813.0
        ],
        [
          422.0,
          1793.0
        ],
        [
          418.0,
          1701.0
        ],
        [
          250.0,
          1693.0
        ],
        [
          284.0,
          1553.0
        ],
        [
          442.0,
          1427.0
        ]
      ],
      "group_id": null,
      "shape_type": "polygon",
      "flags": {}
    },
    {
      "label": "oyster",
      "points": [
        [
          978.0,
          629.0
        ],
        [
          630.0,
          595.0
        ],
        [
          538.0,
          527.0
        ],
        [
          530.0,
          435.0
        ],
        [
          618.0,
          385.0
        ],
        [
          902.0,
          501.0
        ],
        [
          972.0,
          571.0
        ]
      ],
      "group_id": null,
      "shape_type": "polygon",
      "flags": {}
    },
    {
      "label": "shell",
      "points": [
        [
          532.0,
          915.0
        ],
        [
          650.0,
          911.0
        ],
        [
          782.0,
          1049.0
        ],
        [
          746.0,
          1243.0
        ],
        [
          654.0,
          1299.0
        ],
        [
          356.0,
          1347.0
        ],
        [
          518.0,
          1113.0
        ]
      ],
      "group_id": null,
      "shape_type": "polygon",
      "flags": {}
    },
    {
      "label": "shell",
      "points": [
        [
          1318.0,
          947.0
        ],
        [
          908.0,
          1185.0
        ],
        [
          966.0,
          1437.0
        ],
        [
          1118.0,
          1533.0
        ],
        [
          1294.0,
          1543.0
        ],
        [
          1439,
          1523
        ],
        [
          1439,
          1393
        ],
        [
          1298.0,
          1289.0
        ],
        [
          1258.0,
          1117.0
        ],
        [
          1272.0,
          1001.0
        ]
      ],
      "group_id": null,
      "shape_type": "polygon",
      "flags": {}
    },
    {
      "label": "shell",
      "points": [
        [
          306.0,
          79.0
        ],
        [
          526.0,
          91.0
        ],
        [
          726.0,
          251.0
        ],
        [
          740.0,
          375.0
        ],
        [
          444.0,
          485.0
        ],
        [
          178.0,
          453.0
        ],
        [
          74.0,
          295.0
        ],
        [
          216.0,
          161.0
        ]
      ],
      "group_id": null,
      "shape_type": "polygon",
      "flags": {}
    }
  ],
  "imagePath": "20.jpg",
  "imageData": null,
  "imageHeight": 1920,
  "imageWidth": 1440
}