{
  "version": "4.5.6",
  "flags": {},
  "shapes": [
    {
      "label": "oyster",
      "points": [
        [
          0.9708737864077674,
          144.66019417475727
        ],
        [
          1.941747572815534,
          334.9514563106796
        ],
        [
          141.0,
          316.0
        ],
        [
          165.04854368932038,
          285.43689320388347
        ],
        [
          156.31067961165047,
          215.53398058252426
        ],
        [
          54.0,
          176.0
        ]
      ],
      "group_id": null,
      "shape_type": "polygon",
      "flags": {}
    },
    {
      "label": "oyster",
      "points": [
        [
          186.0,
          1502.0
        ],
        [
          133.0,
          1521.0
        ],
        [
          67.0,
          1579.0
        ],
        [
          74.0,
          1686.0
        ],
        [
          91.0,
          1737.0
        ],
        [
          114.0,
          1782.0
        ],
        [
          205.0,
          1867.0
        ],
        [
          309.0,
          1871.0
        ],
        [
          346.0,
          1793.0
        ],
        [
          329.0,
          1646.0
        ],
        [
          302.0,
          1596.0
        ],
        [
          279.0,
          1555.0
        ],
        [
          224.0,
          1506.0
        ]
      ],
      "group_id": null,
      "shape_type": "polygon",
      "flags": {}
    },
    {
      "label": "oyster",
      "points": [
        [
          280.58252427184465,
          833.9805825242718
        ],
        [
          262.13592233009706,
          869.9029126213592
        ],
        [
          241.74757281553397,
          932.0388349514562
        ],
        [
          274.75728155339806,
          978.6407766990291
        ],
        [
          327.0,
          1012.0
        ],
        [
          428.0,
          1010.0
        ],
        [
          478.0,
          993.0
        ],
        [
          565.0485436893204,
          974.757281553398
        ],
        [
          632.0388349514562,
          932.0388349514562
        ],
        [
          622.3300970873786,
          886.4077669902913
        ],
        [
          483.49514563106794,
          945.6310679611651
        ],
        [
          346.6019417475728,
          914.5631067961165
        ]
      ],
      "group_id": null,
      "shape_type": "polygon",
      "flags": {}
    },
    {
      "label": "oyster",
      "points": [
        [
          672.0,
          1531.0
        ],
        [
          613.0,
          1570.0
        ],
        [
          596.0,
          1611.0
        ],
        [
          602.0,
          1687.0
        ],
        [
          619.0,
          1737.0
        ],
        [
          700.0,
          1771.0
        ],
        [
          774.0,
          1701.0
        ],
        [
          741.0,
          1583.0
        ],
        [
          709.0,
          1539.0
        ]
      ],
      "group_id": null,
      "shape_type": "polygon",
      "flags": {}
    },
    {
      "label": "oyster",
      "points": [
        [
          1026.0,
          1382.0
        ],
        [
          980.0,
          1400.0
        ],
        [
          922.0,
          1450.0
        ],
        [
          901.0,
          1491.0
        ],
        [
          904.0,
          1572.0
        ],
        [
          926.0,
          1620.0
        ],
        [
          943.0,
          1668.0
        ],
        [
          1036.0,
          1727.0
        ],
        [
          1110.0,
          1681.0
        ],
        [
          1120.0,
          1523.0
        ],
        [
          1164.0,
          1469.0
        ],
        [
          1096.0,
          1434.0
        ],
        [
          1050.0,
          1383.0
        ]
      ],
      "group_id": null,
      "shape_type": "polygon",
      "flags": {}
    },
    {
      "label": "oyster",
      "points": [
        [
          434.0,
          1685.0
        ],
        [
          353.0,
          1762.0
        ],
        [
          359.0,
          1853.0
        ],
        [
          453.0,
          1884.0
        ],
        [
          511.0,
          1808.0
        ],
        [
          536.0,
          1761.0
        ],
        [
          504.0,
          1699.0
        ]
      ],
      "group_id": null,
      "shape_type": "polygon",
      "flags": {}
    },
    {
      "label": "oyster",
      "points": [
        [
          440.08737864077676,
          -1.097087378640765
        ],
        [
          231.08737864077665,
          49.902912621359235
        ],
        [
          250.08737864077665,
          94.9029126213592
        ],
        [
          319.41747572815535,
          130.09708737864077
        ],
        [
          421.3592233009709,
          153.39805825242718
        ],
        [
          487.08737864077665,
          84.90291262135925
        ],
        [
          520.0873786407767,
          6.902912621359235
        ]
      ],
      "group_id": null,
      "shape_type": "polygon",
      "flags": {}
    },
    {
      "label": "oyster",
      "points": [
        [
          920.0,
          1149.0
        ],
        [
          836.0,
          1167.0
        ],
        [
          792.0,
          1187.0
        ],
        [
          744.0,
          1215.0
        ],
        [
          694.0,
          1239.0
        ],
        [
          668.0,
          1300.0
        ],
        [
          667.0,
          1329.0
        ],
        [
          734.0,
          1425.0
        ],
        [
          822.3300970873786,
          1338.8349514563106
        ],
        [
          881.5533980582524,
          1314.5631067961165
        ],
        [
          1004.0,
          1310.0
        ],
        [
          1044.0,
          1292.0
        ],
        [
          1082.0,
          1242.0
        ],
        [
          1030.0,
          1168.0
        ],
        [
          959.0,
          1150.0
        ]
      ],
      "group_id": null,
      "shape_type": "polygon",
      "flags": {}
    },
    {
      "label": "oyster",
      "points": [
        [
          869.0,
          265.0
        ],
        [
          778.0,
          350.0
        ],
        [
          731.0,
          415.0
        ],
        [
          738.0,
          476.0
        ],
        [
          853.0,
          546.0
        ],
        [
          906.0,
          507.0
        ],
        [
          923.0,
          453.0
        ],
        [
          917.0,
          302.0
        ]
      ],
      "group_id": null,
      "shape_type": "polygon",
      "flags": {}
    },
    {
      "label": "oyster",
      "points": [
        [
          0.0,
          1199.0291262135922
        ],
        [
          0.0,
          1470.873786407767
        ],
        [
          89.0,
          1493.0
        ],
        [
          191.0,
          1491.0
        ],
        [
          231.06796116504853,
          1485.4368932038835
        ],
        [
          203.0,
          1390.0
        ],
        [
          186.0,
          1350.0
        ],
        [
          168.0,
          1295.0
        ],
        [
          126.0,
          1234.0
        ],
        [
          47.0,
          1206.0
        ]
      ],
      "group_id": null,
      "shape_type": "polygon",
      "flags": {}
    },
    {
      "label": "oyster",
      "points": [
        [
          1318.0,
          1066.0
        ],
        [
          1251.0,
          1096.0
        ],
        [
          1232.0,
          1157.0
        ],
        [
          1248.0,
          1231.0
        ],
        [
          1301.0,
          1299.0
        ],
        [
          1348.0,
          1319.0
        ],
        [
          1438.0,
          1349.0
        ],
        [
          1438.0,
          1163.0
        ],
        [
          1391.0,
          1098.0
        ]
      ],
      "group_id": null,
      "shape_type": "polygon",
      "flags": {}
    },
    {
      "label": "oyster",
      "points": [
        [
          444.0,
          394.0
        ],
        [
          396.0,
          449.0
        ],
        [
          356.0,
          510.0
        ],
        [
          368.0,
          623.0
        ],
        [
          426.0,
          664.0
        ],
        [
          485.0,
          675.0
        ],
        [
          494.0,
          569.0
        ],
        [
          515.0,
          528.0
        ],
        [
          544.0,
          447.0
        ],
        [
          471.0,
          395.0
        ]
      ],
      "group_id": null,
      "shape_type": "polygon",
      "flags": {}
    },
    {
      "label": "oyster",
      "points": [
        [
          242.0,
          529.0
        ],
        [
          166.9902912621359,
          537.8640776699029
        ],
        [
          221.0,
          649.0
        ],
        [
          331.0,
          877.0
        ],
        [
          480.0,
          935.0
        ],
        [
          568.0,
          877.0
        ],
        [
          566.0,
          783.0
        ]
      ],
      "group_id": null,
      "shape_type": "polygon",
      "flags": {}
    },
    {
      "label": "oyster",
      "points": [
        [
          1200.0,
          1159.0
        ],
        [
          1138.0,
          1198.0
        ],
        [
          1098.0,
          1256.0
        ],
        [
          1086.0,
          1348.0
        ],
        [
          1103.0,
          1432.0
        ],
        [
          1151.0,
          1459.0
        ],
        [
          1248.0,
          1401.0
        ],
        [
          1306.0,
          1323.0
        ],
        [
          1254.0,
          1244.0
        ],
        [
          1235.0,
          1204.0
        ],
        [
          1207.0,
          1161.0
        ]
      ],
      "group_id": null,
      "shape_type": "polygon",
      "flags": {}
    },
    {
      "label": "oyster",
      "points": [
        [
          316.8252427184466,
          145.99999999999997
        ],
        [
          232.8252427184466,
          169.00000000000003
        ],
        [
          243.8252427184466,
          238.00000000000006
        ],
        [
          307.8252427184466,
          309.0000000000001
        ],
        [
          396.11650485436894,
          351.45631067961165
        ],
        [
          471.84466019417476,
          357.28155339805824
        ],
        [
          529.126213592233,
          298.05825242718447
        ],
        [
          480.58252427184465,
          219.41747572815532
        ],
        [
          365.8252427184466,
          147.99999999999997
        ]
      ],
      "group_id": null,
      "shape_type": "polygon",
      "flags": {}
    },
    {
      "label": "oyster",
      "points": [
        [
          570.0,
          1787.0
        ],
        [
          497.0,
          1835.0
        ],
        [
          488.0,
          1909.0
        ],
        [
          646.0,
          1919.0
        ],
        [
          638.9261744966443,
          1818.7919463087248
        ]
      ],
      "group_id": null,
      "shape_type": "polygon",
      "flags": {}
    },
    {
      "label": "oyster",
      "points": [
        [
          527.0,
          987.0
        ],
        [
          454.0,
          1010.0
        ],
        [
          428.0,
          1089.0
        ],
        [
          419.0,
          1145.0
        ],
        [
          481.0,
          1163.0
        ],
        [
          535.0,
          1105.0
        ],
        [
          553.0,
          1028.0
        ]
      ],
      "group_id": null,
      "shape_type": "polygon",
      "flags": {}
    },
    {
      "label": "oyster",
      "points": [
        [
          784.0,
          1508.0
        ],
        [
          724.0,
          1531.0
        ],
        [
          778.0,
          1624.0
        ],
        [
          802.0,
          1667.0
        ],
        [
          829.0,
          1713.0
        ],
        [
          856.0,
          1758.0
        ],
        [
          908.0,
          1802.0
        ],
        [
          953.0,
          1734.0
        ],
        [
          936.0,
          1666.0
        ],
        [
          918.0,
          1609.0
        ],
        [
          898.0,
          1567.0
        ],
        [
          855.0,
          1516.0
        ]
      ],
      "group_id": null,
      "shape_type": "polygon",
      "flags": {}
    },
    {
      "label": "oyster",
      "points": [
        [
          556.0,
          491.0
        ],
        [
          504.0,
          563.0
        ],
        [
          504.8543689320388,
          695.1456310679612
        ],
        [
          596.1165048543689,
          700.9708737864078
        ],
        [
          619.0,
          549.0
        ],
        [
          580.0,
          483.0
        ]
      ],
      "group_id": null,
      "shape_type": "polygon",
      "flags": {}
    },
    {
      "label": "oyster",
      "points": [
        [
          852.0,
          1333.0
        ],
        [
          754.0,
          1405.0
        ],
        [
          788.0,
          1487.0
        ],
        [
          868.0,
          1503.0
        ],
        [
          922.0,
          1432.0
        ],
        [
          958.0,
          1363.0
        ],
        [
          867.0,
          1335.0
        ]
      ],
      "group_id": null,
      "shape_type": "polygon",
      "flags": {}
    },
    {
      "label": "oyster",
      "points": [
        [
          742.0,
          580.0
        ],
        [
          700.0,
          639.0
        ],
        [
          650.0,
          691.0
        ],
        [
          582.0,
          720.0
        ],
        [
          685.0,
          728.0
        ],
        [
          730.0,
          711.0
        ],
        [
          784.0,
          672.0
        ],
        [
          800.9708737864078,
          579.6116504854368
        ]
      ],
      "group_id": null,
      "shape_type": "polygon",
      "flags": {}
    },
    {
      "label": "oyster",
      "points": [
        [
          1382.5242718446602,
          714.5631067961165
        ],
        [
          1315.5339805825242,
          768.9320388349514
        ],
        [
          1247.5728155339805,
          762.1359223300971
        ],
        [
          1192.2330097087379,
          762.1359223300971
        ],
        [
          1119.4174757281553,
          762.1359223300971
        ],
        [
          1051.4563106796115,
          741.747572815534
        ],
        [
          1038.8349514563106,
          663.1067961165048
        ],
        [
          1105.8252427184466,
          626.2135922330096
        ],
        [
          1188.3495145631068,
          652.4271844660194
        ],
        [
          1272.8155339805826,
          663.1067961165048
        ],
        [
          1311.6504854368932,
          660.1941747572815
        ]
      ],
      "group_id": null,
      "shape_type": "polygon",
      "flags": {}
    },
    {
      "label": "oyster",
      "points": [
        [
          1318.4466019417475,
          575.7281553398058
        ],
        [
          1254.3689320388348,
          615.5339805825242
        ],
        [
          1209.7087378640776,
          634.9514563106796
        ],
        [
          1168.9320388349515,
          626.2135922330096
        ],
        [
          1147.5728155339805,
          597.0873786407767
        ],
        [
          1166.0194174757282,
          554.3689320388349
        ],
        [
          1143.6893203883494,
          497.0873786407767
        ],
        [
          1172.8155339805826,
          369.90291262135923
        ],
        [
          1237.8640776699028,
          357.28155339805824
        ],
        [
          1319.4174757281553,
          382.5242718446602
        ],
        [
          1358.252427184466,
          487.378640776699
        ]
      ],
      "group_id": null,
      "shape_type": "polygon",
      "flags": {}
    },
    {
      "label": "shell",
      "points": [
        [
          187.37864077669903,
          585.4368932038835
        ],
        [
          180.58252427184465,
          666.9902912621359
        ],
        [
          67.96116504854369,
          761.1650485436893
        ],
        [
          0.0,
          772.8155339805825
        ],
        [
          3.883495145631068,
          591.2621359223301
        ],
        [
          126.2135922330097,
          544.6601941747573
        ],
        [
          173.7864077669903,
          560.1941747572815
        ]
      ],
      "group_id": null,
      "shape_type": "polygon",
      "flags": {}
    },
    {
      "label": "shell",
      "points": [
        [
          1038.5474860335196,
          43.01675977653631
        ],
        [
          1070.391061452514,
          51.39664804469274
        ],
        [
          1170.391061452514,
          95.53072625698324
        ],
        [
          1144.6927374301677,
          203.91061452513966
        ],
        [
          1074.8603351955308,
          238.54748603351956
        ],
        [
          1045.2513966480446,
          244.1340782122905
        ],
        [
          972.6256983240223,
          210.0558659217877
        ],
        [
          973.7430167597765,
          76.53631284916202
        ]
      ],
      "group_id": null,
      "shape_type": "polygon",
      "flags": {}
    },
    {
      "label": "shell",
      "points": [
        [
          1184.3575418994412,
          1451.3966480446927
        ],
        [
          1253.072625698324,
          1404.4692737430166
        ],
        [
          1324.022346368715,
          1449.7206703910615
        ],
        [
          1422.9050279329608,
          1613.9664804469273
        ],
        [
          1415.8227848101264,
          1708.2278481012656
        ],
        [
          1353.1645569620252,
          1700.632911392405
        ],
        [
          1371.5189873417721,
          1635.4430379746834
        ],
        [
          1344.3037974683543,
          1600.0
        ],
        [
          1265.1898734177214,
          1543.0379746835442
        ],
        [
          1162.6582278481012,
          1514.5569620253164
        ],
        [
          1171.5189873417721,
          1462.0253164556962
        ]
      ],
      "group_id": null,
      "shape_type": "polygon",
      "flags": {}
    },
    {
      "label": "oyster",
      "points": [
        [
          402.77777777777777,
          1133.3333333333333
        ],
        [
          462.96296296296293,
          1182.4074074074074
        ],
        [
          488.88888888888886,
          1300.9259259259259
        ],
        [
          482.4074074074074,
          1310.185185185185
        ],
        [
          439.8148148148148,
          1303.7037037037037
        ],
        [
          315.7407407407407,
          1358.3333333333333
        ],
        [
          275.0,
          1335.185185185185
        ],
        [
          270.3703703703704,
          1196.2962962962963
        ],
        [
          305.55555555555554,
          1157.4074074074074
        ],
        [
          348.14814814814815,
          1136.111111111111
        ],
        [
          387.037037037037,
          1112.9629629629628
        ],
        [
          413.88888888888886,
          1133.3333333333333
        ]
      ],
      "group_id": null,
      "shape_type": "polygon",
      "flags": {}
    },
    {
      "label": "dead oyster",
      "points": [
        [
          836.9127516778524,
          691.2751677852349
        ],
        [
          798.6577181208054,
          647.6510067114094
        ],
        [
          800.6711409395973,
          589.261744966443
        ],
        [
          818.1208053691275,
          577.8523489932886
        ],
        [
          862.4161073825503,
          563.0872483221476
        ],
        [
          910.0671140939597,
          567.1140939597316
        ],
        [
          925.503355704698,
          603.3557046979865
        ],
        [
          926.1744966442953,
          677.1812080536913
        ],
        [
          869.7986577181208,
          694.6308724832214
        ]
      ],
      "group_id": null,
      "shape_type": "polygon",
      "flags": {}
    },
    {
      "label": "shell",
      "points": [
        [
          1224.1610738255033,
          1863.0872483221476
        ],
        [
          1267.1140939597315,
          1829.530201342282
        ],
        [
          1304.0268456375838,
          1759.731543624161
        ],
        [
          1296.6442953020135,
          1702.6845637583892
        ],
        [
          1242.9530201342282,
          1677.1812080536913
        ],
        [
          1168.456375838926,
          1664.4295302013422
        ],
        [
          1115.4362416107383,
          1712.0805369127518
        ],
        [
          1054.3624161073826,
          1784.5637583892617
        ],
        [
          1014.765100671141,
          1843.6241610738255
        ],
        [
          1028.8590604026845,
          1877.8523489932886
        ],
        [
          1086.5771812080536,
          1902.013422818792
        ],
        [
          1140.9395973154362,
          1898.6577181208054
        ],
        [
          1195.9731543624162,
          1887.248322147651
        ]
      ],
      "group_id": null,
      "shape_type": "polygon",
      "flags": {}
    },
    {
      "label": "oyster",
      "points": [
        [
          800.0,
          1785.9060402684563
        ],
        [
          844.9664429530202,
          1816.1073825503356
        ],
        [
          830.8724832214765,
          1890.6040268456377
        ],
        [
          808.7248322147651,
          1914.0939597315437
        ],
        [
          659.0,
          1919.0
        ],
        [
          675.1677852348994,
          1849.6644295302015
        ],
        [
          722.1476510067114,
          1822.1476510067114
        ]
      ],
      "group_id": null,
      "shape_type": "polygon",
      "flags": {}
    },
    {
      "label": "oyster",
      "points": [
        [
          394.6308724832215,
          1417.4496644295302
        ],
        [
          445.63758389261744,
          1407.3825503355704
        ],
        [
          521.4765100671141,
          1423.489932885906
        ],
        [
          561.0738255033557,
          1432.8859060402685
        ],
        [
          592.6174496644295,
          1468.456375838926
        ],
        [
          613.4228187919463,
          1506.711409395973
        ],
        [
          612.751677852349,
          1558.3892617449665
        ],
        [
          585.9060402684564,
          1651.006711409396
        ],
        [
          540.9395973154362,
          1669.798657718121
        ],
        [
          480.53691275167785,
          1628.8590604026845
        ],
        [
          398.6577181208054,
          1530.8724832214766
        ],
        [
          366.4429530201342,
          1441.6107382550335
        ]
      ],
      "group_id": null,
      "shape_type": "polygon",
      "flags": {}
    },
    {
      "label": "shell",
      "points": [
        [
          955.0256410256409,
          866.6666666666666
        ],
        [
          951.1794871794871,
          893.5897435897435
        ],
        [
          907.5897435897435,
          920.5128205128204
        ],
        [
          812.7179487179487,
          910.2564102564103
        ],
        [
          817.8461538461538,
          982.051282051282
        ],
        [
          716.5641025641025,
          956.4102564102564
        ],
        [
          672.9743589743589,
          915.3846153846154
        ],
        [
          719.1282051282051,
          888.4615384615385
        ],
        [
          778.1025641025641,
          861.5384615384615
        ],
        [
          834.5128205128204,
          860.2564102564103
        ],
        [
          893.4871794871794,
          847.4358974358975
        ],
        [
          933.2307692307692,
          850.0
        ]
      ],
      "group_id": null,
      "shape_type": "polygon",
      "flags": {}
    },
    {
      "label": "shell",
      "points": [
        [
          1265.2820512820513,
          774.3589743589744
        ],
        [
          1194.7692307692307,
          920.5128205128204
        ],
        [
          1094.7692307692307,
          903.8461538461538
        ],
        [
          1040.923076923077,
          841.025641025641
        ],
        [
          1030.6666666666665,
          698.7179487179487
        ],
        [
          1079.3846153846152,
          725.6410256410256
        ],
        [
          1155.0256410256409,
          750.0
        ],
        [
          1228.102564102564,
          752.5641025641025
        ]
      ],
      "group_id": null,
      "shape_type": "polygon",
      "flags": {}
    },
    {
      "label": "shell",
      "points": [
        [
          257.5897435897436,
          773.0769230769231
        ],
        [
          207.5897435897436,
          906.4102564102564
        ],
        [
          253.74358974358972,
          1003.8461538461538
        ],
        [
          320.4102564102564,
          1012.8205128205128
        ],
        [
          329.38461538461536,
          910.2564102564103
        ],
        [
          301.1794871794872,
          810.2564102564103
        ]
      ],
      "group_id": null,
      "shape_type": "polygon",
      "flags": {}
    }
  ],
  "imagePath": "200.jpg",
  "imageData": null,
  "imageHeight": 1920,
  "imageWidth": 1440
}