{
  "version": "4.5.6",
  "flags": {},
  "shapes": [
    {
      "label": "oyster",
      "points": [
        [
          310.1395348837209,
          891.8604651162791
        ],
        [
          219.4418604651163,
          933.7209302325582
        ],
        [
          199.0,
          1012.0
        ],
        [
          245.0,
          1107.0
        ],
        [
          294.0,
          1091.0
        ],
        [
          398.51162790697674,
          1076.7441860465117
        ],
        [
          388.04651162790697,
          965.1162790697674
        ]
      ],
      "group_id": null,
      "shape_type": "polygon",
      "flags": {}
    },
    {
      "label": "oyster",
      "points": [
        [
          112.0,
          1265.0
        ],
        [
          64.0,
          1283.0
        ],
        [
          15.0,
          1318.0
        ],
        [
          15.0,
          1476.0
        ],
        [
          32.0,
          1520.0
        ],
        [
          60.0,
          1568.0
        ],
        [
          139.0,
          1629.0
        ],
        [
          263.0,
          1628.0
        ],
        [
          254.0,
          1447.0
        ],
        [
          236.0,
          1383.0
        ],
        [
          210.0,
          1337.0
        ],
        [
          180.0,
          1292.0
        ],
        [
          134.0,
          1268.0
        ]
      ],
      "group_id": null,
      "shape_type": "polygon",
      "flags": {}
    },
    {
      "label": "oyster",
      "points": [
        [
          825.0,
          903.0
        ],
        [
          767.0,
          922.0
        ],
        [
          721.0,
          939.0
        ],
        [
          667.0,
          957.0
        ],
        [
          614.0,
          991.0
        ],
        [
          575.0,
          1046.0
        ],
        [
          629.0,
          1138.0
        ],
        [
          716.0,
          1130.0
        ],
        [
          769.0,
          1103.0
        ],
        [
          919.0,
          1088.0
        ],
        [
          961.0,
          1067.0
        ],
        [
          994.0,
          1027.0
        ],
        [
          963.0,
          936.0
        ],
        [
          916.0,
          916.0
        ]
      ],
      "group_id": null,
      "shape_type": "polygon",
      "flags": {}
    },
    {
      "label": "oyster",
      "points": [
        [
          158.0,
          326.0
        ],
        [
          144.0,
          389.0
        ],
        [
          155.0,
          443.0
        ],
        [
          184.0,
          492.0
        ],
        [
          206.0,
          538.0
        ],
        [
          233.0,
          590.0
        ],
        [
          250.0,
          637.0
        ],
        [
          303.0,
          680.0
        ],
        [
          346.0,
          698.0
        ],
        [
          434.0,
          694.0
        ],
        [
          486.0,
          658.0
        ],
        [
          486.0,
          576.0
        ],
        [
          425.0,
          497.0
        ],
        [
          359.0,
          448.0
        ],
        [
          292.0,
          399.0
        ],
        [
          219.0,
          342.0
        ]
      ],
      "group_id": null,
      "shape_type": "polygon",
      "flags": {}
    },
    {
      "label": "oyster",
      "points": [
        [
          576.0,
          1295.0
        ],
        [
          537.0,
          1339.0
        ],
        [
          510.0,
          1390.0
        ],
        [
          522.0,
          1468.0
        ],
        [
          541.0,
          1525.0
        ],
        [
          622.0,
          1527.0
        ],
        [
          669.0,
          1470.0
        ],
        [
          666.0,
          1382.0
        ],
        [
          645.0,
          1339.0
        ],
        [
          603.0,
          1300.0
        ]
      ],
      "group_id": null,
      "shape_type": "polygon",
      "flags": {}
    },
    {
      "label": "oyster",
      "points": [
        [
          357.0,
          1460.0
        ],
        [
          295.0,
          1498.0
        ],
        [
          266.0,
          1590.0
        ],
        [
          287.0,
          1652.0
        ],
        [
          379.0,
          1652.0
        ],
        [
          470.0,
          1545.0
        ],
        [
          440.0,
          1482.0
        ],
        [
          390.0,
          1464.0
        ]
      ],
      "group_id": null,
      "shape_type": "polygon",
      "flags": {}
    },
    {
      "label": "oyster",
      "points": [
        [
          944.0,
          1169.0
        ],
        [
          884.0,
          1187.0
        ],
        [
          833.0,
          1235.0
        ],
        [
          810.0,
          1279.0
        ],
        [
          823.0,
          1350.0
        ],
        [
          844.0,
          1396.0
        ],
        [
          867.0,
          1450.0
        ],
        [
          938.0,
          1491.0
        ],
        [
          1027.0,
          1460.0
        ],
        [
          1045.0,
          1395.0
        ],
        [
          1034.0,
          1253.0
        ],
        [
          1011.0,
          1205.0
        ],
        [
          960.0,
          1170.0
        ]
      ],
      "group_id": null,
      "shape_type": "polygon",
      "flags": {}
    },
    {
      "label": "oyster",
      "points": [
        [
          375.0,
          169.0
        ],
        [
          326.0,
          217.0
        ],
        [
          284.0,
          276.0
        ],
        [
          266.0,
          381.0
        ],
        [
          360.0,
          449.0
        ],
        [
          418.0,
          461.0
        ],
        [
          426.0,
          366.0
        ],
        [
          445.0,
          317.0
        ],
        [
          429.0,
          213.0
        ],
        [
          394.0,
          173.0
        ]
      ],
      "group_id": null,
      "shape_type": "polygon",
      "flags": {}
    },
    {
      "label": "oyster",
      "points": [
        [
          702.0,
          1273.0
        ],
        [
          647.0,
          1305.0
        ],
        [
          669.0,
          1365.0
        ],
        [
          700.0,
          1414.0
        ],
        [
          729.0,
          1461.0
        ],
        [
          760.0,
          1510.0
        ],
        [
          800.8372093023256,
          1569.7674418604652
        ],
        [
          861.3023255813953,
          1572.093023255814
        ],
        [
          856.0,
          1442.0
        ],
        [
          838.0,
          1385.0
        ],
        [
          818.0,
          1339.0
        ],
        [
          792.0,
          1296.0
        ]
      ],
      "group_id": null,
      "shape_type": "polygon",
      "flags": {}
    },
    {
      "label": "oyster",
      "points": [
        [
          63.0,
          179.0
        ]
      ],
      "group_id": null,
      "shape_type": "polygon",
      "flags": {}
    },
    {
      "label": "oyster",
      "points": [
        [
          492.0,
          291.0
        ],
        [
          444.0,
          338.0
        ],
        [
          426.0,
          401.0
        ],
        [
          463.0,
          491.0
        ],
        [
          523.0,
          466.0
        ],
        [
          545.0,
          424.0
        ],
        [
          540.0,
          325.0
        ],
        [
          528.7441860465117,
          294.1860465116279
        ]
      ],
      "group_id": null,
      "shape_type": "polygon",
      "flags": {}
    },
    {
      "label": "oyster",
      "points": [
        [
          1081.0697674418604,
          930.232558139535
        ],
        [
          1002.0,
          1015.1162790697674
        ],
        [
          1005.0,
          1120.0
        ],
        [
          1023.0,
          1205.0
        ],
        [
          1073.0,
          1242.0
        ],
        [
          1130.0,
          1201.0
        ],
        [
          1206.0,
          1116.0
        ],
        [
          1190.0,
          1036.0
        ],
        [
          1163.0,
          991.0
        ],
        [
          1131.0,
          939.0
        ]
      ],
      "group_id": null,
      "shape_type": "polygon",
      "flags": {}
    },
    {
      "label": "oyster",
      "points": [
        [
          675.2558139534884,
          800.0
        ],
        [
          568.0,
          842.0
        ],
        [
          513.0,
          862.0
        ],
        [
          490.0,
          905.0
        ],
        [
          448.0,
          965.0
        ],
        [
          431.0,
          1030.0
        ],
        [
          447.0,
          1114.0
        ],
        [
          530.0,
          1090.0
        ],
        [
          565.0,
          1063.0
        ],
        [
          583.0,
          1008.0
        ],
        [
          649.0,
          950.0
        ],
        [
          704.3255813953488,
          919.7674418604652
        ],
        [
          728.7441860465117,
          815.1162790697674
        ]
      ],
      "group_id": null,
      "shape_type": "polygon",
      "flags": {}
    },
    {
      "label": "oyster",
      "points": [
        [
          1162.0,
          7.0
        ],
        [
          1030.0,
          50.0
        ],
        [
          1061.0,
          141.0
        ],
        [
          1104.0,
          161.0
        ],
        [
          1233.0,
          158.0
        ],
        [
          1270.0,
          117.0
        ],
        [
          1261.0,
          26.0
        ]
      ],
      "group_id": null,
      "shape_type": "polygon",
      "flags": {}
    },
    {
      "label": "oyster",
      "points": [
        [
          1.0,
          955.0
        ],
        [
          1.0,
          1253.0
        ],
        [
          106.0,
          1262.0
        ],
        [
          165.95348837209303,
          1245.3488372093022
        ],
        [
          128.0,
          1147.0
        ],
        [
          111.0,
          1102.0
        ],
        [
          93.0,
          1041.0
        ]
      ],
      "group_id": null,
      "shape_type": "polygon",
      "flags": {}
    },
    {
      "label": "oyster",
      "points": [
        [
          725.2558139534883,
          359.30232558139534
        ],
        [
          632.232558139535,
          382.5581395348837
        ],
        [
          555.4883720930233,
          474.4186046511628
        ],
        [
          448.51162790697674,
          509.30232558139534
        ],
        [
          590.3720930232558,
          536.046511627907
        ],
        [
          663.0,
          503.0
        ],
        [
          711.0,
          457.0
        ]
      ],
      "group_id": null,
      "shape_type": "polygon",
      "flags": {}
    },
    {
      "label": "oyster",
      "points": [
        [
          1040.0,
          425.0
        ],
        [
          975.0,
          476.0
        ],
        [
          978.7441860465117,
          527.9069767441861
        ],
        [
          1026.418604651163,
          559.3023255813954
        ],
        [
          1167.0,
          561.0
        ],
        [
          1255.0,
          545.0
        ],
        [
          1321.0,
          485.0
        ],
        [
          1192.0,
          455.0
        ],
        [
          1107.0,
          438.0
        ]
      ],
      "group_id": null,
      "shape_type": "polygon",
      "flags": {}
    },
    {
      "label": "oyster",
      "points": [
        [
          1231.0,
          838.0
        ],
        [
          1174.0,
          870.0
        ],
        [
          1157.8139534883721,
          953.4883720930233
        ],
        [
          1198.5116279069769,
          1033.7209302325582
        ],
        [
          1242.0,
          1076.0
        ],
        [
          1284.0,
          1095.0
        ],
        [
          1388.0,
          1095.0
        ],
        [
          1402.0,
          970.0
        ],
        [
          1339.0,
          923.0
        ],
        [
          1311.0,
          874.0
        ],
        [
          1249.0,
          838.0
        ]
      ],
      "group_id": null,
      "shape_type": "polygon",
      "flags": {}
    },
    {
      "label": "oyster",
      "points": [
        [
          292.6976744186046,
          1715.1162790697674
        ],
        [
          199.67441860465112,
          1729.0697674418604
        ],
        [
          150.83720930232556,
          1870.9302325581396
        ],
        [
          196.18604651162786,
          1917.4418604651164
        ],
        [
          560.1395348837209,
          1918.6046511627908
        ],
        [
          460.0,
          1763.0
        ],
        [
          404.0,
          1742.0
        ]
      ],
      "group_id": null,
      "shape_type": "polygon",
      "flags": {}
    },
    {
      "label": "oyster",
      "points": [
        [
          352.0,
          1185.0
        ],
        [
          237.0,
          1214.0
        ],
        [
          235.0,
          1303.0
        ],
        [
          270.0,
          1367.0
        ],
        [
          345.0,
          1423.0
        ],
        [
          376.0,
          1457.0
        ],
        [
          439.0,
          1475.0
        ],
        [
          487.0,
          1517.0
        ],
        [
          521.0,
          1463.0
        ],
        [
          509.0,
          1383.0
        ],
        [
          528.0,
          1328.0
        ],
        [
          521.0,
          1259.0
        ],
        [
          444.0,
          1197.0
        ]
      ],
      "group_id": null,
      "shape_type": "polygon",
      "flags": {}
    },
    {
      "label": "oyster",
      "points": [
        [
          772.0,
          1103.0
        ],
        [
          719.0,
          1136.0
        ],
        [
          666.0,
          1180.0
        ],
        [
          688.0,
          1245.0
        ],
        [
          794.0,
          1261.0
        ],
        [
          876.0,
          1186.0
        ],
        [
          926.0,
          1133.0
        ],
        [
          810.0,
          1104.0
        ]
      ],
      "group_id": null,
      "shape_type": "polygon",
      "flags": {}
    },
    {
      "label": "oyster",
      "points": [
        [
          396.0,
          1.0
        ],
        [
          158.0,
          5.0
        ],
        [
          292.0,
          138.0
        ],
        [
          456.0,
          201.0
        ],
        [
          480.0,
          105.0
        ]
      ],
      "group_id": null,
      "shape_type": "polygon",
      "flags": {}
    },
    {
      "label": "oyster",
      "points": [
        [
          823.0,
          343.0
        ],
        [
          791.0,
          341.0
        ],
        [
          775.0,
          353.0
        ],
        [
          659.0,
          253.0
        ],
        [
          825.0,
          49.0
        ],
        [
          859.0,
          135.0
        ],
        [
          863.0,
          249.0
        ]
      ],
      "group_id": null,
      "shape_type": "polygon",
      "flags": {}
    },
    {
      "label": "oyster",
      "points": [
        [
          501.0,
          667.0
        ],
        [
          555.0,
          673.0
        ],
        [
          519.0,
          723.0
        ],
        [
          467.0,
          765.0
        ],
        [
          325.0,
          787.0
        ],
        [
          231.0,
          781.0
        ],
        [
          171.0,
          757.0
        ],
        [
          167.0,
          699.0
        ],
        [
          217.0,
          601.0
        ],
        [
          263.0,
          673.0
        ],
        [
          355.0,
          707.0
        ],
        [
          439.0,
          703.0
        ]
      ],
      "group_id": null,
      "shape_type": "polygon",
      "flags": {}
    },
    {
      "label": "oyster",
      "points": [
        [
          131.06976744186045,
          331.3953488372093
        ],
        [
          121.76744186046511,
          413.95348837209303
        ],
        [
          95.02325581395348,
          472.093023255814
        ],
        [
          12.465116279069775,
          531.3953488372093
        ],
        [
          0.0,
          533.0
        ],
        [
          0.0,
          388.0
        ],
        [
          31.06976744186045,
          334.8837209302326
        ],
        [
          93.8604651162791,
          317.4418604651163
        ]
      ],
      "group_id": null,
      "shape_type": "polygon",
      "flags": {}
    },
    {
      "label": "oyster",
      "points": [
        [
          761.3023255813953,
          1595.3488372093022
        ],
        [
          761.3023255813953,
          1633.7209302325582
        ],
        [
          734.5581395348838,
          1682.5581395348838
        ],
        [
          746.1860465116279,
          1804.6511627906978
        ],
        [
          738.046511627907,
          1845.3488372093022
        ],
        [
          699.6744186046512,
          1893.0232558139535
        ],
        [
          670.6046511627907,
          1905.8139534883721
        ],
        [
          632.232558139535,
          1894.1860465116279
        ],
        [
          588.046511627907,
          1887.2093023255813
        ],
        [
          557.8139534883721,
          1795.3488372093022
        ],
        [
          567.1162790697674,
          1695.3488372093022
        ],
        [
          571.7674418604652,
          1623.2558139534883
        ],
        [
          568.2790697674419,
          1583.7209302325582
        ],
        [
          593.8604651162791,
          1561.6279069767443
        ],
        [
          664.7906976744187,
          1537.2093023255813
        ],
        [
          733.3953488372092,
          1550.0
        ]
      ],
      "group_id": null,
      "shape_type": "polygon",
      "flags": {}
    },
    {
      "label": "dead oyster",
      "points": [
        [
          756.3829787234042,
          374.46808510638294
        ],
        [
          724.4680851063829,
          386.17021276595744
        ],
        [
          715.9574468085106,
          446.80851063829783
        ],
        [
          750.0,
          477.65957446808505
        ],
        [
          811.7021276595744,
          488.2978723404255
        ],
        [
          843.6170212765957,
          465.9574468085106
        ],
        [
          874.4680851063829,
          436.17021276595744
        ],
        [
          871.2765957446808,
          392.55319148936167
        ],
        [
          837.2340425531914,
          365.9574468085106
        ],
        [
          778.7234042553191,
          361.70212765957444
        ]
      ],
      "group_id": null,
      "shape_type": "polygon",
      "flags": {}
    },
    {
      "label": "shell",
      "points": [
        [
          872.2222222222222,
          676.8518518518518
        ],
        [
          874.074074074074,
          638.8888888888888
        ],
        [
          822.2222222222222,
          624.074074074074
        ],
        [
          742.5925925925925,
          636.1111111111111
        ],
        [
          635.1851851851851,
          678.7037037037037
        ],
        [
          602.7777777777777,
          700.0
        ],
        [
          611.1111111111111,
          724.074074074074
        ],
        [
          737.9629629629629,
          773.1481481481482
        ],
        [
          738.8888888888888,
          708.3333333333333
        ],
        [
          783.3333333333333,
          680.5555555555555
        ],
        [
          822.2222222222222,
          697.2222222222222
        ],
        [
          884.2592592592592,
          677.7777777777777
        ]
      ],
      "group_id": null,
      "shape_type": "polygon",
      "flags": {}
    },
    {
      "label": "shell",
      "points": [
        [
          365.28205128205127,
          816.6666666666666
        ],
        [
          349.89743589743586,
          878.2051282051282
        ],
        [
          224.25641025641022,
          914.1025641025641
        ],
        [
          165.28205128205127,
          1050.0
        ],
        [
          139.64102564102564,
          1052.5641025641025
        ],
        [
          125.53846153846152,
          973.0769230769231
        ],
        [
          180.66666666666669,
          857.6923076923076
        ],
        [
          252.46153846153845,
          785.8974358974359
        ],
        [
          306.3076923076923,
          780.7692307692307
        ]
      ],
      "group_id": null,
      "shape_type": "polygon",
      "flags": {}
    },
    {
      "label": "shell",
      "points": [
        [
          1278.0,
          267.0
        ],
        [
          1282.0,
          351.0
        ],
        [
          1182.0,
          429.0
        ],
        [
          1150.0,
          437.0
        ],
        [
          1052.0,
          403.0
        ],
        [
          1016.0,
          269.0
        ],
        [
          1060.0,
          209.0
        ],
        [
          1110.0,
          175.0
        ],
        [
          1206.0,
          181.0
        ],
        [
          1282.0,
          207.0
        ]
      ],
      "group_id": null,
      "shape_type": "polygon",
      "flags": {}
    },
    {
      "label": "shell",
      "points": [
        [
          1322.0,
          1515.0
        ],
        [
          1336.0,
          1403.0
        ],
        [
          1310.0,
          1289.0
        ],
        [
          1158.0,
          1175.0
        ],
        [
          1080.0,
          1205.0
        ],
        [
          1078.0,
          1267.0
        ],
        [
          1116.0,
          1327.0
        ],
        [
          1184.0,
          1325.0
        ],
        [
          1296.0,
          1389.0
        ],
        [
          1280.0,
          1487.0
        ],
        [
          1326.0,
          1535.0
        ]
      ],
      "group_id": null,
      "shape_type": "polygon",
      "flags": {}
    },
    {
      "label": "dead oyster",
      "points": [
        [
          1285.888888888889,
          1402.7777777777778
        ],
        [
          1281.7222222222222,
          1466.6666666666667
        ],
        [
          1210.888888888889,
          1506.9444444444446
        ],
        [
          1128.9444444444446,
          1495.8333333333335
        ],
        [
          1078.9444444444446,
          1462.5
        ],
        [
          1062.2777777777778,
          1412.5
        ],
        [
          1101.1666666666667,
          1351.388888888889
        ],
        [
          1145.611111111111,
          1325.0
        ],
        [
          1201.1666666666667,
          1329.1666666666667
        ],
        [
          1251.1666666666667,
          1369.4444444444446
        ],
        [
          1280.3333333333335,
          1384.7222222222222
        ]
      ],
      "group_id": null,
      "shape_type": "polygon",
      "flags": {}
    },
    {
      "label": "shell",
      "points": [
        [
          1251.1666666666667,
          1609.7222222222222
        ],
        [
          1153.9444444444446,
          1787.5
        ],
        [
          1165.0555555555557,
          1870.8333333333335
        ],
        [
          1187.2777777777778,
          1908.3333333333335
        ],
        [
          1283.111111111111,
          1913.888888888889
        ],
        [
          1403.9444444444446,
          1823.611111111111
        ],
        [
          1437.2777777777778,
          1751.388888888889
        ],
        [
          1439,
          1694
        ],
        [
          1413.6666666666667,
          1591.6666666666667
        ],
        [
          1310.888888888889,
          1590.2777777777778
        ]
      ],
      "group_id": null,
      "shape_type": "polygon",
      "flags": {}
    }
  ],
  "imagePath": "201.jpg",
  "imageData": null,
  "imageHeight": 1920,
  "imageWidth": 1440
}