{
  "version": "4.5.6",
  "flags": {},
  "shapes": [
    {
      "label": "oyster",
      "points": [
        [
          329.0,
          1209.0
        ],
        [
          278.0,
          1240.0
        ],
        [
          268.0,
          1342.0
        ],
        [
          368.0,
          1364.0
        ],
        [
          433.0,
          1299.0
        ],
        [
          417.0,
          1235.0
        ],
        [
          370.0,
          1216.0
        ]
      ],
      "group_id": null,
      "shape_type": "polygon",
      "flags": {}
    },
    {
      "label": "oyster",
      "points": [
        [
          753.0,
          709.0
        ],
        [
          698.0,
          728.0
        ],
        [
          653.0,
          745.0
        ],
        [
          598.0,
          765.0
        ],
        [
          554.0,
          797.0
        ],
        [
          535.0,
          841.0
        ],
        [
          591.0,
          929.0
        ],
        [
          658.0,
          919.0
        ],
        [
          707.0,
          894.0
        ],
        [
          845.0,
          876.0
        ],
        [
          896.0,
          836.0
        ],
        [
          859.0,
          726.0
        ]
      ],
      "group_id": null,
      "shape_type": "polygon",
      "flags": {}
    },
    {
      "label": "oyster",
      "points": [
        [
          289.8085106382979,
          701.2978723404254
        ],
        [
          242.8085106382979,
          737.2978723404254
        ],
        [
          223.8085106382979,
          778.2978723404254
        ],
        [
          212.8085106382979,
          851.2978723404254
        ],
        [
          256.8085106382979,
          887.2978723404254
        ],
        [
          383.8085106382979,
          867.2978723404254
        ],
        [
          362.8085106382979,
          764.2978723404254
        ],
        [
          307.8085106382979,
          703.2978723404254
        ]
      ],
      "group_id": null,
      "shape_type": "polygon",
      "flags": {}
    },
    {
      "label": "oyster",
      "points": [
        [
          109.0,
          1032.0
        ],
        [
          27.0,
          1093.0
        ],
        [
          35.0,
          1186.0
        ],
        [
          53.0,
          1232.0
        ],
        [
          72.0,
          1272.0
        ],
        [
          143.0,
          1338.0
        ],
        [
          244.0,
          1353.0
        ],
        [
          250.0,
          1201.0
        ],
        [
          231.0,
          1127.0
        ],
        [
          204.0,
          1083.0
        ],
        [
          161.0,
          1045.0
        ]
      ],
      "group_id": null,
      "shape_type": "polygon",
      "flags": {}
    },
    {
      "label": "oyster",
      "points": [
        [
          513.0,
          1054.0
        ],
        [
          464.0,
          1134.0
        ],
        [
          481.0,
          1213.0
        ],
        [
          507.0,
          1269.0
        ],
        [
          582.0,
          1258.0
        ],
        [
          623.0,
          1209.0
        ],
        [
          620.0,
          1137.0
        ],
        [
          593.0,
          1093.0
        ],
        [
          547.0,
          1059.0
        ]
      ],
      "group_id": null,
      "shape_type": "polygon",
      "flags": {}
    },
    {
      "label": "oyster",
      "points": [
        [
          246.0,
          1403.0
        ],
        [
          195.0,
          1468.0
        ],
        [
          172.0,
          1519.0
        ],
        [
          217.0,
          1585.0
        ],
        [
          265.0,
          1602.0
        ],
        [
          466.0,
          1606.0
        ],
        [
          543.0,
          1565.0
        ],
        [
          509.0,
          1526.0
        ],
        [
          426.0,
          1437.0
        ],
        [
          367.0,
          1417.0
        ]
      ],
      "group_id": null,
      "shape_type": "polygon",
      "flags": {}
    },
    {
      "label": "oyster",
      "points": [
        [
          1149.0,
          1314.0
        ],
        [
          1081.0,
          1362.0
        ],
        [
          1064.0,
          1439.0
        ],
        [
          1046.0,
          1488.0
        ],
        [
          1057.0,
          1549.0
        ],
        [
          1131.0,
          1566.0
        ],
        [
          1197.0,
          1524.0
        ],
        [
          1241.0,
          1503.0
        ],
        [
          1282.0,
          1468.0
        ],
        [
          1272.0,
          1370.0
        ],
        [
          1208.0,
          1322.0
        ]
      ],
      "group_id": null,
      "shape_type": "polygon",
      "flags": {}
    },
    {
      "label": "oyster",
      "points": [
        [
          168.0,
          186.0
        ],
        [
          147.0,
          243.0
        ],
        [
          164.0,
          294.0
        ],
        [
          189.0,
          338.0
        ],
        [
          209.0,
          380.0
        ],
        [
          233.0,
          422.0
        ],
        [
          251.0,
          472.0
        ],
        [
          293.0,
          509.0
        ],
        [
          339.0,
          528.0
        ],
        [
          435.0,
          514.0
        ],
        [
          466.0,
          476.0
        ],
        [
          436.0,
          385.0
        ],
        [
          343.0,
          304.0
        ],
        [
          243.0,
          217.0
        ],
        [
          197.0,
          192.0
        ]
      ],
      "group_id": null,
      "shape_type": "polygon",
      "flags": {}
    },
    {
      "label": "oyster",
      "points": [
        [
          980.0,
          750.0
        ],
        [
          909.0,
          814.0
        ],
        [
          916.0,
          918.0
        ],
        [
          934.0,
          989.0
        ],
        [
          1009.0,
          1000.0
        ],
        [
          1095.0,
          913.0
        ],
        [
          1075.0,
          823.0
        ],
        [
          1051.0,
          779.0
        ]
      ],
      "group_id": null,
      "shape_type": "polygon",
      "flags": {}
    },
    {
      "label": "oyster",
      "points": [
        [
          673.0,
          1041.0
        ],
        [
          600.0,
          1091.0
        ],
        [
          624.0,
          1135.0
        ],
        [
          650.0,
          1179.0
        ],
        [
          673.0,
          1221.0
        ],
        [
          700.0,
          1265.0
        ],
        [
          771.0,
          1284.0
        ],
        [
          768.0,
          1149.0
        ],
        [
          751.0,
          1100.0
        ],
        [
          719.0,
          1051.0
        ]
      ],
      "group_id": null,
      "shape_type": "polygon",
      "flags": {}
    },
    {
      "label": "oyster",
      "points": [
        [
          843.0,
          1593.0
        ],
        [
          779.0,
          1641.0
        ],
        [
          784.0,
          1808.0
        ],
        [
          845.0,
          1839.0
        ],
        [
          979.0,
          1792.0
        ],
        [
          974.0,
          1685.0
        ],
        [
          954.0,
          1646.0
        ],
        [
          890.0,
          1600.0
        ]
      ],
      "group_id": null,
      "shape_type": "polygon",
      "flags": {}
    },
    {
      "label": "oyster",
      "points": [
        [
          1119.0,
          660.0
        ],
        [
          1060.0,
          695.0
        ],
        [
          1052.0,
          771.0
        ],
        [
          1082.0,
          830.0
        ],
        [
          1137.0,
          876.0
        ],
        [
          1177.0,
          894.0
        ],
        [
          1266.0,
          892.0
        ],
        [
          1285.0,
          787.0
        ],
        [
          1219.0,
          720.0
        ],
        [
          1180.0,
          668.0
        ]
      ],
      "group_id": null,
      "shape_type": "polygon",
      "flags": {}
    },
    {
      "label": "oyster",
      "points": [
        [
          850.0,
          957.0
        ],
        [
          789.0,
          976.0
        ],
        [
          742.0,
          1035.0
        ],
        [
          750.0,
          1094.0
        ],
        [
          767.0,
          1138.0
        ],
        [
          794.0,
          1189.0
        ],
        [
          848.0,
          1220.0
        ],
        [
          915.0,
          1231.0
        ],
        [
          947.0,
          1174.0
        ],
        [
          949.0,
          1037.0
        ],
        [
          921.0,
          985.0
        ]
      ],
      "group_id": null,
      "shape_type": "polygon",
      "flags": {}
    },
    {
      "label": "oyster",
      "points": [
        [
          452.0,
          1302.0
        ],
        [
          385.0,
          1363.0
        ],
        [
          400.0,
          1425.0
        ],
        [
          470.0,
          1477.0
        ],
        [
          513.0,
          1441.0
        ],
        [
          491.0,
          1314.0
        ]
      ],
      "group_id": null,
      "shape_type": "polygon",
      "flags": {}
    },
    {
      "label": "oyster",
      "points": [
        [
          583.0,
          1297.0
        ],
        [
          539.8085106382978,
          1358.5106382978722
        ],
        [
          523.8510638297872,
          1503.191489361702
        ],
        [
          558.0,
          1568.0
        ],
        [
          607.0,
          1588.0
        ],
        [
          659.0,
          1564.0
        ],
        [
          681.0,
          1521.0
        ],
        [
          671.0,
          1410.0
        ],
        [
          685.5531914893617,
          1324.468085106383
        ]
      ],
      "group_id": null,
      "shape_type": "polygon",
      "flags": {}
    },
    {
      "label": "oyster",
      "points": [
        [
          1385.0,
          1279.0
        ],
        [
          1314.0,
          1310.0
        ],
        [
          1304.0,
          1489.0
        ],
        [
          1349.0,
          1539.0
        ],
        [
          1407.0,
          1526.0
        ],
        [
          1429.0,
          1331.0
        ]
      ],
      "group_id": null,
      "shape_type": "polygon",
      "flags": {}
    },
    {
      "label": "oyster",
      "points": [
        [
          1024.0,
          1683.0
        ],
        [
          1022.0,
          1785.0
        ],
        [
          1083.0,
          1802.0
        ],
        [
          1126.0,
          1775.0
        ],
        [
          1107.0,
          1719.0
        ],
        [
          1071.0,
          1686.0
        ]
      ],
      "group_id": null,
      "shape_type": "polygon",
      "flags": {}
    },
    {
      "label": "oyster",
      "points": [
        [
          224.0,
          442.0
        ],
        [
          163.0,
          496.0
        ],
        [
          157.0,
          567.0
        ],
        [
          221.0,
          604.0
        ],
        [
          352.0,
          599.0
        ],
        [
          501.0,
          557.0
        ],
        [
          511.0,
          501.0
        ],
        [
          343.0,
          545.0
        ],
        [
          245.0,
          482.0
        ]
      ],
      "group_id": null,
      "shape_type": "polygon",
      "flags": {}
    },
    {
      "label": "oyster",
      "points": [
        [
          659.0,
          613.0
        ],
        [
          481.0,
          671.0
        ],
        [
          421.0,
          778.0
        ],
        [
          416.0,
          889.0
        ],
        [
          519.0,
          865.0
        ],
        [
          538.0,
          812.0
        ],
        [
          579.0,
          754.0
        ],
        [
          671.0,
          683.0
        ]
      ],
      "group_id": null,
      "shape_type": "polygon",
      "flags": {}
    },
    {
      "label": "oyster",
      "points": [
        [
          669.595744680851,
          258.51063829787233
        ],
        [
          664.2765957446808,
          321.27659574468083
        ],
        [
          597.2553191489361,
          386.17021276595744
        ],
        [
          528.1063829787233,
          388.2978723404255
        ],
        [
          452.57446808510633,
          374.46808510638294
        ],
        [
          514.2765957446808,
          341.48936170212767
        ],
        [
          534.4893617021277,
          223.40425531914892
        ],
        [
          607.8936170212766,
          234.04255319148936
        ]
      ],
      "group_id": null,
      "shape_type": "polygon",
      "flags": {}
    },
    {
      "label": "oyster",
      "points": [
        [
          1187.6808510638298,
          354.25531914893617
        ],
        [
          1154.7021276595744,
          382.9787234042553
        ],
        [
          1066.404255319149,
          403.1914893617021
        ],
        [
          997.255319148936,
          415.9574468085106
        ],
        [
          931.2978723404256,
          418.0851063829787
        ],
        [
          894.063829787234,
          373.4042553191489
        ],
        [
          919.5957446808509,
          300.0
        ],
        [
          962.1489361702127,
          287.23404255319144
        ],
        [
          1004.7021276595744,
          307.4468085106383
        ],
        [
          1056.8297872340424,
          321.27659574468083
        ],
        [
          1098.3191489361702,
          330.8510638297872
        ],
        [
          1131.2978723404256,
          325.531914893617
        ],
        [
          1170.659574468085,
          332.9787234042553
        ]
      ],
      "group_id": null,
      "shape_type": "polygon",
      "flags": {}
    },
    {
      "label": "oyster",
      "points": [
        [
          1390.8723404255318,
          571.2765957446808
        ],
        [
          1360.0212765957447,
          611.7021276595744
        ],
        [
          1311.0851063829787,
          637.2340425531914
        ],
        [
          1256.8297872340424,
          639.3617021276596
        ],
        [
          1178.1063829787233,
          621.2765957446808
        ],
        [
          1139.8085106382978,
          587.2340425531914
        ],
        [
          1121.723404255319,
          515.9574468085106
        ],
        [
          1177.0425531914893,
          495.7446808510638
        ],
        [
          1273.851063829787,
          502.12765957446805
        ],
        [
          1375.978723404255,
          547.8723404255319
        ]
      ],
      "group_id": null,
      "shape_type": "polygon",
      "flags": {}
    },
    {
      "label": "oyster",
      "points": [
        [
          439.8085106382978,
          1704.255319148936
        ],
        [
          488.7446808510638,
          1724.468085106383
        ],
        [
          518.531914893617,
          1757.4468085106382
        ],
        [
          562.1489361702127,
          1806.3829787234042
        ],
        [
          579.1702127659574,
          1855.31914893617
        ],
        [
          507.89361702127655,
          1880.851063829787
        ],
        [
          453.63829787234033,
          1872.340425531915
        ],
        [
          421.7234042553191,
          1855.31914893617
        ],
        [
          425.97872340425533,
          1785.1063829787233
        ],
        [
          436.61702127659566,
          1744.6808510638298
        ]
      ],
      "group_id": null,
      "shape_type": "polygon",
      "flags": {}
    },
    {
      "label": "oyster",
      "points": [
        [
          141.93617021276594,
          192.5531914893617
        ],
        [
          132.36170212765956,
          282.9787234042553
        ],
        [
          125.97872340425528,
          326.59574468085106
        ],
        [
          82.36170212765956,
          363.82978723404256
        ],
        [
          20.65957446808511,
          401.063829787234
        ],
        [
          0.4468085106382773,
          374.46808510638294
        ],
        [
          0.0,
          335.0
        ],
        [
          8.95744680851061,
          235.1063829787234
        ],
        [
          56.829787234042556,
          197.87234042553192
        ],
        [
          98.31914893617017,
          181.91489361702128
        ],
        [
          134.4893617021276,
          181.91489361702128
        ]
      ],
      "group_id": null,
      "shape_type": "polygon",
      "flags": {}
    },
    {
      "label": "oyster",
      "points": [
        [
          1365.340425531915,
          1264.8936170212764
        ],
        [
          1300.4468085106382,
          1309.5744680851062
        ],
        [
          1298.3191489361702,
          1321.2765957446807
        ],
        [
          1231.2978723404253,
          1286.1702127659573
        ],
        [
          1206.8297872340424,
          1228.723404255319
        ],
        [
          1200.4468085106382,
          1145.7446808510638
        ],
        [
          1208.9574468085104,
          1089.3617021276596
        ],
        [
          1234.4893617021276,
          1061.7021276595744
        ],
        [
          1291.9361702127658,
          1097.8723404255318
        ],
        [
          1360.0212765957447,
          1146.8085106382978
        ],
        [
          1373.851063829787,
          1210.6382978723404
        ]
      ],
      "group_id": null,
      "shape_type": "polygon",
      "flags": {}
    },
    {
      "label": "shell",
      "points": [
        [
          1078.0,
          981.0
        ],
        [
          1158.0,
          1043.0
        ],
        [
          1196.0,
          1117.0
        ],
        [
          1202.0,
          1265.0
        ],
        [
          1138.0,
          1239.0
        ],
        [
          1158.0,
          1157.0
        ],
        [
          1152.0,
          1131.0
        ],
        [
          1078.0,
          1079.0
        ],
        [
          1026.0,
          1101.0
        ],
        [
          998.0,
          1063.0
        ],
        [
          998.0,
          1025.0
        ],
        [
          1040.0,
          979.0
        ]
      ],
      "group_id": null,
      "shape_type": "polygon",
      "flags": {}
    },
    {
      "label": "shell",
      "points": [
        [
          1116.0,
          1239.0
        ],
        [
          1070.0,
          1341.0
        ],
        [
          962.0,
          1387.0
        ],
        [
          852.0,
          1349.0
        ],
        [
          886.0,
          1247.0
        ],
        [
          948.0,
          1173.0
        ],
        [
          1032.0,
          1121.0
        ],
        [
          1092.0,
          1123.0
        ],
        [
          1124.0,
          1145.0
        ],
        [
          1134.0,
          1165.0
        ]
      ],
      "group_id": null,
      "shape_type": "polygon",
      "flags": {}
    },
    {
      "label": "shell",
      "points": [
        [
          364.0,
          1623.0
        ],
        [
          372.0,
          1717.0
        ],
        [
          276.0,
          1865.0
        ],
        [
          0,
          1788
        ],
        [
          4.0,
          1611.0
        ],
        [
          100.0,
          1585.0
        ],
        [
          228.0,
          1601.0
        ],
        [
          332.0,
          1613.0
        ]
      ],
      "group_id": null,
      "shape_type": "polygon",
      "flags": {}
    },
    {
      "label": "shell",
      "points": [
        [
          1276.0,
          1819.0
        ],
        [
          1250.0,
          1677.0
        ],
        [
          1098.0,
          1607.0
        ],
        [
          1088.0,
          1691.0
        ],
        [
          1120.0,
          1783.0
        ],
        [
          1182.0,
          1807.0
        ],
        [
          1240.0,
          1829.0
        ]
      ],
      "group_id": null,
      "shape_type": "polygon",
      "flags": {}
    }
  ],
  "imagePath": "202.jpg",
  "imageData": null,
  "imageHeight": 1920,
  "imageWidth": 1440
}