{
  "version": "4.5.6",
  "flags": {},
  "shapes": [
    {
      "label": "oyster",
      "points": [
        [
          434.0,
          829.0
        ],
        [
          307.0,
          845.0
        ],
        [
          237.0,
          880.0
        ],
        [
          186.0,
          914.0
        ],
        [
          126.0,
          949.0
        ],
        [
          63.0,
          1005.0
        ],
        [
          10.0,
          1070.0
        ],
        [
          15.0,
          1771.0
        ],
        [
          138.0,
          1762.0
        ],
        [
          208.0,
          1709.0
        ],
        [
          254.0,
          1656.0
        ],
        [
          273.0,
          1614.0
        ],
        [
          292.0,
          1571.0
        ],
        [
          320.0,
          1520.0
        ],
        [
          338.0,
          1480.0
        ],
        [
          371.0,
          1430.0
        ],
        [
          407.0,
          1375.0
        ],
        [
          427.0,
          1333.0
        ],
        [
          447.0,
          1293.0
        ],
        [
          477.0,
          1244.0
        ],
        [
          497.0,
          1204.0
        ],
        [
          522.0,
          1162.0
        ],
        [
          539.0,
          1084.0
        ],
        [
          505.0,
          856.0
        ]
      ],
      "group_id": null,
      "shape_type": "polygon",
      "flags": {}
    },
    {
      "label": "oyster",
      "points": [
        [
          682.0,
          407.0
        ],
        [
          597.0,
          447.0
        ],
        [
          565.0,
          510.0
        ],
        [
          508.0,
          592.0
        ],
        [
          437.0,
          655.0
        ],
        [
          388.0,
          683.0
        ],
        [
          343.0,
          710.0
        ],
        [
          307.0,
          782.0
        ],
        [
          374.0,
          831.0
        ],
        [
          459.0,
          817.0
        ],
        [
          538.0,
          846.0
        ],
        [
          575.0,
          903.0
        ],
        [
          724.0,
          920.0
        ],
        [
          976.0,
          936.0
        ],
        [
          1068.0,
          904.0
        ],
        [
          1088.0,
          668.0
        ],
        [
          1043.0,
          525.0
        ],
        [
          1003.0,
          504.0
        ],
        [
          965.0,
          486.0
        ],
        [
          918.0,
          456.0
        ],
        [
          877.0,
          433.0
        ],
        [
          839.0,
          414.0
        ]
      ],
      "group_id": null,
      "shape_type": "polygon",
      "flags": {}
    },
    {
      "label": "oyster",
      "points": [
        [
          808.0,
          13.0
        ],
        [
          823.0,
          187.0
        ],
        [
          840.0,
          285.0
        ],
        [
          889.0,
          351.0
        ],
        [
          913.0,
          400.0
        ],
        [
          942.0,
          447.0
        ],
        [
          994.0,
          495.0
        ],
        [
          1039.0,
          515.0
        ],
        [
          1091.0,
          581.0
        ],
        [
          1122.0,
          619.0
        ],
        [
          1212.0,
          633.0
        ],
        [
          1287.0,
          593.0
        ],
        [
          1318.0,
          316.0
        ],
        [
          1297.0,
          223.0
        ],
        [
          1193.0,
          140.0
        ],
        [
          1142.0,
          122.0
        ],
        [
          1086.0,
          99.0
        ],
        [
          1035.0,
          79.0
        ],
        [
          996.0,
          53.0
        ]
      ],
      "group_id": null,
      "shape_type": "polygon",
      "flags": {}
    },
    {
      "label": "oyster",
      "points": [
        [
          17.0,
          562.0
        ],
        [
          25.0,
          875.0
        ],
        [
          43.0,
          916.0
        ],
        [
          123.0,
          950.0
        ],
        [
          170.0,
          922.0
        ],
        [
          212.0,
          897.0
        ],
        [
          263.0,
          844.0
        ],
        [
          269.0,
          648.0
        ],
        [
          214.0,
          598.0
        ],
        [
          172.0,
          579.0
        ]
      ],
      "group_id": null,
      "shape_type": "polygon",
      "flags": {}
    },
    {
      "label": "oyster",
      "points": [
        [
          1147.0,
          1590.0
        ],
        [
          1067.0,
          1650.0
        ],
        [
          1038.0,
          1697.0
        ],
        [
          1016.0,
          1743.0
        ],
        [
          998.0,
          1791.0
        ],
        [
          979.0,
          1840.0
        ],
        [
          998.0,
          1902.0
        ],
        [
          1384.0,
          1919.0
        ],
        [
          1434.0,
          1799.0
        ],
        [
          1339.0,
          1716.0
        ],
        [
          1306.0,
          1666.0
        ],
        [
          1251.0,
          1617.0
        ],
        [
          1201.0,
          1593.0
        ]
      ],
      "group_id": null,
      "shape_type": "polygon",
      "flags": {}
    },
    {
      "label": "oyster",
      "points": [
        [
          100.0,
          25.0
        ]
      ],
      "group_id": null,
      "shape_type": "polygon",
      "flags": {}
    },
    {
      "label": "oyster",
      "points": [
        [
          1409.0,
          201.0
        ],
        [
          1366.0,
          251.0
        ],
        [
          1356.0,
          318.0
        ],
        [
          1340.0,
          423.0
        ],
        [
          1357.0,
          587.0
        ],
        [
          1377.0,
          647.0
        ],
        [
          1400.0,
          693.0
        ],
        [
          1438.0,
          727.0
        ],
        [
          1427.0,
          217.0
        ]
      ],
      "group_id": null,
      "shape_type": "polygon",
      "flags": {}
    },
    {
      "label": "oyster",
      "points": [
        [
          1008.0,
          637.0
        ],
        [
          602.0,
          561.0
        ],
        [
          572.0,
          429.0
        ],
        [
          714.0,
          397.0
        ],
        [
          872.0,
          471.0
        ],
        [
          1004.0,
          537.0
        ],
        [
          1016.0,
          597.0
        ]
      ],
      "group_id": null,
      "shape_type": "polygon",
      "flags": {}
    },
    {
      "label": "oyster",
      "points": [
        [
          1346.0,
          1237.0
        ],
        [
          1310.0,
          1111.0
        ],
        [
          1424.0,
          967.0
        ],
        [
          1428.0,
          1345.0
        ]
      ],
      "group_id": null,
      "shape_type": "polygon",
      "flags": {}
    },
    {
      "label": "oyster",
      "points": [
        [
          1016.0,
          1553.0
        ],
        [
          954.0,
          1455.0
        ],
        [
          842.0,
          1425.0
        ],
        [
          646.0,
          1403.0
        ],
        [
          434.0,
          1473.0
        ],
        [
          364.0,
          1543.0
        ],
        [
          298.0,
          1667.0
        ],
        [
          270.0,
          1791.0
        ],
        [
          420.0,
          1705.0
        ],
        [
          486.0,
          1753.0
        ],
        [
          356.0,
          1831.0
        ],
        [
          385.0,
          1919.0
        ],
        [
          920.0,
          1915.0
        ],
        [
          912.0,
          1809.0
        ],
        [
          992.0,
          1609.0
        ]
      ],
      "group_id": null,
      "shape_type": "polygon",
      "flags": {}
    },
    {
      "label": "shell",
      "points": [
        [
          570.0,
          913.0
        ],
        [
          690.0,
          917.0
        ],
        [
          770.0,
          963.0
        ],
        [
          834.0,
          1053.0
        ],
        [
          818.0,
          1213.0
        ],
        [
          736.0,
          1287.0
        ],
        [
          440.0,
          1339.0
        ],
        [
          530.0,
          1173.0
        ],
        [
          552.0,
          1055.0
        ],
        [
          552.0,
          967.0
        ]
      ],
      "group_id": null,
      "shape_type": "polygon",
      "flags": {}
    },
    {
      "label": "shell",
      "points": [
        [
          1428.0,
          871.0
        ],
        [
          1142.0,
          1105.0
        ],
        [
          1024.0,
          1159.0
        ],
        [
          1014.0,
          1249.0
        ],
        [
          1058.0,
          1415.0
        ],
        [
          1122.0,
          1493.0
        ],
        [
          1210.0,
          1527.0
        ],
        [
          1439,
          1504
        ],
        [
          1439,
          1357
        ],
        [
          1439,
          861
        ]
      ],
      "group_id": null,
      "shape_type": "polygon",
      "flags": {}
    }
  ],
  "imagePath": "21.jpg",
  "imageData": null,
  "imageHeight": 1920,
  "imageWidth": 1440
}