{
  "version": "4.5.6",
  "flags": {},
  "shapes": [
    {
      "label": "oyster",
      "points": [
        [
          1077.0,
          827.0
        ],
        [
          1037.0,
          923.0
        ],
        [
          1011.0,
          1025.0
        ],
        [
          1009.0,
          1135.0
        ],
        [
          969.0,
          1231.0
        ],
        [
          933.0,
          1291.0
        ],
        [
          791.0,
          1303.0
        ],
        [
          763.0,
          1221.0
        ],
        [
          663.0,
          1231.0
        ],
        [
          575.0,
          1183.0
        ],
        [
          521.0,
          1135.0
        ],
        [
          469.0,
          969.0
        ],
        [
          447.0,
          929.0
        ],
        [
          431.0,
          863.0
        ],
        [
          531.0,
          695.0
        ],
        [
          661.0,
          647.0
        ],
        [
          869.0,
          639.0
        ],
        [
          905.0,
          641.0
        ],
        [
          961.0,
          749.0
        ],
        [
          1051.0,
          771.0
        ],
        [
          1095.0,
          769.0
        ]
      ],
      "group_id": null,
      "shape_type": "polygon",
      "flags": {}
    },
    {
      "label": "oyster",
      "points": [
        [
          1363.0,
          297.0
        ],
        [
          1325.0,
          511.0
        ],
        [
          1217.0,
          623.0
        ],
        [
          1117.0,
          711.0
        ],
        [
          1059.0,
          755.0
        ],
        [
          997.0,
          743.0
        ],
        [
          949.0,
          705.0
        ],
        [
          911.0,
          575.0
        ],
        [
          869.0,
          399.0
        ],
        [
          837.0,
          191.0
        ],
        [
          853.0,
          107.0
        ],
        [
          933.0,
          99.0
        ],
        [
          1021.0,
          37.0
        ],
        [
          1167.0,
          81.0
        ],
        [
          1217.0,
          87.0
        ],
        [
          1235.0,
          167.0
        ],
        [
          1287.0,
          269.0
        ]
      ],
      "group_id": null,
      "shape_type": "polygon",
      "flags": {}
    },
    {
      "label": "oyster",
      "points": [
        [
          1437.0,
          299.0
        ],
        [
          1317.0,
          243.0
        ],
        [
          1257.0,
          167.0
        ],
        [
          1227.0,
          79.0
        ],
        [
          1209.0,
          43.0
        ],
        [
          1205.0,
          9.0
        ],
        [
          1437.0,
          9.0
        ]
      ],
      "group_id": null,
      "shape_type": "polygon",
      "flags": {}
    },
    {
      "label": "oyster",
      "points": [
        [
          397.0,
          827.0
        ],
        [
          427.0,
          885.0
        ],
        [
          441.0,
          945.0
        ],
        [
          467.0,
          993.0
        ],
        [
          577.0,
          1403.0
        ],
        [
          549.0,
          1485.0
        ],
        [
          483.0,
          1473.0
        ],
        [
          413.0,
          1365.0
        ],
        [
          289.0,
          1155.0
        ],
        [
          179.0,
          1011.0
        ],
        [
          143.0,
          935.0
        ],
        [
          151.0,
          873.0
        ],
        [
          207.0,
          815.0
        ],
        [
          299.0,
          825.0
        ],
        [
          333.0,
          815.0
        ]
      ],
      "group_id": null,
      "shape_type": "polygon",
      "flags": {}
    },
    {
      "label": "oyster",
      "points": [
        [
          777.0,
          1357.0
        ],
        [
          765.0,
          1457.0
        ],
        [
          733.0,
          1563.0
        ],
        [
          697.0,
          1667.0
        ],
        [
          635.0,
          1727.0
        ],
        [
          569.0,
          1785.0
        ],
        [
          479.0,
          1797.0
        ],
        [
          397.0,
          1721.0
        ],
        [
          489.0,
          1485.0
        ],
        [
          557.0,
          1499.0
        ],
        [
          595.0,
          1431.0
        ],
        [
          619.0,
          1339.0
        ],
        [
          659.0,
          1249.0
        ],
        [
          751.0,
          1229.0
        ],
        [
          791.0,
          1317.0
        ]
      ],
      "group_id": null,
      "shape_type": "polygon",
      "flags": {}
    },
    {
      "label": "oyster",
      "points": [
        [
          824.0,
          81.0
        ],
        [
          824.0,
          141.0
        ],
        [
          818.0,
          239.0
        ],
        [
          800.0,
          289.0
        ],
        [
          800.0,
          339.0
        ],
        [
          726.0,
          371.0
        ],
        [
          698.0,
          439.0
        ],
        [
          510.0,
          443.0
        ],
        [
          362.0,
          459.0
        ],
        [
          286.0,
          447.0
        ],
        [
          246.0,
          371.0
        ],
        [
          148.0,
          319.0
        ],
        [
          128.0,
          275.0
        ],
        [
          188.0,
          121.0
        ],
        [
          222.0,
          33.0
        ],
        [
          253.0,
          0.0
        ],
        [
          766.0,
          5.0
        ],
        [
          816.0,
          41.0
        ]
      ],
      "group_id": null,
      "shape_type": "polygon",
      "flags": {}
    },
    {
      "label": "shell",
      "points": [
        [
          1150.0,
          935.0
        ],
        [
          1086.0,
          849.0
        ],
        [
          1076.0,
          731.0
        ],
        [
          1128.0,
          675.0
        ],
        [
          1206.0,
          627.0
        ],
        [
          1292.0,
          645.0
        ],
        [
          1439.0,
          700.0
        ],
        [
          1439.0,
          1033.0
        ],
        [
          1430.0,
          983.0
        ],
        [
          1372.0,
          945.0
        ],
        [
          1282.0,
          881.0
        ],
        [
          1226.0,
          911.0
        ],
        [
          1182.0,
          939.0
        ]
      ],
      "group_id": null,
      "shape_type": "polygon",
      "flags": {}
    },
    {
      "label": "dead oyster",
      "points": [
        [
          1380.0,
          1253.0
        ],
        [
          1439.0,
          1231.0
        ],
        [
          1439.0,
          995.0
        ],
        [
          1280.0,
          893.0
        ],
        [
          1200.0,
          915.0
        ],
        [
          1156.0,
          953.0
        ],
        [
          1034.0,
          975.0
        ],
        [
          1002.0,
          1105.0
        ],
        [
          1056.0,
          1153.0
        ],
        [
          1118.0,
          1075.0
        ],
        [
          1148.0,
          1067.0
        ],
        [
          1202.0,
          1063.0
        ],
        [
          1276.0,
          1093.0
        ],
        [
          1334.0,
          1133.0
        ],
        [
          1366.0,
          1235.0
        ]
      ],
      "group_id": null,
      "shape_type": "polygon",
      "flags": {}
    },
    {
      "label": "shell",
      "points": [
        [
          1338.0,
          1167.0
        ],
        [
          1320.0,
          1375.0
        ],
        [
          1306.0,
          1505.0
        ],
        [
          1088.0,
          1617.0
        ],
        [
          886.0,
          1609.0
        ],
        [
          774.0,
          1563.0
        ],
        [
          768.0,
          1469.0
        ],
        [
          848.0,
          1345.0
        ],
        [
          910.0,
          1273.0
        ],
        [
          990.0,
          1203.0
        ],
        [
          1088.0,
          1145.0
        ],
        [
          1114.0,
          1083.0
        ],
        [
          1172.0,
          1077.0
        ],
        [
          1316.0,
          1115.0
        ]
      ],
      "group_id": null,
      "shape_type": "polygon",
      "flags": {}
    },
    {
      "label": "oyster",
      "points": [
        [
          140.0,
          887.0
        ],
        [
          56.0,
          793.0
        ],
        [
          10.0,
          781.0
        ],
        [
          0,
          784
        ],
        [
          0,
          1387
        ],
        [
          160.0,
          1377.0
        ],
        [
          216.0,
          1315.0
        ],
        [
          242.0,
          1311.0
        ],
        [
          300.0,
          1185.0
        ],
        [
          238.0,
          1113.0
        ],
        [
          166.0,
          1017.0
        ],
        [
          128.0,
          941.0
        ]
      ],
      "group_id": null,
      "shape_type": "polygon",
      "flags": {}
    }
  ],
  "imagePath": "214.jpg",
  "imageData": null,
  "imageHeight": 1920,
  "imageWidth": 1440
}