{
  "version": "4.5.6",
  "flags": {},
  "shapes": [
    {
      "label": "oyster",
      "points": [
        [
          378.0,
          1037.0
        ],
        [
          398.0,
          1103.0
        ],
        [
          488.0,
          1409.0
        ],
        [
          516.0,
          1577.0
        ],
        [
          524.0,
          1701.0
        ],
        [
          480.0,
          1803.0
        ],
        [
          432.0,
          1815.0
        ],
        [
          386.0,
          1783.0
        ],
        [
          264.0,
          1597.0
        ],
        [
          118.0,
          1373.0
        ],
        [
          18.0,
          1177.0
        ],
        [
          0.0,
          1027.0
        ],
        [
          44.0,
          945.0
        ],
        [
          130.0,
          941.0
        ],
        [
          210.0,
          945.0
        ],
        [
          314.0,
          953.0
        ]
      ],
      "group_id": null,
      "shape_type": "polygon",
      "flags": {}
    },
    {
      "label": "oyster",
      "points": [
        [
          1206.0,
          849.0
        ],
        [
          1186.0,
          991.0
        ],
        [
          1100.0,
          1093.0
        ],
        [
          1102.0,
          1223.0
        ],
        [
          1116.0,
          1313.0
        ],
        [
          1010.0,
          1461.0
        ],
        [
          926.0,
          1563.0
        ],
        [
          832.0,
          1605.0
        ],
        [
          756.0,
          1613.0
        ],
        [
          638.0,
          1571.0
        ],
        [
          572.0,
          1533.0
        ],
        [
          504.0,
          1409.0
        ],
        [
          440.0,
          1187.0
        ],
        [
          402.0,
          1059.0
        ],
        [
          350.0,
          965.0
        ],
        [
          444.0,
          845.0
        ],
        [
          516.0,
          777.0
        ],
        [
          596.0,
          735.0
        ],
        [
          714.0,
          725.0
        ],
        [
          872.0,
          713.0
        ],
        [
          1002.0,
          691.0
        ],
        [
          1034.0,
          821.0
        ],
        [
          1072.0,
          893.0
        ],
        [
          1128.0,
          911.0
        ]
      ],
      "group_id": null,
      "shape_type": "polygon",
      "flags": {}
    },
    {
      "label": "oyster",
      "points": [
        [
          1098.0,
          891.0
        ],
        [
          1050.0,
          813.0
        ],
        [
          1020.0,
          713.0
        ],
        [
          1004.0,
          605.0
        ],
        [
          966.0,
          509.0
        ],
        [
          958.0,
          417.0
        ],
        [
          946.0,
          177.0
        ],
        [
          962.0,
          45.0
        ],
        [
          1058.0,
          69.0
        ],
        [
          1174.0,
          5.0
        ],
        [
          1264.0,
          27.0
        ],
        [
          1430.0,
          219.0
        ],
        [
          1426.0,
          637.0
        ],
        [
          1150.0,
          883.0
        ]
      ],
      "group_id": null,
      "shape_type": "polygon",
      "flags": {}
    },
    {
      "label": "oyster",
      "points": [
        [
          914.0,
          59.0
        ],
        [
          912.0,
          229.0
        ],
        [
          824.0,
          353.0
        ],
        [
          750.0,
          411.0
        ],
        [
          630.0,
          489.0
        ],
        [
          392.0,
          485.0
        ],
        [
          280.0,
          485.0
        ],
        [
          176.0,
          425.0
        ],
        [
          78.0,
          319.0
        ],
        [
          24.0,
          273.0
        ],
        [
          94.0,
          65.0
        ],
        [
          126.0,
          5.0
        ],
        [
          746.0,
          0.0
        ],
        [
          896.0,
          1.0
        ]
      ],
      "group_id": null,
      "shape_type": "polygon",
      "flags": {}
    },
    {
      "label": "shell",
      "points": [
        [
          1224.0,
          1303.0
        ],
        [
          1198.0,
          1385.0
        ],
        [
          1052.0,
          1447.0
        ],
        [
          966.0,
          1553.0
        ],
        [
          848.0,
          1697.0
        ],
        [
          768.0,
          1859.0
        ],
        [
          702.0,
          1919.0
        ],
        [
          1439,
          1919
        ],
        [
          1439,
          1361
        ],
        [
          1416.0,
          1309.0
        ],
        [
          1380.0,
          1297.0
        ],
        [
          1298.0,
          1291.0
        ],
        [
          1246.0,
          1297.0
        ]
      ],
      "group_id": null,
      "shape_type": "polygon",
      "flags": {}
    },
    {
      "label": "shell",
      "points": [
        [
          1432.0,
          771.0
        ],
        [
          1334.0,
          745.0
        ],
        [
          1208.0,
          837.0
        ],
        [
          1200.0,
          983.0
        ],
        [
          1174.0,
          1033.0
        ],
        [
          1278.0,
          1155.0
        ],
        [
          1439,
          1102
        ],
        [
          1439,
          795
        ]
      ],
      "group_id": null,
      "shape_type": "polygon",
      "flags": {}
    }
  ],
  "imagePath": "224.jpg",
  "imageData": null,
  "imageHeight": 1920,
  "imageWidth": 1440
}