{
  "shapes": [
    {
      "shape_type": "polygon", 
      "points": [
        [
          445.0, 
          808.0
        ], 
        [
          313.0, 
          836.0
        ], 
        [
          257.0, 
          870.0
        ], 
        [
          200.0, 
          903.0
        ], 
        [
          135.0, 
          949.0
        ], 
        [
          67.0, 
          1020.0
        ], 
        [
          23.0, 
          1080.0
        ], 
        [
          5.0, 
          1277.0
        ], 
        [
          35.0, 
          1722.0
        ], 
        [
          235.0, 
          1699.0
        ], 
        [
          293.0, 
          1659.0
        ], 
        [
          333.0, 
          1595.0
        ], 
        [
          355.0, 
          1547.0
        ], 
        [
          374.0, 
          1507.0
        ], 
        [
          393.0, 
          1466.0
        ], 
        [
          419.0, 
          1422.0
        ], 
        [
          459.0, 
          1364.0
        ], 
        [
          477.0, 
          1326.0
        ], 
        [
          498.0, 
          1285.0
        ], 
        [
          518.0, 
          1247.0
        ], 
        [
          554.0, 
          1194.0
        ], 
        [
          576.0, 
          1154.0
        ], 
        [
          597.0, 
          1109.0
        ], 
        [
          610.0, 
          905.0
        ], 
        [
          581.0, 
          832.0
        ], 
        [
          467.0, 
          809.0
        ]
      ], 
      "flags": {}, 
      "group_id": null, 
      "label": "oyster"
    }, 
    {
      "shape_type": "polygon", 
      "points": [
        [
          16.0, 
          504.0
        ], 
        [
          34.0, 
          780.0
        ], 
        [
          82.0, 
          832.0
        ], 
        [
          101.0, 
          876.0
        ], 
        [
          136.0, 
          908.0
        ], 
        [
          205.0, 
          898.0
        ], 
        [
          252.0, 
          869.0
        ], 
        [
          304.0, 
          834.0
        ], 
        [
          332.0, 
          767.0
        ], 
        [
          338.0, 
          641.0
        ], 
        [
          320.0, 
          589.0
        ], 
        [
          278.0, 
          562.0
        ], 
        [
          235.0, 
          544.0
        ], 
        [
          170.0, 
          526.0
        ], 
        [
          86.0, 
          509.0
        ]
      ], 
      "flags": {}, 
      "group_id": null, 
      "label": "oyster"
    }, 
    {
      "shape_type": "polygon", 
      "points": [
        [
          748.0, 
          356.0
        ], 
        [
          683.0, 
          386.0
        ], 
        [
          663.0, 
          429.0
        ], 
        [
          611.0, 
          514.0
        ], 
        [
          516.0, 
          610.0
        ], 
        [
          475.0, 
          632.0
        ], 
        [
          423.0, 
          662.0
        ], 
        [
          380.0, 
          726.0
        ], 
        [
          384.0, 
          777.0
        ], 
        [
          524.0, 
          780.0
        ], 
        [
          582.0, 
          783.0
        ], 
        [
          620.0, 
          846.0
        ], 
        [
          702.0, 
          875.0
        ], 
        [
          802.0, 
          893.0
        ], 
        [
          930.0, 
          910.0
        ], 
        [
          1100.0, 
          898.0
        ], 
        [
          1156.0, 
          863.0
        ], 
        [
          1156.0, 
          516.0
        ], 
        [
          1110.0, 
          476.0
        ], 
        [
          1071.0, 
          456.0
        ], 
        [
          1029.0, 
          435.0
        ], 
        [
          920.0, 
          360.0
        ]
      ], 
      "flags": {}, 
      "group_id": null, 
      "label": "oyster"
    }, 
    {
      "shape_type": "polygon", 
      "points": [
        [
          1184.0, 
          1571.0
        ], 
        [
          1139.0, 
          1615.0
        ], 
        [
          1109.0, 
          1663.0
        ], 
        [
          1084.0, 
          1712.0
        ], 
        [
          1067.0, 
          1760.0
        ], 
        [
          1049.0, 
          1818.0
        ], 
        [
          1062.0, 
          1917.0
        ], 
        [
          1414.0, 
          1907.0
        ], 
        [
          1402.0, 
          1692.0
        ], 
        [
          1383.0, 
          1650.0
        ], 
        [
          1335.0, 
          1609.0
        ], 
        [
          1277.0, 
          1575.0
        ]
      ], 
      "flags": {}, 
      "group_id": null, 
      "label": "oyster"
    }, 
    {
      "shape_type": "polygon", 
      "points": [
        [
          967.0, 
          14.0
        ], 
        [
          914.0, 
          75.0
        ], 
        [
          930.0, 
          250.0
        ], 
        [
          977.0, 
          313.0
        ], 
        [
          996.0, 
          352.0
        ], 
        [
          1042.0, 
          427.0
        ], 
        [
          1095.0, 
          462.0
        ], 
        [
          1148.0, 
          505.0
        ], 
        [
          1170.0, 
          548.0
        ], 
        [
          1216.0, 
          585.0
        ], 
        [
          1308.0, 
          596.0
        ], 
        [
          1383.0, 
          540.0
        ], 
        [
          1407.0, 
          204.0
        ], 
        [
          1364.0, 
          143.0
        ], 
        [
          1321.0, 
          82.0
        ], 
        [
          1189.0, 
          41.0
        ], 
        [
          1129.0, 
          23.0
        ]
      ], 
      "flags": {}, 
      "group_id": null, 
      "label": "oyster"
    }, 
    {
      "shape_type": "polygon", 
      "points": [
        [
          25.0, 
          1.0
        ], 
        [
          24.0, 
          345.0
        ], 
        [
          93.0, 
          329.0
        ], 
        [
          140.0, 
          279.0
        ], 
        [
          202.0, 
          210.0
        ], 
        [
          402.0, 
          194.0
        ], 
        [
          455.0, 
          143.0
        ], 
        [
          444.0, 
          11.0
        ]
      ], 
      "flags": {}, 
      "group_id": null, 
      "label": "oyster"
    }, 
    {
      "shape_type": "polygon", 
      "points": [
        [
          4.0, 
          776.0
        ], 
        [
          42.0, 
          1019.0
        ], 
        [
          84.0, 
          968.0
        ], 
        [
          86.0, 
          838.0
        ], 
        [
          44.0, 
          788.0
        ]
      ], 
      "flags": {}, 
      "group_id": null, 
      "label": "oyster"
    }, 
    {
      "shape_type": "polygon", 
      "points": [
        [
          533.0, 
          220.0
        ]
      ], 
      "flags": {}, 
      "group_id": null, 
      "label": "oyster"
    }, 
    {
      "shape_type": "polygon", 
      "points": [
        [
          953.0, 
          1655.0
        ], 
        [
          880.0, 
          1670.0
        ], 
        [
          802.0, 
          1664.0
        ], 
        [
          705.0, 
          1671.0
        ], 
        [
          612.0, 
          1663.0
        ], 
        [
          550.0, 
          1697.0
        ], 
        [
          502.0, 
          1751.0
        ], 
        [
          455.0, 
          1773.0
        ], 
        [
          448.0, 
          1836.0
        ], 
        [
          472.0, 
          1902.0
        ], 
        [
          940.0, 
          1919.0
        ], 
        [
          953.0, 
          1823.0
        ], 
        [
          970.0, 
          1716.0
        ], 
        [
          971.0, 
          1657.0
        ]
      ], 
      "flags": {}, 
      "group_id": null, 
      "label": "oyster"
    }, 
    {
      "shape_type": "polygon", 
      "points": [
        [
          508.0, 
          1913.0
        ], 
        [
          392.0, 
          1783.0
        ], 
        [
          544.0, 
          1711.0
        ], 
        [
          528.0, 
          1667.0
        ], 
        [
          330.0, 
          1725.0
        ], 
        [
          328.0, 
          1647.0
        ], 
        [
          382.0, 
          1517.0
        ], 
        [
          508.0, 
          1437.0
        ], 
        [
          606.0, 
          1365.0
        ], 
        [
          828.0, 
          1341.0
        ], 
        [
          1026.0, 
          1393.0
        ], 
        [
          1034.0, 
          1673.0
        ], 
        [
          960.0, 
          1919.0
        ]
      ], 
      "flags": {}, 
      "group_id": null, 
      "label": "oyster"
    }, 
    {
      "shape_type": "polygon", 
      "points": [
        [
          1076.0, 
          581.0
        ], 
        [
          728.0, 
          517.0
        ], 
        [
          646.0, 
          431.0
        ], 
        [
          720.0, 
          353.0
        ], 
        [
          882.0, 
          353.0
        ], 
        [
          982.0, 
          423.0
        ], 
        [
          1100.0, 
          493.0
        ]
      ], 
      "flags": {}, 
      "group_id": null, 
      "label": "oyster"
    }, 
    {
      "shape_type": "polygon", 
      "points": [
        [
          638.0, 
          887.0
        ], 
        [
          740.0, 
          869.0
        ], 
        [
          872.0, 
          921.0
        ], 
        [
          934.0, 
          1053.0
        ], 
        [
          812.0, 
          1257.0
        ], 
        [
          514.0, 
          1289.0
        ], 
        [
          580.0, 
          1185.0
        ], 
        [
          630.0, 
          975.0
        ]
      ], 
      "flags": {}, 
      "group_id": null, 
      "label": "shell"
    }, 
    {
      "shape_type": "polygon", 
      "points": [
        [
          1416.0, 
          915.0
        ], 
        [
          1118.0, 
          1077.0
        ], 
        [
          1040.0, 
          1197.0
        ], 
        [
          1070.0, 
          1377.0
        ], 
        [
          1242.0, 
          1493.0
        ], 
        [
          1422.0, 
          1519.0
        ], 
        [
          1434.0, 
          1081.0
        ]
      ], 
      "flags": {}, 
      "group_id": null, 
      "label": "shell"
    }
  ], 
  "imagePath": "23.jpg", 
  "flags": {}, 
  "version": "4.5.6", 
  "imageData": null, 
  "imageWidth": 1440, 
  "imageHeight": 1920
}