{
  "imageWidth": 1440,
  "imagePath": "239.jpg",
  "imageHeight": 1920,
  "shapes": [
    {
      "points": [
        [
          203.0,
          715.0
        ],
        [
          199.0,
          627.0
        ],
        [
          245.0,
          467.0
        ],
        [
          273.0,
          381.0
        ],
        [
          491.0,
          343.0
        ],
        [
          637.0,
          351.0
        ],
        [
          739.0,
          321.0
        ],
        [
          857.0,
          365.0
        ],
        [
          901.0,
          443.0
        ],
        [
          981.0,
          521.0
        ],
        [
          1063.0,
          579.0
        ],
        [
          1187.0,
          641.0
        ],
        [
          1265.0,
          749.0
        ],
        [
          1351.0,
          857.0
        ],
        [
          1411.0,
          967.0
        ],
        [
          1439.0,
          1003.0
        ],
        [
          1433.0,
          1893.0
        ],
        [
          1395.0,
          1917.0
        ],
        [
          1277.0,
          1917.0
        ],
        [
          1107.0,
          1921.0
        ],
        [
          1037.0,
          1881.0
        ],
        [
          945.0,
          1847.0
        ],
        [
          867.0,
          1813.0
        ],
        [
          659.0,
          1717.0
        ],
        [
          545.0,
          1623.0
        ],
        [
          483.0,
          1531.0
        ],
        [
          331.0,
          1449.0
        ],
        [
          236.0,
          1327.0
        ],
        [
          104.0,
          1199.0
        ],
        [
          92.0,
          1119.0
        ],
        [
          76.0,
          1037.0
        ],
        [
          90.0,
          941.0
        ],
        [
          115.0,
          829.0
        ],
        [
          175.0,
          731.0
        ]
      ],
      "shape_type": "polygon",
      "label": "oyster",
      "group_id": null,
      "flags": {}
    }
  ],
  "imageData": null,
  "version": "4.1.1",
  "flags": {}
}