{
  "shapes": [
    {
      "shape_type": "polygon", 
      "points": [
        [
          451.0, 
          835.0
        ], 
        [
          362.0, 
          851.0
        ], 
        [
          296.0, 
          886.0
        ], 
        [
          244.0, 
          921.0
        ], 
        [
          184.0, 
          955.0
        ], 
        [
          118.0, 
          1012.0
        ], 
        [
          39.0, 
          1099.0
        ], 
        [
          20.0, 
          1142.0
        ], 
        [
          0.0, 
          1755.0
        ], 
        [
          140.0, 
          1825.0
        ], 
        [
          314.0, 
          1733.0
        ], 
        [
          337.0, 
          1610.0
        ], 
        [
          357.0, 
          1564.0
        ], 
        [
          377.0, 
          1524.0
        ], 
        [
          395.0, 
          1480.0
        ], 
        [
          422.0, 
          1435.0
        ], 
        [
          469.0, 
          1371.0
        ], 
        [
          491.0, 
          1330.0
        ], 
        [
          527.0, 
          1275.0
        ], 
        [
          557.0, 
          1227.0
        ], 
        [
          583.0, 
          1181.0
        ], 
        [
          602.0, 
          1143.0
        ], 
        [
          609.0, 
          897.0
        ], 
        [
          561.0, 
          845.0
        ]
      ], 
      "flags": {}, 
      "group_id": null, 
      "label": "oyster"
    }, 
    {
      "shape_type": "polygon", 
      "points": [
        [
          773.0, 
          419.0
        ], 
        [
          677.0, 
          461.0
        ], 
        [
          627.0, 
          529.0
        ], 
        [
          575.0, 
          598.0
        ], 
        [
          525.0, 
          648.0
        ], 
        [
          481.0, 
          675.0
        ], 
        [
          433.0, 
          700.0
        ], 
        [
          386.0, 
          763.0
        ], 
        [
          396.0, 
          824.0
        ], 
        [
          496.0, 
          830.0
        ], 
        [
          566.0, 
          815.0
        ], 
        [
          605.0, 
          853.0
        ], 
        [
          642.0, 
          915.0
        ], 
        [
          813.0, 
          934.0
        ], 
        [
          1114.0, 
          932.0
        ], 
        [
          1149.0, 
          891.0
        ], 
        [
          1148.0, 
          791.0
        ], 
        [
          1167.0, 
          657.0
        ], 
        [
          1144.0, 
          557.0
        ], 
        [
          1103.0, 
          523.0
        ], 
        [
          1064.0, 
          502.0
        ], 
        [
          1000.0, 
          455.0
        ], 
        [
          955.0, 
          431.0
        ]
      ], 
      "flags": {}, 
      "group_id": null, 
      "label": "oyster"
    }, 
    {
      "shape_type": "polygon", 
      "points": [
        [
          0.0, 
          531.0
        ], 
        [
          0.0, 
          797.0
        ], 
        [
          86.0, 
          876.0
        ], 
        [
          104.0, 
          920.0
        ], 
        [
          152.0, 
          953.0
        ], 
        [
          214.0, 
          935.0
        ], 
        [
          258.0, 
          908.0
        ], 
        [
          309.0, 
          871.0
        ], 
        [
          340.0, 
          776.0
        ], 
        [
          335.0, 
          637.0
        ], 
        [
          280.0, 
          597.0
        ], 
        [
          240.0, 
          579.0
        ], 
        [
          161.0, 
          561.0
        ], 
        [
          77.0, 
          544.0
        ]
      ], 
      "flags": {}, 
      "group_id": null, 
      "label": "oyster"
    }, 
    {
      "shape_type": "polygon", 
      "points": [
        [
          939.0, 
          36.0
        ], 
        [
          915.0, 
          195.0
        ], 
        [
          934.0, 
          283.0
        ], 
        [
          951.0, 
          321.0
        ], 
        [
          988.0, 
          377.0
        ], 
        [
          1006.0, 
          427.0
        ], 
        [
          1056.0, 
          494.0
        ], 
        [
          1104.0, 
          519.0
        ], 
        [
          1157.0, 
          574.0
        ], 
        [
          1185.0, 
          620.0
        ], 
        [
          1343.0, 
          615.0
        ], 
        [
          1398.0, 
          572.0
        ], 
        [
          1411.0, 
          284.0
        ], 
        [
          1376.0, 
          228.0
        ], 
        [
          1308.0, 
          147.0
        ], 
        [
          1245.0, 
          128.0
        ], 
        [
          1179.0, 
          108.0
        ], 
        [
          1121.0, 
          77.0
        ], 
        [
          1080.0, 
          44.0
        ]
      ], 
      "flags": {}, 
      "group_id": null, 
      "label": "oyster"
    }, 
    {
      "shape_type": "polygon", 
      "points": [
        [
          1180.0, 
          1605.0
        ], 
        [
          1125.0, 
          1655.0
        ], 
        [
          1099.0, 
          1699.0
        ], 
        [
          1076.0, 
          1742.0
        ], 
        [
          1059.0, 
          1797.0
        ], 
        [
          1041.0, 
          1846.0
        ], 
        [
          1064.0, 
          1909.0
        ], 
        [
          1432.0, 
          1917.0
        ], 
        [
          1434.0, 
          1739.0
        ], 
        [
          1324.0, 
          1649.0
        ], 
        [
          1275.0, 
          1617.0
        ]
      ], 
      "flags": {}, 
      "group_id": null, 
      "label": "oyster"
    }, 
    {
      "shape_type": "polygon", 
      "points": [
        [
          18.0, 
          16.0
        ], 
        [
          8.0, 
          405.0
        ], 
        [
          62.0, 
          387.0
        ], 
        [
          117.0, 
          325.0
        ], 
        [
          176.0, 
          280.0
        ], 
        [
          242.0, 
          262.0
        ], 
        [
          382.0, 
          265.0
        ], 
        [
          470.0, 
          223.0
        ], 
        [
          504.0, 
          169.0
        ], 
        [
          528.0, 
          17.0
        ]
      ], 
      "flags": {}, 
      "group_id": null, 
      "label": "oyster"
    }, 
    {
      "shape_type": "polygon", 
      "points": [
        [
          1114.0, 
          1557.0
        ], 
        [
          1050.0, 
          1477.0
        ], 
        [
          906.0, 
          1421.0
        ], 
        [
          750.0, 
          1409.0
        ], 
        [
          640.0, 
          1421.0
        ], 
        [
          550.0, 
          1437.0
        ], 
        [
          394.0, 
          1521.0
        ], 
        [
          340.0, 
          1773.0
        ], 
        [
          424.0, 
          1905.0
        ], 
        [
          908.0, 
          1917.0
        ], 
        [
          970.0, 
          1755.0
        ]
      ], 
      "flags": {}, 
      "group_id": null, 
      "label": "oyster"
    }, 
    {
      "shape_type": "polygon", 
      "points": [
        [
          550.0, 
          11.0
        ], 
        [
          506.0, 
          77.0
        ], 
        [
          672.0, 
          111.0
        ], 
        [
          750.0, 
          203.0
        ], 
        [
          826.0, 
          245.0
        ], 
        [
          876.0, 
          351.0
        ], 
        [
          930.0, 
          295.0
        ], 
        [
          898.0, 
          0.0
        ]
      ], 
      "flags": {}, 
      "group_id": null, 
      "label": "oyster"
    }, 
    {
      "shape_type": "polygon", 
      "points": [
        [
          544.0, 
          1325.0
        ], 
        [
          852.0, 
          1273.0
        ], 
        [
          932.0, 
          1101.0
        ], 
        [
          862.0, 
          943.0
        ], 
        [
          628.0, 
          915.0
        ], 
        [
          632.0, 
          1129.0
        ]
      ], 
      "flags": {}, 
      "group_id": null, 
      "label": "shell"
    }
  ], 
  "imagePath": "24.jpg", 
  "flags": {}, 
  "version": "4.5.6", 
  "imageData": null, 
  "imageWidth": 1440, 
  "imageHeight": 1920
}