{
  "shapes": [
    {
      "shape_type": "polygon", 
      "points": [
        [
          1430.0, 
          251.0
        ], 
        [
          1356.0, 
          299.0
        ], 
        [
          1296.0, 
          311.0
        ], 
        [
          1192.0, 
          353.0
        ], 
        [
          1126.0, 
          393.0
        ], 
        [
          1018.0, 
          479.0
        ], 
        [
          950.0, 
          607.0
        ], 
        [
          928.0, 
          695.0
        ], 
        [
          964.0, 
          795.0
        ], 
        [
          1010.0, 
          865.0
        ], 
        [
          1058.0, 
          897.0
        ], 
        [
          1082.0, 
          967.0
        ], 
        [
          1094.0, 
          1017.0
        ], 
        [
          1094.0, 
          1075.0
        ], 
        [
          1110.0, 
          1139.0
        ], 
        [
          1136.0, 
          1199.0
        ], 
        [
          1186.0, 
          1271.0
        ], 
        [
          1218.0, 
          1333.0
        ], 
        [
          1242.0, 
          1375.0
        ], 
        [
          1266.0, 
          1409.0
        ], 
        [
          1306.0, 
          1435.0
        ], 
        [
          1354.0, 
          1449.0
        ], 
        [
          1402.0, 
          1449.0
        ], 
        [
          1428.0, 
          1443.0
        ]
      ], 
      "flags": {}, 
      "group_id": null, 
      "label": "oyster"
    }, 
    {
      "shape_type": "polygon", 
      "points": [
        [
          974.0, 
          1033.0
        ], 
        [
          992.0, 
          1215.0
        ], 
        [
          1052.0, 
          1273.0
        ], 
        [
          1036.0, 
          1403.0
        ], 
        [
          946.0, 
          1581.0
        ], 
        [
          876.0, 
          1643.0
        ], 
        [
          864.0, 
          1741.0
        ], 
        [
          814.0, 
          1865.0
        ], 
        [
          754.0, 
          1919.0
        ], 
        [
          208.0, 
          1919.0
        ], 
        [
          190.0, 
          1817.0
        ], 
        [
          204.0, 
          1625.0
        ], 
        [
          208.0, 
          1435.0
        ], 
        [
          172.0, 
          1155.0
        ], 
        [
          250.0, 
          1033.0
        ], 
        [
          558.0, 
          959.0
        ], 
        [
          726.0, 
          931.0
        ], 
        [
          884.0, 
          937.0
        ], 
        [
          976.0, 
          1009.0
        ]
      ], 
      "flags": {}, 
      "group_id": null, 
      "label": "oyster"
    }, 
    {
      "shape_type": "polygon", 
      "points": [
        [
          448.0, 
          585.0
        ], 
        [
          602.0, 
          495.0
        ], 
        [
          682.0, 
          433.0
        ], 
        [
          784.0, 
          407.0
        ], 
        [
          854.0, 
          389.0
        ], 
        [
          916.0, 
          341.0
        ], 
        [
          929.0, 
          0.0
        ], 
        [
          322.0, 
          0.0
        ], 
        [
          218.0, 
          331.0
        ], 
        [
          276.0, 
          443.0
        ], 
        [
          278.0, 
          529.0
        ]
      ], 
      "flags": {}, 
      "group_id": null, 
      "label": "oyster"
    }, 
    {
      "shape_type": "polygon", 
      "points": [
        [
          150.0, 
          1239.0
        ], 
        [
          0, 
          1130
        ], 
        [
          0, 
          813
        ], 
        [
          576.0, 
          697.0
        ], 
        [
          960.0, 
          801.0
        ], 
        [
          1078.0, 
          929.0
        ], 
        [
          1068.0, 
          1173.0
        ], 
        [
          1014.0, 
          1175.0
        ], 
        [
          966.0, 
          971.0
        ], 
        [
          894.0, 
          921.0
        ], 
        [
          556.0, 
          879.0
        ], 
        [
          356.0, 
          939.0
        ], 
        [
          186.0, 
          1065.0
        ]
      ], 
      "flags": {}, 
      "group_id": null, 
      "label": "shell"
    }
  ], 
  "imagePath": "242.jpg", 
  "flags": {}, 
  "version": "4.5.6", 
  "imageData": null, 
  "imageWidth": 1440, 
  "imageHeight": 1920
}