{
  "version": "4.5.6",
  "flags": {},
  "shapes": [
    {
      "label": "oyster",
      "points": [
        [
          52.51006711409396,
          12.885906040268456
        ],
        [
          199.40939597315435,
          298.95302013422815
        ],
        [
          217.44966442953017,
          628.8322147651006
        ],
        [
          171.06040268456374,
          716.4563758389261
        ],
        [
          31.892617449664428,
          737.0738255033557
        ],
        [
          0.0,
          747.3825503355704
        ],
        [
          0.0,
          0.0
        ]
      ],
      "group_id": null,
      "shape_type": "polygon",
      "flags": {}
    },
    {
      "label": "shell",
      "points": [
        [
          286.0,
          683.0
        ],
        [
          260.0,
          595.0
        ],
        [
          244.0,
          511.0
        ],
        [
          394.0,
          11.0
        ],
        [
          695,
          0
        ],
        [
          928.0,
          87.0
        ],
        [
          880.0,
          193.0
        ],
        [
          802.0,
          397.0
        ],
        [
          628.0,
          499.0
        ],
        [
          462.0,
          689.0
        ]
      ],
      "group_id": null,
      "shape_type": "polygon",
      "flags": {}
    }
  ],
  "imagePath": "243.jpg",
  "imageData": null,
  "imageHeight": 1920,
  "imageWidth": 1440
}