{
  "version": "4.5.6",
  "flags": {},
  "shapes": [
    {
      "label": "oyster",
      "points": [
        [
          1036.0,
          1245.0
        ],
        [
          976.0,
          949.0
        ],
        [
          882.0,
          695.0
        ],
        [
          914.0,
          503.0
        ],
        [
          990.0,
          519.0
        ],
        [
          1050.0,
          599.0
        ],
        [
          1130.0,
          765.0
        ],
        [
          1206.0,
          827.0
        ],
        [
          1240.0,
          929.0
        ],
        [
          1274.0,
          1067.0
        ],
        [
          1292.0,
          1195.0
        ],
        [
          1304.0,
          1285.0
        ],
        [
          1216.0,
          1325.0
        ],
        [
          1156.0,
          1299.0
        ]
      ],
      "group_id": null,
      "shape_type": "polygon",
      "flags": {}
    },
    {
      "label": "oyster",
      "points": [
        [
          1100.0,
          609.0
        ],
        [
          1280.0,
          539.0
        ],
        [
          1360.0,
          605.0
        ],
        [
          1394.0,
          657.0
        ],
        [
          1250.0,
          915.0
        ],
        [
          1228.0,
          807.0
        ],
        [
          1158.0,
          753.0
        ]
      ],
      "group_id": null,
      "shape_type": "polygon",
      "flags": {}
    },
    {
      "label": "oyster",
      "points": [
        [
          402.0,
          1021.0
        ],
        [
          264.0,
          1223.0
        ],
        [
          220.0,
          1323.0
        ],
        [
          236.0,
          1439.0
        ],
        [
          264.0,
          1501.0
        ],
        [
          394.0,
          1549.0
        ],
        [
          602.0,
          1535.0
        ],
        [
          774.0,
          1495.0
        ],
        [
          896.0,
          1447.0
        ],
        [
          934.0,
          1359.0
        ],
        [
          954.0,
          1151.0
        ],
        [
          832.0,
          1149.0
        ],
        [
          708.0,
          1087.0
        ],
        [
          638.0,
          979.0
        ]
      ],
      "group_id": null,
      "shape_type": "polygon",
      "flags": {}
    },
    {
      "label": "oyster",
      "points": [
        [
          1184.0,
          1345.0
        ],
        [
          1040.0,
          1633.0
        ],
        [
          968.0,
          1787.0
        ],
        [
          880.0,
          1827.0
        ],
        [
          726.0,
          1769.0
        ],
        [
          692.0,
          1651.0
        ],
        [
          806.0,
          1641.0
        ],
        [
          876.0,
          1627.0
        ],
        [
          894.0,
          1581.0
        ],
        [
          878.0,
          1507.0
        ],
        [
          920.0,
          1475.0
        ],
        [
          974.0,
          1267.0
        ],
        [
          1056.0,
          1275.0
        ],
        [
          1138.0,
          1303.0
        ]
      ],
      "group_id": null,
      "shape_type": "polygon",
      "flags": {}
    },
    {
      "label": "oyster",
      "points": [
        [
          980.0,
          497.0
        ],
        [
          898.0,
          429.0
        ],
        [
          846.0,
          349.0
        ],
        [
          790.0,
          317.0
        ],
        [
          680.0,
          345.0
        ],
        [
          630.0,
          445.0
        ],
        [
          636.0,
          611.0
        ],
        [
          664.0,
          731.0
        ],
        [
          744.0,
          815.0
        ],
        [
          920.0,
          927.0
        ],
        [
          884.0,
          763.0
        ],
        [
          854.0,
          633.0
        ],
        [
          890.0,
          491.0
        ]
      ],
      "group_id": null,
      "shape_type": "polygon",
      "flags": {}
    },
    {
      "label": "shell",
      "points": [
        [
          620.0,
          519.0
        ],
        [
          208.0,
          591.0
        ],
        [
          272.0,
          773.0
        ],
        [
          548.0,
          943.0
        ],
        [
          742.0,
          1043.0
        ],
        [
          860.0,
          1133.0
        ],
        [
          992.0,
          1131.0
        ],
        [
          942.0,
          943.0
        ],
        [
          652.0,
          775.0
        ]
      ],
      "group_id": null,
      "shape_type": "polygon",
      "flags": {}
    },
    {
      "label": "oyster",
      "points": [
        [
          706.0,
          3.0
        ],
        [
          130.0,
          3.0
        ],
        [
          104.0,
          51.0
        ],
        [
          142.0,
          143.0
        ],
        [
          128.0,
          213.0
        ],
        [
          210.0,
          309.0
        ],
        [
          496.0,
          415.0
        ],
        [
          692.0,
          311.0
        ],
        [
          746.0,
          255.0
        ],
        [
          680.0,
          143.0
        ],
        [
          684.0,
          73.0
        ]
      ],
      "group_id": null,
      "shape_type": "polygon",
      "flags": {}
    },
    {
      "label": "oyster",
      "points": [
        [
          1064.0,
          387.0
        ],
        [
          898.0,
          359.0
        ],
        [
          776.0,
          247.0
        ],
        [
          710.0,
          139.0
        ],
        [
          724.0,
          9.0
        ],
        [
          1352.0,
          5.0
        ],
        [
          1312.0,
          99.0
        ],
        [
          1246.0,
          181.0
        ],
        [
          1164.0,
          293.0
        ]
      ],
      "group_id": null,
      "shape_type": "polygon",
      "flags": {}
    }
  ],
  "imagePath": "244.jpg",
  "imageData": null,
  "imageHeight": 1920,
  "imageWidth": 1440
}