{
  "version": "4.5.6",
  "flags": {},
  "shapes": [
    {
      "label": "oyster",
      "points": [
        [
          944.0,
          763.0
        ],
        [
          1022.0,
          739.0
        ],
        [
          1048.0,
          631.0
        ],
        [
          960.0,
          373.0
        ],
        [
          892.0,
          345.0
        ],
        [
          692.0,
          387.0
        ],
        [
          622.0,
          431.0
        ],
        [
          562.0,
          521.0
        ],
        [
          548.0,
          595.0
        ],
        [
          594.0,
          621.0
        ],
        [
          710.0,
          603.0
        ],
        [
          788.0,
          629.0
        ],
        [
          856.0,
          683.0
        ],
        [
          890.0,
          737.0
        ],
        [
          878.0,
          781.0
        ],
        [
          898.0,
          803.0
        ],
        [
          948.0,
          799.0
        ]
      ],
      "group_id": null,
      "shape_type": "polygon",
      "flags": {}
    },
    {
      "label": "oyster",
      "points": [
        [
          1228.0,
          885.0
        ],
        [
          1300.0,
          943.0
        ],
        [
          1348.0,
          983.0
        ],
        [
          1374.0,
          1051.0
        ],
        [
          1416.0,
          1095.0
        ],
        [
          1438.0,
          1161.0
        ],
        [
          1420.0,
          1301.0
        ],
        [
          1410.0,
          1385.0
        ],
        [
          1386.0,
          1495.0
        ],
        [
          1342.0,
          1575.0
        ],
        [
          1286.0,
          1651.0
        ],
        [
          1136.0,
          1581.0
        ],
        [
          1090.0,
          1519.0
        ],
        [
          1062.0,
          1245.0
        ],
        [
          1104.0,
          1005.0
        ],
        [
          1130.0,
          919.0
        ]
      ],
      "group_id": null,
      "shape_type": "polygon",
      "flags": {}
    },
    {
      "label": "oyster",
      "points": [
        [
          854.0,
          309.0
        ],
        [
          760.0,
          359.0
        ],
        [
          716.0,
          353.0
        ],
        [
          628.0,
          413.0
        ],
        [
          596.0,
          403.0
        ],
        [
          560.0,
          389.0
        ],
        [
          438.0,
          443.0
        ],
        [
          362.0,
          375.0
        ],
        [
          306.0,
          317.0
        ],
        [
          250.0,
          281.0
        ],
        [
          338.0,
          177.0
        ],
        [
          438.0,
          137.0
        ],
        [
          494.0,
          61.0
        ],
        [
          562.0,
          15.0
        ],
        [
          848.0,
          1.0
        ],
        [
          908.0,
          13.0
        ],
        [
          930.0,
          83.0
        ],
        [
          902.0,
          183.0
        ]
      ],
      "group_id": null,
      "shape_type": "polygon",
      "flags": {}
    },
    {
      "label": "shell",
      "points": [
        [
          810.0,
          997.0
        ],
        [
          414.0,
          1023.0
        ],
        [
          302.0,
          839.0
        ],
        [
          360.0,
          655.0
        ],
        [
          502.0,
          619.0
        ],
        [
          734.0,
          605.0
        ],
        [
          864.0,
          681.0
        ],
        [
          924.0,
          819.0
        ],
        [
          890.0,
          933.0
        ]
      ],
      "group_id": null,
      "shape_type": "polygon",
      "flags": {}
    },
    {
      "label": "shell",
      "points": [
        [
          568.0,
          1159.0
        ],
        [
          722.0,
          1281.0
        ],
        [
          734.0,
          1433.0
        ],
        [
          678.0,
          1453.0
        ],
        [
          420.0,
          1443.0
        ],
        [
          246.0,
          1303.0
        ],
        [
          146.0,
          1221.0
        ],
        [
          152.0,
          1001.0
        ],
        [
          194.0,
          937.0
        ],
        [
          286.0,
          935.0
        ],
        [
          460.0,
          1063.0
        ],
        [
          550.0,
          1143.0
        ]
      ],
      "group_id": null,
      "shape_type": "polygon",
      "flags": {}
    },
    {
      "label": "shell",
      "points": [
        [
          564.0,
          1561.0
        ],
        [
          488.0,
          1831.0
        ],
        [
          498.0,
          1917.0
        ],
        [
          224.0,
          1915.0
        ],
        [
          86.0,
          1779.0
        ],
        [
          130.0,
          1617.0
        ],
        [
          176.0,
          1511.0
        ],
        [
          326.0,
          1411.0
        ],
        [
          408.0,
          1419.0
        ],
        [
          540.0,
          1485.0
        ]
      ],
      "group_id": null,
      "shape_type": "polygon",
      "flags": {}
    }
  ],
  "imagePath": "245.jpg",
  "imageData": null,
  "imageHeight": 1920,
  "imageWidth": 1440
}