{
  "version": "4.5.6",
  "flags": {},
  "shapes": [
    {
      "label": "oyster",
      "points": [
        [
          600.0,
          749.0
        ],
        [
          600.0,
          889.0
        ],
        [
          548.0,
          1009.0
        ],
        [
          470.0,
          1091.0
        ],
        [
          402.0,
          1161.0
        ],
        [
          328.0,
          1199.0
        ],
        [
          250.0,
          1207.0
        ],
        [
          104.0,
          1169.0
        ],
        [
          26.0,
          1009.0
        ],
        [
          72.0,
          817.0
        ],
        [
          172.0,
          773.0
        ],
        [
          288.0,
          707.0
        ],
        [
          396.0,
          683.0
        ],
        [
          474.0,
          687.0
        ],
        [
          578.0,
          713.0
        ]
      ],
      "group_id": null,
      "shape_type": "polygon",
      "flags": {}
    },
    {
      "label": "oyster",
      "points": [
        [
          1046.0,
          797.0
        ],
        [
          1070.0,
          895.0
        ],
        [
          1176.0,
          923.0
        ],
        [
          1268.0,
          945.0
        ],
        [
          1326.0,
          981.0
        ],
        [
          1358.0,
          1021.0
        ],
        [
          1330.0,
          1143.0
        ],
        [
          1226.0,
          1223.0
        ],
        [
          1146.0,
          1257.0
        ],
        [
          1086.0,
          1271.0
        ],
        [
          996.0,
          1263.0
        ],
        [
          910.0,
          1207.0
        ],
        [
          826.0,
          1065.0
        ],
        [
          838.0,
          865.0
        ],
        [
          948.0,
          763.0
        ],
        [
          1032.0,
          771.0
        ]
      ],
      "group_id": null,
      "shape_type": "polygon",
      "flags": {}
    },
    {
      "label": "oyster",
      "points": [
        [
          1434.0,
          13.0
        ],
        [
          1396.0,
          75.0
        ],
        [
          1344.0,
          131.0
        ],
        [
          1314.0,
          241.0
        ],
        [
          1286.0,
          327.0
        ],
        [
          1268.0,
          401.0
        ],
        [
          1300.0,
          471.0
        ],
        [
          1354.0,
          537.0
        ],
        [
          1434.0,
          557.0
        ]
      ],
      "group_id": null,
      "shape_type": "polygon",
      "flags": {}
    },
    {
      "label": "oyster",
      "points": [
        [
          1186.0,
          369.0
        ],
        [
          1314.0,
          573.0
        ],
        [
          1388.0,
          607.0
        ],
        [
          1428.0,
          677.0
        ],
        [
          1436.0,
          831.0
        ],
        [
          1380.0,
          923.0
        ],
        [
          1292.0,
          933.0
        ],
        [
          1228.0,
          897.0
        ],
        [
          1118.0,
          839.0
        ],
        [
          1058.0,
          701.0
        ],
        [
          1020.0,
          587.0
        ],
        [
          1096.0,
          497.0
        ]
      ],
      "group_id": null,
      "shape_type": "polygon",
      "flags": {}
    },
    {
      "label": "oyster",
      "points": [
        [
          76.0,
          1495.0
        ],
        [
          164.0,
          1611.0
        ],
        [
          244.0,
          1629.0
        ],
        [
          320.0,
          1691.0
        ],
        [
          350.0,
          1799.0
        ],
        [
          336.0,
          1917.0
        ],
        [
          252.0,
          1919.0
        ],
        [
          8.0,
          1913.0
        ],
        [
          4.0,
          1487.0
        ]
      ],
      "group_id": null,
      "shape_type": "polygon",
      "flags": {}
    },
    {
      "label": "shell",
      "points": [
        [
          1024.0,
          1359.0
        ],
        [
          1296.0,
          1513.0
        ],
        [
          1226.0,
          1843.0
        ],
        [
          1112.0,
          1919.0
        ],
        [
          778.0,
          1919.0
        ],
        [
          704.0,
          1645.0
        ],
        [
          844.0,
          1441.0
        ],
        [
          986.0,
          1343.0
        ]
      ],
      "group_id": null,
      "shape_type": "polygon",
      "flags": {}
    },
    {
      "label": "oyster",
      "points": [
        [
          124.0,
          1499.0
        ],
        [
          106.0,
          1431.0
        ],
        [
          160.0,
          1285.0
        ],
        [
          312.0,
          1291.0
        ],
        [
          412.0,
          1289.0
        ],
        [
          458.0,
          1405.0
        ],
        [
          276.0,
          1503.0
        ]
      ],
      "group_id": null,
      "shape_type": "polygon",
      "flags": {}
    },
    {
      "label": "shell",
      "points": [
        [
          240.0,
          269.0
        ],
        [
          354.0,
          257.0
        ],
        [
          508.0,
          323.0
        ],
        [
          430.0,
          421.0
        ],
        [
          442.0,
          485.0
        ],
        [
          522.0,
          561.0
        ],
        [
          478.0,
          687.0
        ],
        [
          224.0,
          713.0
        ],
        [
          100.0,
          671.0
        ],
        [
          134.0,
          519.0
        ],
        [
          178.0,
          473.0
        ],
        [
          224.0,
          319.0
        ]
      ],
      "group_id": null,
      "shape_type": "polygon",
      "flags": {}
    },
    {
      "label": "shell",
      "points": [
        [
          756.0,
          871.0
        ],
        [
          656.0,
          661.0
        ],
        [
          726.0,
          563.0
        ],
        [
          806.0,
          559.0
        ],
        [
          942.0,
          583.0
        ],
        [
          1024.0,
          727.0
        ],
        [
          886.0,
          787.0
        ],
        [
          828.0,
          877.0
        ]
      ],
      "group_id": null,
      "shape_type": "polygon",
      "flags": {}
    },
    {
      "label": "shell",
      "points": [
        [
          808.0,
          1443.0
        ],
        [
          604.0,
          1315.0
        ],
        [
          468.0,
          1281.0
        ],
        [
          400.0,
          1225.0
        ],
        [
          446.0,
          1151.0
        ],
        [
          554.0,
          1029.0
        ],
        [
          608.0,
          1005.0
        ],
        [
          756.0,
          1071.0
        ],
        [
          802.0,
          1075.0
        ],
        [
          880.0,
          1211.0
        ],
        [
          944.0,
          1255.0
        ],
        [
          974.0,
          1331.0
        ],
        [
          980.0,
          1421.0
        ],
        [
          884.0,
          1391.0
        ]
      ],
      "group_id": null,
      "shape_type": "polygon",
      "flags": {}
    },
    {
      "label": "oyster",
      "points": [
        [
          1154.0,
          79.0
        ],
        [
          1096.0,
          55.0
        ],
        [
          996.0,
          57.0
        ],
        [
          884.0,
          97.0
        ],
        [
          734.0,
          141.0
        ],
        [
          626.0,
          193.0
        ],
        [
          542.0,
          283.0
        ],
        [
          456.0,
          393.0
        ],
        [
          426.0,
          461.0
        ],
        [
          442.0,
          529.0
        ],
        [
          602.0,
          517.0
        ],
        [
          784.0,
          561.0
        ],
        [
          930.0,
          583.0
        ],
        [
          1092.0,
          519.0
        ],
        [
          1142.0,
          411.0
        ],
        [
          1188.0,
          297.0
        ],
        [
          1166.0,
          171.0
        ]
      ],
      "group_id": null,
      "shape_type": "polygon",
      "flags": {}
    }
  ],
  "imagePath": "246.jpg",
  "imageData": null,
  "imageHeight": 1920,
  "imageWidth": 1440
}