{
  "version": "4.5.6",
  "flags": {},
  "shapes": [
    {
      "label": "oyster",
      "points": [
        [
          1438.0,
          1383.0
        ],
        [
          1432.0,
          1351.0
        ],
        [
          1384.0,
          1345.0
        ],
        [
          1270.0,
          1329.0
        ],
        [
          1090.0,
          1311.0
        ],
        [
          1054.0,
          1339.0
        ],
        [
          1044.0,
          1383.0
        ],
        [
          1064.0,
          1441.0
        ],
        [
          1268.0,
          1555.0
        ],
        [
          1372.0,
          1659.0
        ],
        [
          1432.0,
          1703.0
        ]
      ],
      "group_id": null,
      "shape_type": "polygon",
      "flags": {}
    },
    {
      "label": "oyster",
      "points": [
        [
          242.0,
          1527.0
        ],
        [
          332.0,
          1591.0
        ],
        [
          362.0,
          1701.0
        ],
        [
          382.0,
          1831.0
        ],
        [
          368.0,
          1913.0
        ],
        [
          232.0,
          1831.0
        ],
        [
          174.0,
          1779.0
        ],
        [
          146.0,
          1623.0
        ],
        [
          134.0,
          1533.0
        ],
        [
          154.0,
          1473.0
        ],
        [
          214.0,
          1497.0
        ]
      ],
      "group_id": null,
      "shape_type": "polygon",
      "flags": {}
    },
    {
      "label": "oyster",
      "points": [
        [
          2.0,
          1091.0
        ],
        [
          56.0,
          1073.0
        ],
        [
          80.0,
          1163.0
        ],
        [
          102.0,
          1281.0
        ],
        [
          82.0,
          1337.0
        ],
        [
          6.0,
          1329.0
        ]
      ],
      "group_id": null,
      "shape_type": "polygon",
      "flags": {}
    },
    {
      "label": "oyster",
      "points": [
        [
          220.0,
          451.0
        ],
        [
          210.0,
          501.0
        ],
        [
          200.0,
          571.0
        ],
        [
          160.0,
          621.0
        ],
        [
          6.0,
          643.0
        ],
        [
          2.0,
          461.0
        ],
        [
          62.0,
          421.0
        ],
        [
          174.0,
          433.0
        ]
      ],
      "group_id": null,
      "shape_type": "polygon",
      "flags": {}
    },
    {
      "label": "oyster",
      "points": [
        [
          1432.0,
          645.0
        ],
        [
          1388.0,
          673.0
        ],
        [
          1380.0,
          747.0
        ],
        [
          1402.0,
          815.0
        ],
        [
          1439.0,
          831.0
        ],
        [
          1439.0,
          645.0
        ]
      ],
      "group_id": null,
      "shape_type": "polygon",
      "flags": {}
    },
    {
      "label": "oyster",
      "points": [
        [
          1326.0,
          217.0
        ],
        [
          1364.0,
          249.0
        ],
        [
          1338.0,
          317.0
        ],
        [
          1312.0,
          305.0
        ],
        [
          1298.0,
          247.0
        ]
      ],
      "group_id": null,
      "shape_type": "polygon",
      "flags": {}
    },
    {
      "label": "oyster",
      "points": [
        [
          1026.0,
          1023.0
        ],
        [
          1132.0,
          1029.0
        ],
        [
          1150.0,
          1051.0
        ],
        [
          1220.0,
          1021.0
        ],
        [
          1316.0,
          1069.0
        ],
        [
          1208.0,
          1125.0
        ],
        [
          1126.0,
          1171.0
        ],
        [
          1052.0,
          1179.0
        ],
        [
          986.0,
          1175.0
        ],
        [
          868.0,
          1153.0
        ],
        [
          834.0,
          1109.0
        ],
        [
          836.0,
          1025.0
        ],
        [
          924.0,
          989.0
        ]
      ],
      "group_id": null,
      "shape_type": "polygon",
      "flags": {}
    },
    {
      "label": "oyster",
      "points": [
        [
          582.6511627906976,
          633.7209302325582
        ],
        [
          551.2558139534884,
          619.7674418604652
        ],
        [
          467.5348837209302,
          573.2558139534884
        ],
        [
          409.3953488372093,
          617.4418604651163
        ],
        [
          391.95348837209303,
          716.2790697674419
        ],
        [
          425.6744186046512,
          772.0930232558139
        ],
        [
          408.2325581395349,
          815.1162790697674
        ],
        [
          346.60465116279073,
          827.9069767441861
        ],
        [
          246.60465116279067,
          762.7906976744187
        ],
        [
          224.51162790697674,
          677.9069767441861
        ],
        [
          222.18604651162792,
          597.6744186046511
        ],
        [
          230.32558139534885,
          515.1162790697674
        ],
        [
          279.16279069767444,
          473.25581395348837
        ],
        [
          375.6744186046512,
          487.2093023255814
        ],
        [
          464.04651162790697,
          454.6511627906977
        ],
        [
          543.1162790697674,
          484.8837209302326
        ],
        [
          602.4186046511628,
          569.7674418604652
        ]
      ],
      "group_id": null,
      "shape_type": "polygon",
      "flags": {}
    },
    {
      "label": "oyster",
      "points": [
        [
          422.1860465116279,
          879.0697674418604
        ],
        [
          504.7441860465117,
          870.9302325581396
        ],
        [
          554.7441860465117,
          883.7209302325582
        ],
        [
          624.5116279069767,
          923.2558139534884
        ],
        [
          659.3953488372093,
          1001.1627906976744
        ],
        [
          686.1395348837209,
          1079.0697674418604
        ],
        [
          665.2093023255815,
          1145.3488372093022
        ],
        [
          653.5813953488372,
          1174.4186046511627
        ],
        [
          634.9767441860465,
          1175.5813953488373
        ],
        [
          487.30232558139534,
          1053.4883720930234
        ],
        [
          446.60465116279073,
          955.8139534883721
        ],
        [
          407.06976744186045,
          960.4651162790698
        ]
      ],
      "group_id": null,
      "shape_type": "polygon",
      "flags": {}
    },
    {
      "label": "shell",
      "points": [
        [
          1286.0,
          387.0
        ],
        [
          1236.0,
          289.0
        ],
        [
          1291,
          0
        ],
        [
          1439,
          0
        ],
        [
          1439,
          371
        ]
      ],
      "group_id": null,
      "shape_type": "polygon",
      "flags": {}
    },
    {
      "label": "oyster",
      "points": [
        [
          688.0,
          1261.0
        ],
        [
          660.0,
          1335.0
        ],
        [
          528.0,
          1449.0
        ],
        [
          476.0,
          1453.0
        ],
        [
          182.0,
          1225.0
        ],
        [
          132.0,
          1141.0
        ],
        [
          26.0,
          1035.0
        ],
        [
          142.0,
          945.0
        ],
        [
          308.0,
          953.0
        ],
        [
          432.0,
          1025.0
        ],
        [
          520.0,
          1071.0
        ],
        [
          622.0,
          1175.0
        ],
        [
          682.0,
          1235.0
        ]
      ],
      "group_id": null,
      "shape_type": "polygon",
      "flags": {}
    },
    {
      "label": "shell",
      "points": [
        [
          464.0,
          1643.0
        ],
        [
          474.0,
          1553.0
        ],
        [
          406.0,
          1495.0
        ],
        [
          380.0,
          1397.0
        ],
        [
          330.0,
          1393.0
        ],
        [
          222.0,
          1395.0
        ],
        [
          120.0,
          1419.0
        ],
        [
          122.0,
          1485.0
        ],
        [
          244.0,
          1557.0
        ],
        [
          416.0,
          1623.0
        ],
        [
          410.0,
          1639.0
        ]
      ],
      "group_id": null,
      "shape_type": "polygon",
      "flags": {}
    },
    {
      "label": "shell",
      "points": [
        [
          830.0,
          847.0
        ],
        [
          858.0,
          733.0
        ],
        [
          818.0,
          585.0
        ],
        [
          752.0,
          497.0
        ],
        [
          634.0,
          435.0
        ],
        [
          552.0,
          455.0
        ],
        [
          632.0,
          579.0
        ],
        [
          736.0,
          763.0
        ],
        [
          790.0,
          923.0
        ]
      ],
      "group_id": null,
      "shape_type": "polygon",
      "flags": {}
    },
    {
      "label": "shell",
      "points": [
        [
          868.0,
          1147.0
        ],
        [
          890.0,
          1199.0
        ],
        [
          1046.0,
          1273.0
        ],
        [
          1048.0,
          1303.0
        ],
        [
          996.0,
          1359.0
        ],
        [
          792.0,
          1409.0
        ],
        [
          728.0,
          1373.0
        ],
        [
          690.0,
          1315.0
        ],
        [
          684.0,
          1205.0
        ],
        [
          738.0,
          1143.0
        ],
        [
          778.0,
          1089.0
        ],
        [
          820.0,
          1089.0
        ]
      ],
      "group_id": null,
      "shape_type": "polygon",
      "flags": {}
    }
  ],
  "imagePath": "248.jpg",
  "imageData": null,
  "imageHeight": 1920,
  "imageWidth": 1440
}