{
  "version": "4.5.6",
  "flags": {},
  "shapes": [
    {
      "label": "oyster",
      "points": [
        [
          633.0645161290323,
          519.3548387096774
        ],
        [
          581.4516129032259,
          474.19354838709677
        ],
        [
          516.9354838709678,
          288.7096774193548
        ],
        [
          478.2258064516129,
          216.1290322580645
        ],
        [
          455.64516129032256,
          126.61290322580645
        ],
        [
          536.2903225806451,
          73.38709677419355
        ],
        [
          603.2258064516129,
          88.70967741935483
        ],
        [
          654.8387096774194,
          99.19354838709677
        ],
        [
          706.4516129032259,
          60.483870967741936
        ],
        [
          762.0967741935484,
          95.16129032258064
        ],
        [
          812.9032258064516,
          233.06451612903226
        ],
        [
          820.1612903225806,
          385.48387096774195
        ],
        [
          694.3548387096774,
          516.1290322580645
        ]
      ],
      "group_id": null,
      "shape_type": "polygon",
      "flags": {}
    },
    {
      "label": "oyster",
      "points": [
        [
          1257.0,
          1368.75
        ],
        [
          1124.5,
          1422.5
        ],
        [
          782.0,
          1470.0
        ],
        [
          617.0,
          1396.25
        ],
        [
          590.75,
          1221.25
        ],
        [
          582.0,
          1071.25
        ],
        [
          647.0,
          998.75
        ],
        [
          814.5,
          982.5
        ],
        [
          1035.75,
          1018.75
        ],
        [
          1305.75,
          1010.0
        ],
        [
          1433.25,
          1048.75
        ],
        [
          1428.25,
          1156.25
        ],
        [
          1347.0,
          1271.25
        ],
        [
          1280.75,
          1355.0
        ]
      ],
      "group_id": null,
      "shape_type": "polygon",
      "flags": {}
    },
    {
      "label": "oyster",
      "points": [
        [
          717.0,
          1565.0
        ],
        [
          632.0,
          1515.0
        ],
        [
          398.25,
          1460.0
        ],
        [
          263.25,
          1478.75
        ],
        [
          223.25,
          1522.5
        ],
        [
          310.75,
          1593.75
        ],
        [
          447.0,
          1666.25
        ],
        [
          503.25,
          1748.75
        ],
        [
          610.75,
          1841.25
        ],
        [
          680.75,
          1793.75
        ],
        [
          748.25,
          1806.25
        ],
        [
          642.0,
          1690.0
        ],
        [
          660.75,
          1617.5
        ],
        [
          702.0,
          1580.0
        ]
      ],
      "group_id": null,
      "shape_type": "polygon",
      "flags": {}
    },
    {
      "label": "oyster",
      "points": [
        [
          1009.0,
          1810.6666666666667
        ],
        [
          849.0,
          1810.6666666666667
        ],
        [
          754.3333333333334,
          1805.3333333333333
        ],
        [
          654.3333333333334,
          1698.6666666666667
        ],
        [
          665.0,
          1621.3333333333333
        ],
        [
          714.3333333333334,
          1574.6666666666667
        ],
        [
          755.6666666666666,
          1512.0
        ],
        [
          779.6666666666666,
          1476.0
        ],
        [
          1011.6666666666667,
          1457.3333333333333
        ],
        [
          1011.6666666666667,
          1497.3333333333333
        ],
        [
          971.6666666666667,
          1546.6666666666667
        ],
        [
          1042.3333333333333,
          1572.0
        ]
      ],
      "group_id": null,
      "shape_type": "polygon",
      "flags": {}
    },
    {
      "label": "oyster",
      "points": [
        [
          346.3333333333333,
          278.6666666666667
        ],
        [
          294.3333333333333,
          253.33333333333334
        ],
        [
          130.33333333333331,
          213.33333333333334
        ],
        [
          114.33333333333334,
          92.0
        ],
        [
          182.33333333333331,
          56.0
        ],
        [
          183.66666666666669,
          17.333333333333332
        ],
        [
          471.66666666666663,
          2.6666666666666665
        ],
        [
          478.33333333333337,
          86.66666666666667
        ],
        [
          423.66666666666663,
          269.3333333333333
        ],
        [
          387.66666666666663,
          290.6666666666667
        ]
      ],
      "group_id": null,
      "shape_type": "polygon",
      "flags": {}
    },
    {
      "label": "oyster",
      "points": [
        [
          1347.888888888889,
          897.2222222222223
        ],
        [
          1213.1666666666667,
          931.9444444444445
        ],
        [
          1102.0555555555557,
          922.2222222222223
        ],
        [
          1045.111111111111,
          909.7222222222223
        ],
        [
          1011.7777777777778,
          844.4444444444445
        ],
        [
          975.6666666666667,
          779.1666666666667
        ],
        [
          981.2222222222222,
          726.3888888888889
        ],
        [
          988.1666666666667,
          672.2222222222223
        ],
        [
          979.8333333333335,
          602.7777777777778
        ],
        [
          1009.0,
          520.8333333333334
        ],
        [
          1025.6666666666667,
          473.61111111111114
        ],
        [
          1079.8333333333335,
          440.27777777777777
        ],
        [
          1159.0,
          443.0555555555556
        ],
        [
          1232.611111111111,
          590.2777777777778
        ],
        [
          1299.2777777777778,
          591.6666666666667
        ],
        [
          1388.1666666666667,
          652.7777777777778
        ],
        [
          1403.4444444444446,
          819.4444444444445
        ]
      ],
      "group_id": null,
      "shape_type": "polygon",
      "flags": {}
    },
    {
      "label": "shell",
      "points": [
        [
          712.0,
          561.0
        ],
        [
          310.0,
          599.0
        ],
        [
          326.0,
          743.0
        ],
        [
          346.0,
          817.0
        ],
        [
          426.0,
          893.0
        ],
        [
          516.0,
          915.0
        ],
        [
          554.0,
          913.0
        ],
        [
          600.0,
          781.0
        ],
        [
          678.0,
          773.0
        ],
        [
          706.0,
          785.0
        ],
        [
          758.0,
          777.0
        ],
        [
          776.0,
          725.0
        ],
        [
          758.0,
          627.0
        ]
      ],
      "group_id": null,
      "shape_type": "polygon",
      "flags": {}
    },
    {
      "label": "oyster",
      "points": [
        [
          940.0,
          231.0
        ],
        [
          1010.0,
          181.0
        ],
        [
          1018.0,
          7.0
        ],
        [
          698.0,
          7.0
        ],
        [
          698.0,
          31.0
        ],
        [
          752.0,
          81.0
        ],
        [
          812.0,
          163.0
        ],
        [
          852.0,
          217.0
        ]
      ],
      "group_id": null,
      "shape_type": "polygon",
      "flags": {}
    }
  ],
  "imagePath": "249.jpg",
  "imageData": null,
  "imageHeight": 1920,
  "imageWidth": 1440
}