{
  "version": "4.5.6",
  "flags": {},
  "shapes": [
    {
      "label": "oyster",
      "points": [
        [
          425.0,
          919.0
        ],
        [
          369.0,
          937.0
        ],
        [
          311.0,
          969.0
        ],
        [
          260.0,
          1004.0
        ],
        [
          204.0,
          1039.0
        ],
        [
          148.0,
          1088.0
        ],
        [
          79.0,
          1163.0
        ],
        [
          60.0,
          1200.0
        ],
        [
          35.0,
          1250.0
        ],
        [
          0.0,
          1307.0
        ],
        [
          6.0,
          1825.0
        ],
        [
          180.0,
          1895.0
        ],
        [
          310.0,
          1765.0
        ],
        [
          347.0,
          1710.0
        ],
        [
          372.0,
          1652.0
        ],
        [
          394.0,
          1609.0
        ],
        [
          416.0,
          1564.0
        ],
        [
          439.0,
          1518.0
        ],
        [
          478.0,
          1462.0
        ],
        [
          508.0,
          1413.0
        ],
        [
          541.0,
          1362.0
        ],
        [
          578.0,
          1307.0
        ],
        [
          607.0,
          1260.0
        ],
        [
          626.0,
          1218.0
        ],
        [
          638.0,
          1025.0
        ],
        [
          581.0,
          931.0
        ],
        [
          484.0,
          919.0
        ]
      ],
      "group_id": null,
      "shape_type": "polygon",
      "flags": {}
    },
    {
      "label": "oyster",
      "points": [
        [
          28.0,
          1.0
        ],
        [
          22.0,
          508.0
        ],
        [
          96.0,
          493.0
        ],
        [
          136.0,
          474.0
        ],
        [
          214.0,
          400.0
        ],
        [
          281.0,
          348.0
        ],
        [
          364.0,
          333.0
        ],
        [
          448.0,
          332.0
        ],
        [
          496.0,
          308.0
        ],
        [
          524.0,
          219.0
        ],
        [
          506.0,
          137.0
        ],
        [
          477.0,
          91.0
        ],
        [
          428.0,
          53.0
        ],
        [
          363.0,
          6.0
        ]
      ],
      "group_id": null,
      "shape_type": "polygon",
      "flags": {}
    },
    {
      "label": "oyster",
      "points": [
        [
          23.0,
          601.0
        ],
        [
          41.0,
          863.0
        ],
        [
          98.0,
          918.0
        ],
        [
          116.0,
          961.0
        ],
        [
          135.0,
          1009.0
        ],
        [
          206.0,
          1028.0
        ],
        [
          252.0,
          1004.0
        ],
        [
          338.0,
          935.0
        ],
        [
          367.0,
          869.0
        ],
        [
          373.0,
          729.0
        ],
        [
          326.0,
          676.0
        ],
        [
          278.0,
          657.0
        ],
        [
          211.0,
          640.0
        ],
        [
          132.0,
          622.0
        ],
        [
          69.0,
          605.0
        ]
      ],
      "group_id": null,
      "shape_type": "polygon",
      "flags": {}
    },
    {
      "label": "oyster",
      "points": [
        [
          952.0,
          109.0
        ],
        [
          923.0,
          103.0
        ],
        [
          933.0,
          206.0
        ],
        [
          950.0,
          358.0
        ],
        [
          970.0,
          405.0
        ],
        [
          997.0,
          451.0
        ],
        [
          1020.0,
          504.0
        ],
        [
          1040.0,
          545.0
        ],
        [
          1097.0,
          595.0
        ],
        [
          1143.0,
          624.0
        ],
        [
          1196.0,
          688.0
        ],
        [
          1370.0,
          688.0
        ],
        [
          1434.0,
          621.0
        ],
        [
          1436.0,
          345.0
        ],
        [
          1329.0,
          270.0
        ],
        [
          1273.0,
          242.0
        ],
        [
          1232.0,
          220.0
        ],
        [
          1130.0,
          187.0
        ],
        [
          1058.0,
          133.0
        ],
        [
          1020.0,
          121.0
        ],
        [
          982.0,
          115.0
        ]
      ],
      "group_id": null,
      "shape_type": "polygon",
      "flags": {}
    },
    {
      "label": "oyster",
      "points": [
        [
          815.0,
          509.0
        ],
        [
          751.0,
          527.0
        ],
        [
          673.0,
          605.0
        ],
        [
          635.0,
          660.0
        ],
        [
          559.0,
          726.0
        ],
        [
          511.0,
          753.0
        ],
        [
          474.0,
          771.0
        ],
        [
          421.0,
          827.0
        ],
        [
          429.0,
          901.0
        ],
        [
          548.0,
          912.0
        ],
        [
          613.0,
          918.0
        ],
        [
          648.0,
          969.0
        ],
        [
          704.0,
          1002.0
        ],
        [
          838.0,
          1019.0
        ],
        [
          1080.0,
          1027.0
        ],
        [
          1123.0,
          1010.0
        ],
        [
          1218.0,
          887.0
        ],
        [
          1188.0,
          625.0
        ],
        [
          1094.0,
          604.0
        ],
        [
          1055.0,
          584.0
        ],
        [
          984.0,
          528.0
        ]
      ],
      "group_id": null,
      "shape_type": "polygon",
      "flags": {}
    },
    {
      "label": "oyster",
      "points": [
        [
          626.0,
          463.0
        ],
        [
          368.0,
          565.0
        ]
      ],
      "group_id": null,
      "shape_type": "polygon",
      "flags": {}
    },
    {
      "label": "oyster",
      "points": [
        [
          1037.0,
          1.0
        ],
        [
          956.0,
          36.0
        ],
        [
          960.0,
          109.0
        ],
        [
          1054.0,
          130.0
        ],
        [
          1116.0,
          173.0
        ],
        [
          1166.0,
          205.0
        ],
        [
          1308.0,
          275.0
        ],
        [
          1332.0,
          1.0
        ]
      ],
      "group_id": null,
      "shape_type": "polygon",
      "flags": {}
    },
    {
      "label": "oyster",
      "points": [
        [
          1196.0,
          1672.0
        ],
        [
          1145.0,
          1724.0
        ],
        [
          1113.0,
          1774.0
        ],
        [
          1094.0,
          1819.0
        ],
        [
          1074.0,
          1919.0
        ],
        [
          1428.0,
          1919.0
        ],
        [
          1438.0,
          1809.0
        ],
        [
          1341.0,
          1719.0
        ],
        [
          1288.0,
          1686.0
        ]
      ],
      "group_id": null,
      "shape_type": "polygon",
      "flags": {}
    },
    {
      "label": "oyster",
      "points": [
        [
          2.0,
          845.0
        ],
        [
          0.0,
          1139.0
        ],
        [
          77.0,
          1114.0
        ],
        [
          115.0,
          1072.0
        ],
        [
          117.0,
          954.0
        ],
        [
          74.0,
          893.0
        ]
      ],
      "group_id": null,
      "shape_type": "polygon",
      "flags": {}
    },
    {
      "label": "oyster",
      "points": [
        [
          691.0,
          1394.0
        ],
        [
          535.0,
          1430.0
        ],
        [
          374.0,
          1741.0
        ],
        [
          404.0,
          1919.0
        ],
        [
          584.0,
          1913.0
        ],
        [
          682.0,
          1911.0
        ],
        [
          976.0,
          1919.0
        ],
        [
          984.0,
          1820.0
        ],
        [
          1007.0,
          1776.0
        ],
        [
          1027.0,
          1725.0
        ],
        [
          1089.0,
          1645.0
        ],
        [
          1048.0,
          1564.0
        ],
        [
          988.0,
          1523.0
        ],
        [
          885.0,
          1435.0
        ],
        [
          828.0,
          1400.0
        ]
      ],
      "group_id": null,
      "shape_type": "polygon",
      "flags": {}
    },
    {
      "label": "oyster",
      "points": [
        [
          496.0,
          79.0
        ],
        [
          628.0,
          11.0
        ],
        [
          852.0,
          23.0
        ],
        [
          916.0,
          113.0
        ],
        [
          916.0,
          261.0
        ],
        [
          946.0,
          381.0
        ],
        [
          914.0,
          439.0
        ],
        [
          806.0,
          313.0
        ],
        [
          694.0,
          227.0
        ],
        [
          538.0,
          185.0
        ]
      ],
      "group_id": null,
      "shape_type": "polygon",
      "flags": {}
    },
    {
      "label": "oyster",
      "points": [
        [
          1102.0,
          731.0
        ],
        [
          934.0,
          701.0
        ],
        [
          712.0,
          657.0
        ],
        [
          694.0,
          551.0
        ],
        [
          778.0,
          509.0
        ],
        [
          910.0,
          557.0
        ],
        [
          1044.0,
          627.0
        ],
        [
          1108.0,
          677.0
        ]
      ],
      "group_id": null,
      "shape_type": "polygon",
      "flags": {}
    },
    {
      "label": "shell",
      "points": [
        [
          656.0,
          1005.0
        ],
        [
          808.0,
          1001.0
        ],
        [
          886.0,
          1055.0
        ],
        [
          930.0,
          1169.0
        ],
        [
          908.0,
          1281.0
        ],
        [
          826.0,
          1381.0
        ],
        [
          530.0,
          1399.0
        ],
        [
          608.0,
          1281.0
        ],
        [
          654.0,
          1189.0
        ],
        [
          654.0,
          1085.0
        ]
      ],
      "group_id": null,
      "shape_type": "polygon",
      "flags": {}
    },
    {
      "label": "shell",
      "points": [
        [
          1140.0,
          1507.0
        ],
        [
          1090.0,
          1411.0
        ],
        [
          1074.0,
          1283.0
        ],
        [
          1184.0,
          1179.0
        ],
        [
          1366.0,
          1079.0
        ],
        [
          1439,
          1017
        ],
        [
          1439,
          1583
        ],
        [
          1340.0,
          1635.0
        ],
        [
          1204.0,
          1593.0
        ],
        [
          1144.0,
          1559.0
        ]
      ],
      "group_id": null,
      "shape_type": "polygon",
      "flags": {}
    }
  ],
  "imagePath": "25.jpg",
  "imageData": null,
  "imageHeight": 1920,
  "imageWidth": 1440
}