{
  "version": "4.5.6",
  "flags": {},
  "shapes": [
    {
      "label": "oyster",
      "points": [
        [
          612.0,
          3.0
        ],
        [
          628.0,
          100.0
        ],
        [
          657.0,
          148.0
        ],
        [
          721.0,
          213.0
        ],
        [
          775.0,
          231.0
        ],
        [
          897.0,
          219.0
        ],
        [
          950.0,
          186.0
        ],
        [
          1009.0,
          111.0
        ],
        [
          1072.0,
          7.0
        ]
      ],
      "group_id": null,
      "shape_type": "polygon",
      "flags": {}
    },
    {
      "label": "oyster",
      "points": [
        [
          135.0,
          1640.0
        ],
        [
          4.0,
          1658.0
        ],
        [
          0.0,
          1901.0
        ],
        [
          229.0,
          1865.0
        ],
        [
          257.0,
          1755.0
        ],
        [
          227.0,
          1696.0
        ],
        [
          141.0,
          1640.0
        ]
      ],
      "group_id": null,
      "shape_type": "polygon",
      "flags": {}
    },
    {
      "label": "oyster",
      "points": [
        [
          851.0,
          527.0
        ],
        [
          802.0,
          570.0
        ],
        [
          834.0,
          639.0
        ],
        [
          852.0,
          679.0
        ],
        [
          872.0,
          719.0
        ],
        [
          890.0,
          770.0
        ],
        [
          934.0,
          827.0
        ],
        [
          1009.0,
          882.0
        ],
        [
          1123.0,
          891.0
        ],
        [
          1161.0,
          849.0
        ],
        [
          1136.0,
          787.0
        ],
        [
          1097.0,
          732.0
        ],
        [
          1080.0,
          680.0
        ],
        [
          1061.0,
          623.0
        ],
        [
          996.0,
          566.0
        ],
        [
          946.0,
          548.0
        ],
        [
          879.0,
          531.0
        ]
      ],
      "group_id": null,
      "shape_type": "polygon",
      "flags": {}
    },
    {
      "label": "oyster",
      "points": [
        [
          1377.0,
          274.0
        ],
        [
          1310.0,
          299.0
        ],
        [
          1253.0,
          352.0
        ],
        [
          1232.0,
          393.0
        ],
        [
          1212.0,
          432.0
        ],
        [
          1188.0,
          473.0
        ],
        [
          1158.0,
          521.0
        ],
        [
          1128.0,
          569.0
        ],
        [
          1095.0,
          645.0
        ],
        [
          1130.0,
          745.0
        ],
        [
          1215.0,
          826.0
        ],
        [
          1332.0,
          836.0
        ],
        [
          1366.0,
          790.0
        ],
        [
          1383.0,
          699.0
        ],
        [
          1401.0,
          626.0
        ],
        [
          1417.0,
          342.0
        ]
      ],
      "group_id": null,
      "shape_type": "polygon",
      "flags": {}
    },
    {
      "label": "oyster",
      "points": [
        [
          1012.0,
          1751.0
        ],
        [
          1018.0,
          1897.0
        ],
        [
          1190.0,
          1914.0
        ],
        [
          1234.0,
          1872.0
        ],
        [
          1232.0,
          1792.0
        ],
        [
          1158.0,
          1737.0
        ]
      ],
      "group_id": null,
      "shape_type": "polygon",
      "flags": {}
    },
    {
      "label": "oyster",
      "points": [
        [
          1280.0,
          1605.0
        ],
        [
          1220.0,
          1641.0
        ],
        [
          1196.0,
          1735.0
        ],
        [
          1230.0,
          1782.0
        ],
        [
          1274.0,
          1807.0
        ],
        [
          1340.0,
          1813.0
        ],
        [
          1438.0,
          1801.0
        ],
        [
          1434.0,
          1685.0
        ],
        [
          1374.0,
          1636.0
        ],
        [
          1319.0,
          1609.0
        ]
      ],
      "group_id": null,
      "shape_type": "polygon",
      "flags": {}
    },
    {
      "label": "oyster",
      "points": [
        [
          1057.0,
          84.0
        ],
        [
          1008.0,
          131.0
        ],
        [
          991.0,
          249.0
        ],
        [
          1009.0,
          322.0
        ],
        [
          1075.0,
          355.0
        ],
        [
          1121.0,
          335.0
        ],
        [
          1170.0,
          275.0
        ],
        [
          1164.0,
          184.0
        ],
        [
          1089.0,
          93.0
        ]
      ],
      "group_id": null,
      "shape_type": "polygon",
      "flags": {}
    },
    {
      "label": "oyster",
      "points": [
        [
          0.0,
          1517.0
        ],
        [
          0.0,
          1651.0
        ],
        [
          152.0,
          1628.0
        ],
        [
          146.0,
          1541.0
        ],
        [
          74.0,
          1519.0
        ]
      ],
      "group_id": null,
      "shape_type": "polygon",
      "flags": {}
    },
    {
      "label": "oyster",
      "points": [
        [
          166.0,
          561.0
        ],
        [
          93.0,
          599.0
        ],
        [
          73.0,
          640.0
        ],
        [
          55.0,
          714.0
        ],
        [
          58.0,
          893.0
        ],
        [
          76.0,
          956.0
        ],
        [
          177.0,
          1001.0
        ],
        [
          243.0,
          965.0
        ],
        [
          302.0,
          898.0
        ],
        [
          321.0,
          856.0
        ],
        [
          338.0,
          791.0
        ],
        [
          354.0,
          686.0
        ],
        [
          335.0,
          632.0
        ],
        [
          277.0,
          579.0
        ]
      ],
      "group_id": null,
      "shape_type": "polygon",
      "flags": {}
    },
    {
      "label": "oyster",
      "points": [
        [
          587.0,
          640.0
        ],
        [
          538.0,
          697.0
        ],
        [
          553.0,
          959.0
        ],
        [
          588.0,
          1004.0
        ],
        [
          698.0,
          964.0
        ],
        [
          723.0,
          921.0
        ],
        [
          743.0,
          878.0
        ],
        [
          745.0,
          759.0
        ],
        [
          720.0,
          708.0
        ],
        [
          653.0,
          658.0
        ]
      ],
      "group_id": null,
      "shape_type": "polygon",
      "flags": {}
    },
    {
      "label": "oyster",
      "points": [
        [
          14.0,
          103.0
        ],
        [
          2.0,
          198.0
        ],
        [
          0.0,
          455.0
        ],
        [
          66.0,
          381.0
        ],
        [
          127.0,
          328.0
        ],
        [
          180.0,
          257.0
        ],
        [
          187.0,
          169.0
        ],
        [
          143.0,
          127.0
        ],
        [
          65.0,
          108.0
        ]
      ],
      "group_id": null,
      "shape_type": "polygon",
      "flags": {}
    },
    {
      "label": "oyster",
      "points": [
        [
          743.0,
          1732.0
        ],
        [
          702.0,
          1777.0
        ],
        [
          695.0,
          1849.0
        ],
        [
          684.0,
          1907.0
        ],
        [
          850.0,
          1869.0
        ],
        [
          827.0,
          1828.0
        ],
        [
          797.0,
          1780.0
        ]
      ],
      "group_id": null,
      "shape_type": "polygon",
      "flags": {}
    },
    {
      "label": "oyster",
      "points": [
        [
          606.0,
          35.0
        ],
        [
          552.0,
          67.0
        ],
        [
          540.0,
          167.0
        ],
        [
          556.0,
          291.0
        ],
        [
          614.0,
          275.0
        ],
        [
          736.0,
          323.0
        ],
        [
          718.0,
          221.0
        ],
        [
          628.0,
          135.0
        ]
      ],
      "group_id": null,
      "shape_type": "polygon",
      "flags": {}
    },
    {
      "label": "oyster",
      "points": [
        [
          1426.8840579710143,
          71.01449275362319
        ],
        [
          1341.3768115942028,
          124.63768115942028
        ],
        [
          1289.2028985507245,
          168.1159420289855
        ],
        [
          1237.0289855072463,
          197.1014492753623
        ],
        [
          1197.8985507246375,
          140.57971014492753
        ],
        [
          1147.1739130434783,
          147.82608695652172
        ],
        [
          1126.8840579710143,
          124.63768115942028
        ],
        [
          1174.710144927536,
          5.797101449275361
        ],
        [
          1437.0289855072463,
          5.797101449275361
        ]
      ],
      "group_id": null,
      "shape_type": "polygon",
      "flags": {}
    },
    {
      "label": "shell",
      "points": [
        [
          1136.0,
          1681.0
        ],
        [
          1132.0,
          1717.0
        ],
        [
          996.0,
          1749.0
        ],
        [
          990,
          1919
        ],
        [
          896,
          1919
        ],
        [
          836.0,
          1803.0
        ],
        [
          834.0,
          1669.0
        ],
        [
          908.0,
          1631.0
        ],
        [
          956.0,
          1605.0
        ],
        [
          1040.0,
          1629.0
        ],
        [
          1140.0,
          1647.0
        ]
      ],
      "group_id": null,
      "shape_type": "polygon",
      "flags": {}
    },
    {
      "label": "shell",
      "points": [
        [
          204.0,
          1235.0
        ],
        [
          300.0,
          1297.0
        ],
        [
          344.0,
          1391.0
        ],
        [
          290.0,
          1491.0
        ],
        [
          154.0,
          1515.0
        ],
        [
          60.0,
          1485.0
        ],
        [
          0,
          1449
        ],
        [
          0,
          1207
        ],
        [
          102.0,
          1187.0
        ],
        [
          170.0,
          1233.0
        ]
      ],
      "group_id": null,
      "shape_type": "polygon",
      "flags": {}
    },
    {
      "label": "shell",
      "points": [
        [
          564.0,
          295.0
        ],
        [
          636.0,
          287.0
        ],
        [
          720.0,
          325.0
        ],
        [
          742.0,
          351.0
        ],
        [
          774.0,
          441.0
        ],
        [
          736.0,
          491.0
        ],
        [
          646.0,
          475.0
        ],
        [
          562.0,
          461.0
        ],
        [
          530.0,
          423.0
        ],
        [
          518.0,
          363.0
        ]
      ],
      "group_id": null,
      "shape_type": "polygon",
      "flags": {}
    },
    {
      "label": "shell",
      "points": [
        [
          356.0,
          187.0
        ],
        [
          254.0,
          209.0
        ],
        [
          222.0,
          303.0
        ],
        [
          286.0,
          399.0
        ],
        [
          366.0,
          369.0
        ],
        [
          492.0,
          347.0
        ],
        [
          508.0,
          315.0
        ],
        [
          482.0,
          225.0
        ]
      ],
      "group_id": null,
      "shape_type": "polygon",
      "flags": {}
    },
    {
      "label": "shell",
      "points": [
        [
          482.0,
          527.0
        ],
        [
          384.0,
          527.0
        ],
        [
          308.0,
          477.0
        ],
        [
          312.0,
          413.0
        ],
        [
          406.0,
          369.0
        ],
        [
          484.0,
          351.0
        ],
        [
          538.0,
          401.0
        ],
        [
          528.0,
          471.0
        ],
        [
          506.0,
          495.0
        ]
      ],
      "group_id": null,
      "shape_type": "polygon",
      "flags": {}
    }
  ],
  "imagePath": "254.jpg",
  "imageData": null,
  "imageHeight": 1920,
  "imageWidth": 1440
}