{
  "version": "4.5.6",
  "flags": {},
  "shapes": [
    {
      "label": "oyster",
      "points": [
        [
          475.0,
          990.0
        ],
        [
          378.0,
          1008.0
        ],
        [
          314.0,
          1041.0
        ],
        [
          259.0,
          1077.0
        ],
        [
          188.0,
          1132.0
        ],
        [
          99.0,
          1214.0
        ],
        [
          70.0,
          1264.0
        ],
        [
          51.0,
          1309.0
        ],
        [
          0.0,
          1465.0
        ],
        [
          22.0,
          1841.0
        ],
        [
          206.0,
          1885.0
        ],
        [
          332.0,
          1855.0
        ],
        [
          386.0,
          1721.0
        ],
        [
          407.0,
          1675.0
        ],
        [
          430.0,
          1633.0
        ],
        [
          449.0,
          1586.0
        ],
        [
          480.0,
          1537.0
        ],
        [
          517.0,
          1483.0
        ],
        [
          551.0,
          1431.0
        ],
        [
          589.0,
          1376.0
        ],
        [
          615.0,
          1331.0
        ],
        [
          634.0,
          1288.0
        ],
        [
          605.0,
          998.0
        ]
      ],
      "group_id": null,
      "shape_type": "polygon",
      "flags": {}
    },
    {
      "label": "oyster",
      "points": [
        [
          980.0,
          153.0
        ],
        [
          953.0,
          94.0
        ],
        [
          918.0,
          148.0
        ],
        [
          925.0,
          249.0
        ],
        [
          943.0,
          362.0
        ],
        [
          960.0,
          438.0
        ],
        [
          982.0,
          481.0
        ],
        [
          1004.0,
          522.0
        ],
        [
          1025.0,
          565.0
        ],
        [
          1052.0,
          614.0
        ],
        [
          1110.0,
          654.0
        ],
        [
          1178.0,
          716.0
        ],
        [
          1373.0,
          743.0
        ],
        [
          1416.0,
          682.0
        ],
        [
          1387.0,
          393.0
        ],
        [
          1319.0,
          326.0
        ],
        [
          1275.0,
          301.0
        ],
        [
          1220.0,
          270.0
        ],
        [
          1166.0,
          227.0
        ],
        [
          1116.0,
          213.0
        ],
        [
          1058.0,
          197.0
        ],
        [
          1022.0,
          165.0
        ]
      ],
      "group_id": null,
      "shape_type": "polygon",
      "flags": {}
    },
    {
      "label": "oyster",
      "points": [
        [
          827.0,
          583.0
        ],
        [
          745.0,
          601.0
        ],
        [
          684.0,
          664.0
        ],
        [
          611.0,
          753.0
        ],
        [
          547.0,
          802.0
        ],
        [
          498.0,
          827.0
        ],
        [
          442.0,
          865.0
        ],
        [
          418.0,
          914.0
        ],
        [
          439.0,
          981.0
        ],
        [
          576.0,
          972.0
        ],
        [
          631.0,
          989.0
        ],
        [
          667.0,
          1037.0
        ],
        [
          745.0,
          1075.0
        ],
        [
          948.0,
          1092.0
        ],
        [
          1112.0,
          1080.0
        ],
        [
          1155.0,
          1063.0
        ],
        [
          1175.0,
          920.0
        ],
        [
          1151.0,
          691.0
        ],
        [
          1110.0,
          668.0
        ],
        [
          1068.0,
          645.0
        ],
        [
          1026.0,
          622.0
        ],
        [
          987.0,
          603.0
        ],
        [
          922.0,
          585.0
        ]
      ],
      "group_id": null,
      "shape_type": "polygon",
      "flags": {}
    },
    {
      "label": "oyster",
      "points": [
        [
          150.0,
          23.0
        ],
        [
          10.0,
          49.0
        ],
        [
          115.0,
          565.0
        ],
        [
          170.0,
          519.0
        ],
        [
          235.0,
          454.0
        ],
        [
          288.0,
          418.0
        ],
        [
          390.0,
          405.0
        ],
        [
          462.0,
          393.0
        ],
        [
          502.0,
          371.0
        ],
        [
          523.0,
          264.0
        ],
        [
          502.0,
          197.0
        ],
        [
          411.0,
          109.0
        ],
        [
          366.0,
          83.0
        ],
        [
          322.0,
          65.0
        ],
        [
          273.0,
          40.0
        ]
      ],
      "group_id": null,
      "shape_type": "polygon",
      "flags": {}
    },
    {
      "label": "oyster",
      "points": [
        [
          21.0,
          678.0
        ],
        [
          13.0,
          901.0
        ],
        [
          78.0,
          958.0
        ],
        [
          108.0,
          1007.0
        ],
        [
          128.0,
          1057.0
        ],
        [
          167.0,
          1090.0
        ],
        [
          264.0,
          1071.0
        ],
        [
          354.0,
          992.0
        ],
        [
          376.0,
          945.0
        ],
        [
          380.0,
          800.0
        ],
        [
          335.0,
          746.0
        ],
        [
          289.0,
          726.0
        ],
        [
          208.0,
          709.0
        ],
        [
          115.0,
          691.0
        ]
      ],
      "group_id": null,
      "shape_type": "polygon",
      "flags": {}
    },
    {
      "label": "oyster",
      "points": [
        [
          1064.0,
          0.0
        ],
        [
          964.0,
          39.0
        ],
        [
          938.0,
          115.0
        ],
        [
          1009.0,
          175.0
        ],
        [
          1100.0,
          192.0
        ],
        [
          1180.0,
          210.0
        ],
        [
          1286.0,
          263.0
        ],
        [
          1344.0,
          193.0
        ],
        [
          1293.0,
          3.0
        ]
      ],
      "group_id": null,
      "shape_type": "polygon",
      "flags": {}
    },
    {
      "label": "oyster",
      "points": [
        [
          706.0,
          78.0
        ],
        [
          646.0,
          96.0
        ],
        [
          606.0,
          114.0
        ],
        [
          547.0,
          164.0
        ],
        [
          550.0,
          237.0
        ],
        [
          595.0,
          264.0
        ],
        [
          672.0,
          281.0
        ],
        [
          735.0,
          327.0
        ],
        [
          819.0,
          421.0
        ],
        [
          938.0,
          503.0
        ],
        [
          917.0,
          219.0
        ],
        [
          899.0,
          169.0
        ],
        [
          837.0,
          113.0
        ],
        [
          787.0,
          88.0
        ]
      ],
      "group_id": null,
      "shape_type": "polygon",
      "flags": {}
    },
    {
      "label": "oyster",
      "points": [
        [
          551.0,
          4.0
        ],
        [
          197.0,
          48.0
        ],
        [
          265.0,
          65.0
        ],
        [
          351.0,
          83.0
        ],
        [
          406.0,
          103.0
        ],
        [
          449.0,
          128.0
        ],
        [
          490.0,
          148.0
        ],
        [
          566.0,
          142.0
        ],
        [
          613.0,
          116.0
        ],
        [
          656.0,
          98.0
        ],
        [
          722.0,
          44.0
        ]
      ],
      "group_id": null,
      "shape_type": "polygon",
      "flags": {}
    },
    {
      "label": "oyster",
      "points": [
        [
          1235.0,
          1726.0
        ],
        [
          1171.0,
          1773.0
        ],
        [
          1151.0,
          1816.0
        ],
        [
          1126.0,
          1859.0
        ],
        [
          1426.0,
          1866.0
        ],
        [
          1360.0,
          1775.0
        ],
        [
          1294.0,
          1736.0
        ]
      ],
      "group_id": null,
      "shape_type": "polygon",
      "flags": {}
    },
    {
      "label": "oyster",
      "points": [
        [
          1012.0,
          1903.0
        ],
        [
          1130.0,
          1665.0
        ],
        [
          916.0,
          1481.0
        ],
        [
          608.0,
          1443.0
        ],
        [
          460.0,
          1641.0
        ],
        [
          398.0,
          1909.0
        ]
      ],
      "group_id": null,
      "shape_type": "polygon",
      "flags": {}
    },
    {
      "label": "oyster",
      "points": [
        [
          1118.0,
          785.0
        ],
        [
          886.0,
          747.0
        ],
        [
          814.0,
          761.0
        ],
        [
          666.0,
          691.0
        ],
        [
          694.0,
          597.0
        ],
        [
          814.0,
          577.0
        ],
        [
          1032.0,
          671.0
        ],
        [
          1108.0,
          713.0
        ]
      ],
      "group_id": null,
      "shape_type": "polygon",
      "flags": {}
    },
    {
      "label": "shell",
      "points": [
        [
          668.0,
          1057.0
        ],
        [
          784.0,
          1071.0
        ],
        [
          900.0,
          1141.0
        ],
        [
          974.0,
          1259.0
        ],
        [
          826.0,
          1453.0
        ],
        [
          532.0,
          1455.0
        ],
        [
          628.0,
          1321.0
        ],
        [
          642.0,
          1179.0
        ]
      ],
      "group_id": null,
      "shape_type": "polygon",
      "flags": {}
    },
    {
      "label": "shell",
      "points": [
        [
          1194.0,
          1625.0
        ],
        [
          1082.0,
          1467.0
        ],
        [
          1082.0,
          1355.0
        ],
        [
          1124.0,
          1267.0
        ],
        [
          1280.0,
          1223.0
        ],
        [
          1402.0,
          1115.0
        ],
        [
          1439,
          1121
        ],
        [
          1439,
          1679
        ],
        [
          1280.0,
          1663.0
        ]
      ],
      "group_id": null,
      "shape_type": "polygon",
      "flags": {}
    }
  ],
  "imagePath": "26.jpg",
  "imageData": null,
  "imageHeight": 1920,
  "imageWidth": 1440
}