{
  "imageWidth": 1440,
  "imagePath": "3.jpg",
  "imageHeight": 1920,
  "shapes": [
    {
      "points": [
        [
          678.0,
          1565.0
        ],
        [
          618.0,
          1584.0
        ],
        [
          577.0,
          1602.0
        ],
        [
          527.0,
          1635.0
        ],
        [
          480.0,
          1663.0
        ],
        [
          430.0,
          1695.0
        ],
        [
          387.0,
          1719.0
        ],
        [
          329.0,
          1760.0
        ],
        [
          293.0,
          1812.0
        ],
        [
          318.0,
          1919.0
        ],
        [
          774.0,
          1919.0
        ],
        [
          788.0,
          1831.0
        ],
        [
          799.0,
          1612.0
        ],
        [
          738.0,
          1566.0
        ]
      ],
      "shape_type": "polygon",
      "label": "oyster",
      "group_id": null,
      "flags": {}
    },
    {
      "points": [
        [
          13.0,
          258.0
        ],
        [
          14.0,
          691.0
        ],
        [
          110.0,
          683.0
        ],
        [
          163.0,
          643.0
        ],
        [
          294.0,
          597.0
        ],
        [
          262.0,
          469.0
        ],
        [
          172.0,
          354.0
        ],
        [
          138.0,
          297.0
        ],
        [
          93.0,
          273.0
        ]
      ],
      "shape_type": "polygon",
      "label": "oyster",
      "group_id": null,
      "flags": {}
    },
    {
      "points": [
        [
          1160.0,
          1527.0
        ],
        [
          1031.0,
          1545.0
        ],
        [
          953.0,
          1526.0
        ],
        [
          871.0,
          1548.0
        ],
        [
          836.0,
          1679.0
        ],
        [
          816.0,
          1767.0
        ],
        [
          832.0,
          1857.0
        ],
        [
          808.0,
          1919.0
        ],
        [
          1441.0,
          1921.0
        ],
        [
          1433.0,
          1744.0
        ],
        [
          1378.0,
          1707.0
        ],
        [
          1306.0,
          1653.0
        ],
        [
          1255.0,
          1584.0
        ],
        [
          1203.0,
          1533.0
        ]
      ],
      "shape_type": "polygon",
      "label": "oyster",
      "group_id": null,
      "flags": {}
    },
    {
      "points": [
        [
          1013.0,
          748.0
        ],
        [
          976.0,
          709.0
        ],
        [
          911.0,
          853.0
        ],
        [
          840.0,
          1001.0
        ],
        [
          752.0,
          1217.0
        ],
        [
          926.0,
          1288.0
        ],
        [
          1092.0,
          1281.0
        ],
        [
          1182.0,
          1263.0
        ],
        [
          1253.0,
          1206.0
        ],
        [
          1378.0,
          1084.0
        ],
        [
          1404.0,
          1039.0
        ],
        [
          1413.0,
          928.0
        ],
        [
          1359.0,
          885.0
        ],
        [
          1283.0,
          868.0
        ],
        [
          1235.0,
          847.0
        ],
        [
          1187.0,
          819.0
        ],
        [
          1144.0,
          796.0
        ],
        [
          1100.0,
          776.0
        ],
        [
          1059.0,
          758.0
        ]
      ],
      "shape_type": "polygon",
      "label": "oyster",
      "group_id": null,
      "flags": {}
    },
    {
      "points": [
        [
          554.0,
          8.0
        ],
        [
          508.0,
          74.0
        ],
        [
          525.0,
          120.0
        ],
        [
          545.0,
          162.0
        ],
        [
          563.0,
          201.0
        ],
        [
          583.0,
          244.0
        ],
        [
          604.0,
          287.0
        ],
        [
          684.0,
          381.0
        ],
        [
          830.0,
          469.0
        ],
        [
          860.0,
          383.0
        ],
        [
          785.0,
          365.0
        ],
        [
          758.0,
          321.0
        ],
        [
          737.0,
          274.0
        ],
        [
          719.0,
          234.0
        ],
        [
          702.0,
          183.0
        ],
        [
          683.0,
          138.0
        ],
        [
          662.0,
          89.0
        ],
        [
          608.0,
          38.0
        ],
        [
          574.0,
          10.0
        ]
      ],
      "shape_type": "polygon",
      "label": "oyster",
      "group_id": null,
      "flags": {}
    },
    {
      "points": [
        [
          833.0,
          707.0
        ],
        [
          757.0,
          725.0
        ],
        [
          707.0,
          743.0
        ],
        [
          652.0,
          761.0
        ],
        [
          609.0,
          803.0
        ],
        [
          560.0,
          850.0
        ],
        [
          518.0,
          871.0
        ],
        [
          486.0,
          899.0
        ],
        [
          471.0,
          1053.0
        ],
        [
          531.0,
          1118.0
        ],
        [
          598.0,
          1169.0
        ],
        [
          692.0,
          1177.0
        ],
        [
          730.0,
          1125.0
        ],
        [
          749.0,
          1087.0
        ],
        [
          769.0,
          1047.0
        ],
        [
          789.0,
          1001.0
        ],
        [
          807.0,
          958.0
        ],
        [
          826.0,
          909.0
        ],
        [
          844.0,
          863.0
        ],
        [
          862.0,
          812.0
        ],
        [
          849.0,
          707.0
        ]
      ],
      "shape_type": "polygon",
      "label": "oyster",
      "group_id": null,
      "flags": {}
    },
    {
      "points": [
        [
          1386.0,
          1417.0
        ],
        [
          1210.0,
          1515.0
        ],
        [
          1050.0,
          1511.0
        ],
        [
          826.0,
          1499.0
        ],
        [
          688.0,
          1327.0
        ],
        [
          808.0,
          1295.0
        ],
        [
          1136.0,
          1297.0
        ],
        [
          1370.0,
          1319.0
        ]
      ],
      "shape_type": "polygon",
      "label": "oyster",
      "group_id": null,
      "flags": {}
    },
    {
      "points": [
        [
          460.0,
          423.0
        ],
        [
          434.0,
          353.0
        ],
        [
          418.0,
          291.0
        ],
        [
          386.0,
          235.0
        ],
        [
          364.0,
          149.0
        ],
        [
          346.0,
          75.0
        ],
        [
          328.0,
          21.0
        ],
        [
          322.0,
          5.0
        ],
        [
          2.0,
          5.0
        ],
        [
          6.0,
          99.0
        ],
        [
          84.0,
          183.0
        ],
        [
          190.0,
          281.0
        ],
        [
          250.0,
          323.0
        ],
        [
          316.0,
          369.0
        ],
        [
          378.0,
          389.0
        ]
      ],
      "shape_type": "polygon",
      "label": "oyster",
      "group_id": null,
      "flags": {}
    }
  ],
  "imageData": null,
  "version": "4.1.1",
  "flags": {}
}