{
  "version": "4.5.6",
  "flags": {},
  "shapes": [
    {
      "label": "oyster",
      "points": [
        [
          620.0,
          980.0
        ],
        [
          538.0,
          998.0
        ],
        [
          485.0,
          1023.0
        ],
        [
          434.0,
          1058.0
        ],
        [
          391.0,
          1087.0
        ],
        [
          319.0,
          1162.0
        ],
        [
          215.0,
          1278.0
        ],
        [
          147.0,
          1363.0
        ],
        [
          121.0,
          1409.0
        ],
        [
          103.0,
          1458.0
        ],
        [
          86.0,
          1524.0
        ],
        [
          34.0,
          1599.0
        ],
        [
          78.0,
          1703.0
        ],
        [
          166.0,
          1815.0
        ],
        [
          208.0,
          1863.0
        ],
        [
          300.0,
          1883.0
        ],
        [
          396.0,
          1871.0
        ],
        [
          524.0,
          1845.0
        ],
        [
          543.0,
          1734.0
        ],
        [
          562.0,
          1689.0
        ],
        [
          585.0,
          1644.0
        ],
        [
          603.0,
          1603.0
        ],
        [
          623.0,
          1564.0
        ],
        [
          647.0,
          1520.0
        ],
        [
          708.0,
          1442.0
        ],
        [
          746.0,
          1388.0
        ],
        [
          776.0,
          1341.0
        ],
        [
          796.0,
          1300.0
        ],
        [
          814.0,
          1248.0
        ],
        [
          821.0,
          1065.0
        ],
        [
          788.0,
          1004.0
        ],
        [
          723.0,
          987.0
        ]
      ],
      "group_id": null,
      "shape_type": "polygon",
      "flags": {}
    },
    {
      "label": "oyster",
      "points": [
        [
          353.0,
          11.0
        ],
        [
          200.0,
          29.0
        ],
        [
          144.0,
          46.0
        ],
        [
          95.0,
          64.0
        ],
        [
          22.0,
          81.0
        ],
        [
          0.0,
          306.0
        ],
        [
          0.0,
          629.0
        ],
        [
          241.0,
          565.0
        ],
        [
          316.0,
          548.0
        ],
        [
          369.0,
          504.0
        ],
        [
          402.0,
          453.0
        ],
        [
          483.0,
          389.0
        ],
        [
          537.0,
          371.0
        ],
        [
          636.0,
          365.0
        ],
        [
          674.0,
          334.0
        ],
        [
          695.0,
          292.0
        ],
        [
          695.0,
          217.0
        ],
        [
          675.0,
          158.0
        ],
        [
          644.0,
          108.0
        ],
        [
          582.0,
          60.0
        ],
        [
          530.0,
          25.0
        ]
      ],
      "group_id": null,
      "shape_type": "polygon",
      "flags": {}
    },
    {
      "label": "oyster",
      "points": [
        [
          18.0,
          828.0
        ],
        [
          0.0,
          1281.0
        ],
        [
          136.0,
          1286.0
        ],
        [
          174.0,
          1243.0
        ],
        [
          242.0,
          1177.0
        ],
        [
          274.0,
          1115.0
        ],
        [
          268.0,
          1008.0
        ],
        [
          235.0,
          969.0
        ],
        [
          165.0,
          914.0
        ],
        [
          94.0,
          855.0
        ],
        [
          46.0,
          832.0
        ]
      ],
      "group_id": null,
      "shape_type": "polygon",
      "flags": {}
    },
    {
      "label": "oyster",
      "points": [
        [
          180.0,
          665.0
        ],
        [
          110.0,
          721.0
        ],
        [
          86.0,
          821.0
        ],
        [
          144.0,
          877.0
        ],
        [
          197.0,
          933.0
        ],
        [
          257.0,
          995.0
        ],
        [
          278.0,
          1037.0
        ],
        [
          308.0,
          1072.0
        ],
        [
          409.0,
          1068.0
        ],
        [
          457.0,
          1039.0
        ],
        [
          522.0,
          991.0
        ],
        [
          569.0,
          955.0
        ],
        [
          558.0,
          798.0
        ],
        [
          511.0,
          742.0
        ],
        [
          468.0,
          724.0
        ],
        [
          407.0,
          705.0
        ],
        [
          325.0,
          688.0
        ],
        [
          238.0,
          670.0
        ]
      ],
      "group_id": null,
      "shape_type": "polygon",
      "flags": {}
    },
    {
      "label": "oyster",
      "points": [
        [
          1019.0,
          574.0
        ],
        [
          932.0,
          592.0
        ],
        [
          879.0,
          653.0
        ],
        [
          841.0,
          706.0
        ],
        [
          775.0,
          758.0
        ],
        [
          726.0,
          790.0
        ],
        [
          683.0,
          810.0
        ],
        [
          642.0,
          829.0
        ],
        [
          601.0,
          909.0
        ],
        [
          631.0,
          942.0
        ],
        [
          769.0,
          947.0
        ],
        [
          817.0,
          963.0
        ],
        [
          852.0,
          1008.0
        ],
        [
          885.0,
          1051.0
        ],
        [
          1000.0,
          1068.0
        ],
        [
          1227.0,
          1076.0
        ],
        [
          1285.0,
          1055.0
        ],
        [
          1333.0,
          1012.0
        ],
        [
          1339.0,
          911.0
        ],
        [
          1356.0,
          750.0
        ],
        [
          1315.0,
          666.0
        ],
        [
          1273.0,
          643.0
        ],
        [
          1224.0,
          611.0
        ],
        [
          1178.0,
          584.0
        ]
      ],
      "group_id": null,
      "shape_type": "polygon",
      "flags": {}
    },
    {
      "label": "oyster",
      "points": [
        [
          895.0,
          62.0
        ],
        [
          819.0,
          81.0
        ],
        [
          776.0,
          100.0
        ],
        [
          738.0,
          120.0
        ],
        [
          702.0,
          191.0
        ],
        [
          742.0,
          229.0
        ],
        [
          791.0,
          247.0
        ],
        [
          868.0,
          265.0
        ],
        [
          910.0,
          288.0
        ],
        [
          956.0,
          321.0
        ],
        [
          1031.0,
          402.0
        ],
        [
          1110.0,
          423.0
        ],
        [
          1109.0,
          189.0
        ],
        [
          1082.0,
          140.0
        ],
        [
          1035.0,
          92.0
        ],
        [
          989.0,
          73.0
        ]
      ],
      "group_id": null,
      "shape_type": "polygon",
      "flags": {}
    },
    {
      "label": "oyster",
      "points": [
        [
          1418.0,
          1721.0
        ],
        [
          1338.0,
          1745.0
        ],
        [
          1326.0,
          1811.0
        ],
        [
          1294.0,
          1919.0
        ],
        [
          1436.0,
          1912.0
        ]
      ],
      "group_id": null,
      "shape_type": "polygon",
      "flags": {}
    },
    {
      "label": "oyster",
      "points": [
        [
          1276.0,
          763.0
        ],
        [
          942.0,
          679.0
        ],
        [
          962.0,
          557.0
        ],
        [
          1252.0,
          591.0
        ],
        [
          1306.0,
          693.0
        ]
      ],
      "group_id": null,
      "shape_type": "polygon",
      "flags": {}
    },
    {
      "label": "oyster",
      "points": [
        [
          962.0,
          1487.0
        ],
        [
          1218.0,
          1573.0
        ],
        [
          1246.0,
          1767.0
        ],
        [
          1194.0,
          1889.0
        ],
        [
          1150.0,
          1913.0
        ],
        [
          758.0,
          1899.0
        ],
        [
          710.0,
          1835.0
        ],
        [
          624.0,
          1831.0
        ],
        [
          564.0,
          1885.0
        ],
        [
          562.0,
          1767.0
        ],
        [
          618.0,
          1625.0
        ],
        [
          718.0,
          1543.0
        ],
        [
          828.0,
          1497.0
        ]
      ],
      "group_id": null,
      "shape_type": "polygon",
      "flags": {}
    },
    {
      "label": "shell",
      "points": [
        [
          1150.0,
          1269.0
        ],
        [
          1098.0,
          1367.0
        ],
        [
          1008.0,
          1413.0
        ],
        [
          864.0,
          1443.0
        ],
        [
          724.0,
          1447.0
        ],
        [
          790.0,
          1333.0
        ],
        [
          834.0,
          1249.0
        ],
        [
          842.0,
          1063.0
        ],
        [
          932.0,
          1057.0
        ],
        [
          1050.0,
          1085.0
        ],
        [
          1112.0,
          1147.0
        ]
      ],
      "group_id": null,
      "shape_type": "polygon",
      "flags": {}
    },
    {
      "label": "shell",
      "points": [
        [
          1420.0,
          1227.0
        ],
        [
          1366.0,
          1239.0
        ],
        [
          1310.0,
          1283.0
        ],
        [
          1254.0,
          1397.0
        ],
        [
          1294.0,
          1481.0
        ],
        [
          1342.0,
          1607.0
        ],
        [
          1372.0,
          1615.0
        ],
        [
          1439,
          1601
        ],
        [
          1439,
          1271
        ]
      ],
      "group_id": null,
      "shape_type": "polygon",
      "flags": {}
    }
  ],
  "imagePath": "30.jpg",
  "imageData": null,
  "imageHeight": 1920,
  "imageWidth": 1440
}