{
  "version": "4.5.6",
  "flags": {},
  "shapes": [
    {
      "label": "oyster",
      "points": [
        [
          674.0,
          923.0
        ],
        [
          587.0,
          942.0
        ],
        [
          541.0,
          959.0
        ],
        [
          493.0,
          990.0
        ],
        [
          417.0,
          1048.0
        ],
        [
          336.0,
          1128.0
        ],
        [
          278.0,
          1198.0
        ],
        [
          222.0,
          1271.0
        ],
        [
          166.0,
          1345.0
        ],
        [
          141.0,
          1387.0
        ],
        [
          124.0,
          1439.0
        ],
        [
          136.0,
          1574.0
        ],
        [
          165.0,
          1648.0
        ],
        [
          190.0,
          1753.0
        ],
        [
          238.0,
          1776.0
        ],
        [
          291.0,
          1816.0
        ],
        [
          475.0,
          1820.0
        ],
        [
          533.0,
          1779.0
        ],
        [
          581.0,
          1716.0
        ],
        [
          598.0,
          1677.0
        ],
        [
          621.0,
          1632.0
        ],
        [
          644.0,
          1587.0
        ],
        [
          669.0,
          1537.0
        ],
        [
          700.0,
          1487.0
        ],
        [
          735.0,
          1435.0
        ],
        [
          766.0,
          1386.0
        ],
        [
          800.0,
          1334.0
        ],
        [
          824.0,
          1289.0
        ],
        [
          853.0,
          1242.0
        ],
        [
          873.0,
          1200.0
        ],
        [
          891.0,
          1139.0
        ],
        [
          890.0,
          956.0
        ]
      ],
      "group_id": null,
      "shape_type": "polygon",
      "flags": {}
    },
    {
      "label": "oyster",
      "points": [
        [
          1079.0,
          506.0
        ],
        [
          1004.0,
          524.0
        ],
        [
          961.0,
          571.0
        ],
        [
          930.0,
          620.0
        ],
        [
          864.0,
          676.0
        ],
        [
          808.0,
          714.0
        ],
        [
          765.0,
          737.0
        ],
        [
          722.0,
          755.0
        ],
        [
          680.0,
          778.0
        ],
        [
          655.0,
          846.0
        ],
        [
          714.0,
          878.0
        ],
        [
          872.0,
          894.0
        ],
        [
          914.0,
          942.0
        ],
        [
          957.0,
          996.0
        ],
        [
          1074.0,
          1013.0
        ],
        [
          1274.0,
          1029.0
        ],
        [
          1355.0,
          1012.0
        ],
        [
          1399.0,
          992.0
        ],
        [
          1416.0,
          631.0
        ],
        [
          1379.0,
          597.0
        ],
        [
          1320.0,
          557.0
        ],
        [
          1277.0,
          531.0
        ],
        [
          1225.0,
          514.0
        ]
      ],
      "group_id": null,
      "shape_type": "polygon",
      "flags": {}
    },
    {
      "label": "oyster",
      "points": [
        [
          76.0,
          1.0
        ],
        [
          4.0,
          484.0
        ],
        [
          236.0,
          493.0
        ],
        [
          298.0,
          475.0
        ],
        [
          368.0,
          458.0
        ],
        [
          420.0,
          437.0
        ],
        [
          465.0,
          378.0
        ],
        [
          531.0,
          326.0
        ],
        [
          584.0,
          303.0
        ],
        [
          672.0,
          307.0
        ],
        [
          749.0,
          250.0
        ],
        [
          780.0,
          172.0
        ],
        [
          762.0,
          109.0
        ],
        [
          745.0,
          64.0
        ],
        [
          719.0,
          18.0
        ]
      ],
      "group_id": null,
      "shape_type": "polygon",
      "flags": {}
    },
    {
      "label": "oyster",
      "points": [
        [
          281.0,
          614.0
        ],
        [
          190.0,
          634.0
        ],
        [
          146.0,
          660.0
        ],
        [
          96.0,
          693.0
        ],
        [
          117.0,
          759.0
        ],
        [
          192.0,
          814.0
        ],
        [
          257.0,
          877.0
        ],
        [
          306.0,
          924.0
        ],
        [
          332.0,
          985.0
        ],
        [
          365.0,
          1019.0
        ],
        [
          457.0,
          1011.0
        ],
        [
          521.0,
          964.0
        ],
        [
          573.0,
          930.0
        ],
        [
          628.0,
          888.0
        ],
        [
          619.0,
          805.0
        ],
        [
          601.0,
          752.0
        ],
        [
          581.0,
          697.0
        ],
        [
          539.0,
          667.0
        ],
        [
          494.0,
          647.0
        ],
        [
          438.0,
          629.0
        ]
      ],
      "group_id": null,
      "shape_type": "polygon",
      "flags": {}
    },
    {
      "label": "oyster",
      "points": [
        [
          17.0,
          752.0
        ],
        [
          10.0,
          1268.0
        ],
        [
          73.0,
          1296.0
        ],
        [
          142.0,
          1216.0
        ],
        [
          205.0,
          1186.0
        ],
        [
          277.0,
          1115.0
        ],
        [
          311.0,
          1070.0
        ],
        [
          324.0,
          963.0
        ],
        [
          305.0,
          921.0
        ],
        [
          259.0,
          884.0
        ],
        [
          176.0,
          807.0
        ],
        [
          132.0,
          785.0
        ],
        [
          86.0,
          764.0
        ]
      ],
      "group_id": null,
      "shape_type": "polygon",
      "flags": {}
    },
    {
      "label": "oyster",
      "points": [
        [
          744.0,
          5.0
        ],
        [
          702.0,
          31.0
        ],
        [
          752.0,
          93.0
        ],
        [
          788.0,
          132.0
        ],
        [
          843.0,
          150.0
        ],
        [
          938.0,
          168.0
        ],
        [
          981.0,
          185.0
        ],
        [
          1043.0,
          230.0
        ],
        [
          1110.0,
          298.0
        ],
        [
          1192.0,
          309.0
        ],
        [
          1200.0,
          202.0
        ],
        [
          1190.0,
          69.0
        ],
        [
          1147.0,
          17.0
        ]
      ],
      "group_id": null,
      "shape_type": "polygon",
      "flags": {}
    },
    {
      "label": "oyster",
      "points": [
        [
          1344.0,
          711.0
        ],
        [
          974.0,
          643.0
        ],
        [
          1044.0,
          481.0
        ],
        [
          1120.0,
          455.0
        ],
        [
          1342.0,
          589.0
        ],
        [
          1376.0,
          665.0
        ]
      ],
      "group_id": null,
      "shape_type": "polygon",
      "flags": {}
    },
    {
      "label": "oyster",
      "points": [
        [
          834.0,
          1487.0
        ],
        [
          1094.0,
          1447.0
        ],
        [
          1332.0,
          1599.0
        ],
        [
          1244.0,
          1919.0
        ],
        [
          756.0,
          1909.0
        ],
        [
          822.0,
          1827.0
        ],
        [
          742.0,
          1767.0
        ],
        [
          574.0,
          1829.0
        ],
        [
          620.0,
          1655.0
        ],
        [
          752.0,
          1475.0
        ]
      ],
      "group_id": null,
      "shape_type": "polygon",
      "flags": {}
    },
    {
      "label": "shell",
      "points": [
        [
          788.0,
          1411.0
        ],
        [
          922.0,
          1373.0
        ],
        [
          1052.0,
          1351.0
        ],
        [
          1148.0,
          1335.0
        ],
        [
          1192.0,
          1249.0
        ],
        [
          1208.0,
          1161.0
        ],
        [
          1136.0,
          1031.0
        ],
        [
          972.0,
          1007.0
        ],
        [
          912.0,
          1015.0
        ],
        [
          922.0,
          1103.0
        ],
        [
          918.0,
          1209.0
        ],
        [
          840.0,
          1309.0
        ]
      ],
      "group_id": null,
      "shape_type": "polygon",
      "flags": {}
    }
  ],
  "imagePath": "31.jpg",
  "imageData": null,
  "imageHeight": 1920,
  "imageWidth": 1440
}