{
  "shapes": [
    {
      "shape_type": "polygon", 
      "points": [
        [
          739.0, 
          1017.0
        ], 
        [
          645.0, 
          1035.0
        ], 
        [
          581.0, 
          1063.0
        ], 
        [
          532.0, 
          1095.0
        ], 
        [
          437.0, 
          1178.0
        ], 
        [
          346.0, 
          1264.0
        ], 
        [
          255.0, 
          1365.0
        ], 
        [
          221.0, 
          1418.0
        ], 
        [
          204.0, 
          1474.0
        ], 
        [
          213.0, 
          1618.0
        ], 
        [
          242.0, 
          1674.0
        ], 
        [
          274.0, 
          1725.0
        ], 
        [
          305.0, 
          1780.0
        ], 
        [
          347.0, 
          1835.0
        ], 
        [
          612.0, 
          1838.0
        ], 
        [
          650.0, 
          1766.0
        ], 
        [
          670.0, 
          1719.0
        ], 
        [
          690.0, 
          1670.0
        ], 
        [
          714.0, 
          1619.0
        ], 
        [
          760.0, 
          1556.0
        ], 
        [
          790.0, 
          1508.0
        ], 
        [
          816.0, 
          1464.0
        ], 
        [
          848.0, 
          1413.0
        ], 
        [
          878.0, 
          1363.0
        ], 
        [
          918.0, 
          1305.0
        ], 
        [
          936.0, 
          1259.0
        ], 
        [
          949.0, 
          1091.0
        ], 
        [
          903.0, 
          1035.0
        ], 
        [
          777.0, 
          1018.0
        ]
      ], 
      "flags": {}, 
      "group_id": null, 
      "label": "oyster"
    }, 
    {
      "shape_type": "polygon", 
      "points": [
        [
          299.0, 
          693.0
        ], 
        [
          243.0, 
          731.0
        ], 
        [
          188.0, 
          770.0
        ], 
        [
          193.0, 
          838.0
        ], 
        [
          275.0, 
          930.0
        ], 
        [
          318.0, 
          974.0
        ], 
        [
          351.0, 
          1008.0
        ], 
        [
          382.0, 
          1066.0
        ], 
        [
          420.0, 
          1106.0
        ], 
        [
          520.0, 
          1090.0
        ], 
        [
          586.0, 
          1042.0
        ], 
        [
          639.0, 
          1006.0
        ], 
        [
          686.0, 
          964.0
        ], 
        [
          674.0, 
          828.0
        ], 
        [
          616.0, 
          764.0
        ], 
        [
          571.0, 
          742.0
        ], 
        [
          498.0, 
          725.0
        ], 
        [
          401.0, 
          707.0
        ]
      ], 
      "flags": {}, 
      "group_id": null, 
      "label": "oyster"
    }, 
    {
      "shape_type": "polygon", 
      "points": [
        [
          40.0, 
          839.0
        ], 
        [
          8.0, 
          1364.0
        ], 
        [
          60.0, 
          1429.0
        ], 
        [
          108.0, 
          1400.0
        ], 
        [
          166.0, 
          1328.0
        ], 
        [
          228.0, 
          1296.0
        ], 
        [
          310.0, 
          1228.0
        ], 
        [
          361.0, 
          1176.0
        ], 
        [
          377.0, 
          1061.0
        ], 
        [
          356.0, 
          1011.0
        ], 
        [
          293.0, 
          962.0
        ], 
        [
          212.0, 
          885.0
        ], 
        [
          153.0, 
          867.0
        ], 
        [
          101.0, 
          850.0
        ]
      ], 
      "flags": {}, 
      "group_id": null, 
      "label": "oyster"
    }, 
    {
      "shape_type": "polygon", 
      "points": [
        [
          1121.0, 
          635.0
        ], 
        [
          1044.0, 
          655.0
        ], 
        [
          966.0, 
          737.0
        ], 
        [
          908.0, 
          782.0
        ], 
        [
          863.0, 
          809.0
        ], 
        [
          822.0, 
          831.0
        ], 
        [
          776.0, 
          848.0
        ], 
        [
          720.0, 
          879.0
        ], 
        [
          722.0, 
          987.0
        ], 
        [
          784.0, 
          1008.0
        ], 
        [
          894.0, 
          1025.0
        ], 
        [
          963.0, 
          1074.0
        ], 
        [
          994.0, 
          1119.0
        ], 
        [
          1150.0, 
          1121.0
        ], 
        [
          1382.0, 
          1114.0
        ], 
        [
          1412.0, 
          780.0
        ], 
        [
          1384.0, 
          718.0
        ], 
        [
          1318.0, 
          670.0
        ], 
        [
          1249.0, 
          652.0
        ]
      ], 
      "flags": {}, 
      "group_id": null, 
      "label": "oyster"
    }, 
    {
      "shape_type": "polygon", 
      "points": [
        [
          1279.0, 
          2.0
        ], 
        [
          1224.0, 
          72.0
        ], 
        [
          1233.0, 
          151.0
        ], 
        [
          1251.0, 
          196.0
        ], 
        [
          1268.0, 
          245.0
        ], 
        [
          1434.0, 
          379.0
        ], 
        [
          1435.0, 
          5.0
        ]
      ], 
      "flags": {}, 
      "group_id": null, 
      "label": "oyster"
    }, 
    {
      "shape_type": "polygon", 
      "points": [
        [
          1254.0, 
          479.0
        ], 
        [
          1294.0, 
          421.0
        ], 
        [
          1274.0, 
          311.0
        ], 
        [
          1284.0, 
          199.0
        ], 
        [
          1114.0, 
          47.0
        ], 
        [
          870.0, 
          99.0
        ], 
        [
          880.0, 
          261.0
        ], 
        [
          1038.0, 
          237.0
        ], 
        [
          1122.0, 
          335.0
        ], 
        [
          1166.0, 
          397.0
        ]
      ], 
      "flags": {}, 
      "group_id": null, 
      "label": "oyster"
    }, 
    {
      "shape_type": "polygon", 
      "points": [
        [
          818.0, 
          93.0
        ], 
        [
          572.0, 
          53.0
        ], 
        [
          356.0, 
          29.0
        ], 
        [
          164.0, 
          89.0
        ], 
        [
          0.0, 
          163.0
        ], 
        [
          30.0, 
          649.0
        ], 
        [
          276.0, 
          619.0
        ], 
        [
          494.0, 
          559.0
        ], 
        [
          582.0, 
          451.0
        ], 
        [
          690.0, 
          467.0
        ], 
        [
          836.0, 
          363.0
        ], 
        [
          860.0, 
          269.0
        ], 
        [
          860.0, 
          119.0
        ]
      ], 
      "flags": {}, 
      "group_id": null, 
      "label": "oyster"
    }, 
    {
      "shape_type": "polygon", 
      "points": [
        [
          658.0, 
          1895.0
        ], 
        [
          670.0, 
          1797.0
        ], 
        [
          698.0, 
          1681.0
        ], 
        [
          780.0, 
          1617.0
        ], 
        [
          920.0, 
          1529.0
        ], 
        [
          1124.0, 
          1535.0
        ], 
        [
          1308.0, 
          1599.0
        ], 
        [
          1412.0, 
          1717.0
        ], 
        [
          1326.0, 
          1919.0
        ]
      ], 
      "flags": {}, 
      "group_id": null, 
      "label": "oyster"
    }, 
    {
      "shape_type": "polygon", 
      "points": [
        [
          858.0, 
          1479.0
        ], 
        [
          1062.0, 
          1477.0
        ], 
        [
          1268.0, 
          1349.0
        ], 
        [
          1204.0, 
          1145.0
        ], 
        [
          1136.0, 
          1089.0
        ], 
        [
          974.0, 
          1127.0
        ], 
        [
          938.0, 
          1295.0
        ]
      ], 
      "flags": {}, 
      "group_id": null, 
      "label": "shell"
    }
  ], 
  "imagePath": "33.jpg", 
  "flags": {}, 
  "version": "4.5.6", 
  "imageData": null, 
  "imageWidth": 1440, 
  "imageHeight": 1920
}