{
  "shapes": [
    {
      "shape_type": "polygon", 
      "points": [
        [
          589.0, 
          325.0
        ], 
        [
          381.0, 
          343.0
        ], 
        [
          322.0, 
          360.0
        ], 
        [
          124.0, 
          368.0
        ], 
        [
          65.0, 
          404.0
        ], 
        [
          12.0, 
          435.0
        ], 
        [
          4.0, 
          931.0
        ], 
        [
          242.0, 
          936.0
        ], 
        [
          285.0, 
          915.0
        ], 
        [
          324.0, 
          895.0
        ], 
        [
          394.0, 
          878.0
        ], 
        [
          447.0, 
          860.0
        ], 
        [
          492.0, 
          838.0
        ], 
        [
          558.0, 
          759.0
        ], 
        [
          639.0, 
          684.0
        ], 
        [
          693.0, 
          651.0
        ], 
        [
          744.0, 
          602.0
        ], 
        [
          772.0, 
          545.0
        ], 
        [
          793.0, 
          462.0
        ], 
        [
          763.0, 
          412.0
        ], 
        [
          687.0, 
          346.0
        ], 
        [
          622.0, 
          327.0
        ]
      ], 
      "flags": {}, 
      "group_id": null, 
      "label": "oyster"
    }, 
    {
      "shape_type": "polygon", 
      "points": [
        [
          352.0, 
          926.0
        ], 
        [
          257.0, 
          969.0
        ], 
        [
          208.0, 
          999.0
        ], 
        [
          210.0, 
          1061.0
        ], 
        [
          252.0, 
          1082.0
        ], 
        [
          337.0, 
          1151.0
        ], 
        [
          377.0, 
          1195.0
        ], 
        [
          414.0, 
          1231.0
        ], 
        [
          432.0, 
          1275.0
        ], 
        [
          522.0, 
          1308.0
        ], 
        [
          598.0, 
          1258.0
        ], 
        [
          673.0, 
          1199.0
        ], 
        [
          702.0, 
          1133.0
        ], 
        [
          685.0, 
          1019.0
        ], 
        [
          635.0, 
          966.0
        ], 
        [
          588.0, 
          949.0
        ], 
        [
          482.0, 
          931.0
        ]
      ], 
      "flags": {}, 
      "group_id": null, 
      "label": "oyster"
    }, 
    {
      "shape_type": "polygon", 
      "points": [
        [
          811.0, 
          1242.0
        ], 
        [
          641.0, 
          1260.0
        ], 
        [
          598.0, 
          1280.0
        ], 
        [
          555.0, 
          1306.0
        ], 
        [
          496.0, 
          1371.0
        ], 
        [
          467.0, 
          1419.0
        ], 
        [
          438.0, 
          1466.0
        ], 
        [
          372.0, 
          1507.0
        ], 
        [
          214.0, 
          1661.0
        ], 
        [
          166.0, 
          1849.0
        ], 
        [
          376.0, 
          1919.0
        ], 
        [
          490.0, 
          1909.0
        ], 
        [
          712.0, 
          1915.0
        ], 
        [
          733.0, 
          1827.0
        ], 
        [
          760.0, 
          1783.0
        ], 
        [
          801.0, 
          1726.0
        ], 
        [
          833.0, 
          1676.0
        ], 
        [
          866.0, 
          1621.0
        ], 
        [
          893.0, 
          1571.0
        ], 
        [
          923.0, 
          1519.0
        ], 
        [
          952.0, 
          1467.0
        ], 
        [
          955.0, 
          1290.0
        ], 
        [
          887.0, 
          1252.0
        ]
      ], 
      "flags": {}, 
      "group_id": null, 
      "label": "oyster"
    }, 
    {
      "shape_type": "polygon", 
      "points": [
        [
          10.0, 
          1079.0
        ], 
        [
          7.0, 
          1498.0
        ], 
        [
          30.0, 
          1540.0
        ], 
        [
          89.0, 
          1603.0
        ], 
        [
          198.0, 
          1611.0
        ], 
        [
          224.0, 
          1561.0
        ], 
        [
          269.0, 
          1500.0
        ], 
        [
          364.0, 
          1418.0
        ], 
        [
          412.0, 
          1363.0
        ], 
        [
          422.0, 
          1256.0
        ], 
        [
          381.0, 
          1193.0
        ], 
        [
          316.0, 
          1145.0
        ], 
        [
          260.0, 
          1106.0
        ], 
        [
          217.0, 
          1087.0
        ], 
        [
          159.0, 
          1070.0
        ]
      ], 
      "flags": {}, 
      "group_id": null, 
      "label": "oyster"
    }, 
    {
      "shape_type": "polygon", 
      "points": [
        [
          1255.0, 
          1599.0
        ], 
        [
          1095.0, 
          1617.0
        ], 
        [
          908.0, 
          1634.0
        ], 
        [
          865.0, 
          1668.0
        ], 
        [
          828.0, 
          1721.0
        ], 
        [
          788.0, 
          1774.0
        ], 
        [
          771.0, 
          1821.0
        ], 
        [
          799.0, 
          1905.0
        ], 
        [
          1413.0, 
          1903.0
        ], 
        [
          1395.0, 
          1723.0
        ], 
        [
          1351.0, 
          1668.0
        ], 
        [
          1309.0, 
          1610.0
        ]
      ], 
      "flags": {}, 
      "group_id": null, 
      "label": "oyster"
    }, 
    {
      "shape_type": "polygon", 
      "points": [
        [
          1012.0, 
          319.0
        ], 
        [
          930.0, 
          355.0
        ], 
        [
          878.0, 
          375.0
        ], 
        [
          746.0, 
          364.0
        ], 
        [
          746.0, 
          413.0
        ], 
        [
          811.0, 
          480.0
        ], 
        [
          857.0, 
          531.0
        ], 
        [
          955.0, 
          548.0
        ], 
        [
          1015.0, 
          567.0
        ], 
        [
          1073.0, 
          610.0
        ], 
        [
          1141.0, 
          685.0
        ], 
        [
          1210.0, 
          698.0
        ], 
        [
          1230.0, 
          562.0
        ], 
        [
          1216.0, 
          446.0
        ], 
        [
          1153.0, 
          388.0
        ], 
        [
          1095.0, 
          347.0
        ], 
        [
          1047.0, 
          323.0
        ]
      ], 
      "flags": {}, 
      "group_id": null, 
      "label": "oyster"
    }, 
    {
      "shape_type": "polygon", 
      "points": [
        [
          1050.0, 
          895.0
        ], 
        [
          1386.0, 
          1043.0
        ], 
        [
          1366.0, 
          867.0
        ], 
        [
          1164.0, 
          843.0
        ]
      ], 
      "flags": {}, 
      "group_id": null, 
      "label": "oyster"
    }, 
    {
      "shape_type": "polygon", 
      "points": [
        [
          1434.0, 
          101.0
        ], 
        [
          1436.0, 
          513.0
        ], 
        [
          1368.0, 
          469.0
        ], 
        [
          1240.0, 
          429.0
        ], 
        [
          1148.0, 
          345.0
        ], 
        [
          1156.0, 
          253.0
        ], 
        [
          1218.0, 
          165.0
        ], 
        [
          1330.0, 
          113.0
        ]
      ], 
      "flags": {}, 
      "group_id": null, 
      "label": "oyster"
    }, 
    {
      "shape_type": "polygon", 
      "points": [
        [
          1004.0, 
          1273.0
        ], 
        [
          1194.0, 
          1307.0
        ], 
        [
          1244.0, 
          1425.0
        ], 
        [
          1224.0, 
          1563.0
        ], 
        [
          1156.0, 
          1613.0
        ], 
        [
          866.0, 
          1641.0
        ], 
        [
          962.0, 
          1477.0
        ]
      ], 
      "flags": {}, 
      "group_id": null, 
      "label": "shell"
    }
  ], 
  "imagePath": "35.jpg", 
  "flags": {}, 
  "version": "4.5.6", 
  "imageData": null, 
  "imageWidth": 1440, 
  "imageHeight": 1920
}