{
  "imageWidth": 1440,
  "imagePath": "36.jpg",
  "imageHeight": 1920,
  "shapes": [
    {
      "points": [
        [
          406.0,
          863.0
        ],
        [
          336.0,
          893.0
        ],
        [
          269.0,
          944.0
        ],
        [
          306.0,
          1015.0
        ],
        [
          376.0,
          1069.0
        ],
        [
          444.0,
          1119.0
        ],
        [
          488.0,
          1176.0
        ],
        [
          514.0,
          1233.0
        ],
        [
          611.0,
          1240.0
        ],
        [
          666.0,
          1202.0
        ],
        [
          733.0,
          1153.0
        ],
        [
          771.0,
          1133.0
        ],
        [
          785.0,
          1038.0
        ],
        [
          767.0,
          976.0
        ],
        [
          735.0,
          927.0
        ],
        [
          694.0,
          903.0
        ],
        [
          647.0,
          885.0
        ],
        [
          564.0,
          867.0
        ]
      ],
      "shape_type": "polygon",
      "label": "oyster",
      "group_id": null,
      "flags": {}
    },
    {
      "points": [
        [
          507.0,
          260.0
        ],
        [
          426.0,
          278.0
        ],
        [
          211.0,
          291.0
        ],
        [
          158.0,
          309.0
        ],
        [
          90.0,
          359.0
        ],
        [
          12.0,
          445.0
        ],
        [
          10.0,
          723.0
        ],
        [
          107.0,
          816.0
        ],
        [
          175.0,
          833.0
        ],
        [
          348.0,
          837.0
        ],
        [
          397.0,
          820.0
        ],
        [
          454.0,
          800.0
        ],
        [
          512.0,
          783.0
        ],
        [
          564.0,
          762.0
        ],
        [
          628.0,
          694.0
        ],
        [
          696.0,
          635.0
        ],
        [
          747.0,
          592.0
        ],
        [
          788.0,
          570.0
        ],
        [
          826.0,
          543.0
        ],
        [
          844.0,
          437.0
        ],
        [
          852.0,
          354.0
        ],
        [
          813.0,
          306.0
        ],
        [
          767.0,
          284.0
        ],
        [
          712.0,
          266.0
        ]
      ],
      "shape_type": "polygon",
      "label": "oyster",
      "group_id": null,
      "flags": {}
    },
    {
      "points": [
        [
          870.0,
          1164.0
        ],
        [
          725.0,
          1182.0
        ],
        [
          669.0,
          1211.0
        ],
        [
          609.0,
          1256.0
        ],
        [
          541.0,
          1338.0
        ],
        [
          435.0,
          1457.0
        ],
        [
          408.0,
          1503.0
        ],
        [
          368.0,
          1533.0
        ],
        [
          346.0,
          1613.0
        ],
        [
          300.0,
          1693.0
        ],
        [
          364.0,
          1809.0
        ],
        [
          476.0,
          1909.0
        ],
        [
          750.0,
          1919.0
        ],
        [
          789.0,
          1805.0
        ],
        [
          817.0,
          1747.0
        ],
        [
          843.0,
          1702.0
        ],
        [
          913.0,
          1616.0
        ],
        [
          940.0,
          1570.0
        ],
        [
          965.0,
          1517.0
        ],
        [
          994.0,
          1463.0
        ],
        [
          1021.0,
          1410.0
        ],
        [
          1041.0,
          1364.0
        ],
        [
          1016.0,
          1186.0
        ],
        [
          908.0,
          1165.0
        ]
      ],
      "shape_type": "polygon",
      "label": "oyster",
      "group_id": null,
      "flags": {}
    },
    {
      "points": [
        [
          102.0,
          994.0
        ],
        [
          13.0,
          1029.0
        ],
        [
          36.0,
          1335.0
        ],
        [
          57.0,
          1374.0
        ],
        [
          75.0,
          1419.0
        ],
        [
          96.0,
          1462.0
        ],
        [
          135.0,
          1517.0
        ],
        [
          191.0,
          1540.0
        ],
        [
          284.0,
          1506.0
        ],
        [
          305.0,
          1465.0
        ],
        [
          345.0,
          1431.0
        ],
        [
          410.0,
          1385.0
        ],
        [
          479.0,
          1305.0
        ],
        [
          495.0,
          1208.0
        ],
        [
          473.0,
          1151.0
        ],
        [
          401.0,
          1097.0
        ],
        [
          341.0,
          1056.0
        ],
        [
          296.0,
          1033.0
        ],
        [
          249.0,
          1016.0
        ],
        [
          179.0,
          998.0
        ]
      ],
      "shape_type": "polygon",
      "label": "oyster",
      "group_id": null,
      "flags": {}
    },
    {
      "points": [
        [
          1410.0,
          14.0
        ],
        [
          1338.0,
          74.0
        ],
        [
          1288.0,
          115.0
        ],
        [
          1265.0,
          158.0
        ],
        [
          1248.0,
          239.0
        ],
        [
          1235.0,
          299.0
        ],
        [
          1285.0,
          357.0
        ],
        [
          1305.0,
          399.0
        ],
        [
          1330.0,
          444.0
        ],
        [
          1432.0,
          512.0
        ]
      ],
      "shape_type": "polygon",
      "label": "oyster",
      "group_id": null,
      "flags": {}
    },
    {
      "points": [
        [
          1341.0,
          1534.0
        ],
        [
          1136.0,
          1550.0
        ],
        [
          1001.0,
          1565.0
        ],
        [
          940.0,
          1609.0
        ],
        [
          907.0,
          1664.0
        ],
        [
          843.0,
          1730.0
        ],
        [
          819.0,
          1773.0
        ],
        [
          793.0,
          1820.0
        ],
        [
          793.0,
          1904.0
        ],
        [
          1160.0,
          1902.0
        ],
        [
          1422.0,
          1892.0
        ],
        [
          1405.0,
          1573.0
        ]
      ],
      "shape_type": "polygon",
      "label": "oyster",
      "group_id": null,
      "flags": {}
    },
    {
      "points": [
        [
          1285.0,
          787.0
        ],
        [
          1173.0,
          805.0
        ],
        [
          1122.0,
          823.0
        ],
        [
          1077.0,
          849.0
        ],
        [
          997.0,
          921.0
        ],
        [
          950.0,
          949.0
        ],
        [
          905.0,
          975.0
        ],
        [
          860.0,
          994.0
        ],
        [
          823.0,
          1028.0
        ],
        [
          852.0,
          1117.0
        ],
        [
          910.0,
          1134.0
        ],
        [
          992.0,
          1152.0
        ],
        [
          1052.0,
          1193.0
        ],
        [
          1079.0,
          1248.0
        ],
        [
          1128.0,
          1280.0
        ],
        [
          1228.0,
          1286.0
        ],
        [
          1299.0,
          1288.0
        ],
        [
          1345.0,
          1259.0
        ],
        [
          1384.0,
          1238.0
        ],
        [
          1421.0,
          1215.0
        ],
        [
          1415.0,
          805.0
        ],
        [
          1332.0,
          788.0
        ]
      ],
      "shape_type": "polygon",
      "label": "oyster",
      "group_id": null,
      "flags": {}
    },
    {
      "points": [
        [
          1057.0,
          256.0
        ],
        [
          964.0,
          315.0
        ],
        [
          912.0,
          334.0
        ],
        [
          858.0,
          389.0
        ],
        [
          866.0,
          449.0
        ],
        [
          972.0,
          465.0
        ],
        [
          1117.0,
          489.0
        ],
        [
          1163.0,
          554.0
        ],
        [
          1259.0,
          614.0
        ],
        [
          1301.0,
          495.0
        ],
        [
          1291.0,
          365.0
        ],
        [
          1233.0,
          308.0
        ],
        [
          1195.0,
          290.0
        ],
        [
          1148.0,
          272.0
        ]
      ],
      "shape_type": "polygon",
      "label": "oyster",
      "group_id": null,
      "flags": {}
    },
    {
      "points": [
        [
          1193.0,
          1841.0
        ],
        [
          1198.0,
          1841.0
        ]
      ],
      "shape_type": "polygon",
      "label": "oyster",
      "group_id": null,
      "flags": {}
    },
    {
      "points": [
        [
          1422.0,
          931.0
        ],
        [
          1178.0,
          885.0
        ],
        [
          1178.0,
          793.0
        ],
        [
          1296.0,
          771.0
        ],
        [
          1402.0,
          813.0
        ]
      ],
      "shape_type": "polygon",
      "label": "oyster",
      "group_id": null,
      "flags": {}
    },
    {
      "points": [
        [
          332.0,
          1507.0
        ],
        [
          106.0,
          1559.0
        ],
        [
          74.0,
          1663.0
        ],
        [
          84.0,
          1805.0
        ],
        [
          140.0,
          1897.0
        ],
        [
          404,
          1919
        ],
        [
          448.0,
          1889.0
        ],
        [
          294.0,
          1763.0
        ],
        [
          292.0,
          1653.0
        ],
        [
          346.0,
          1587.0
        ],
        [
          368.0,
          1495.0
        ]
      ],
      "shape_type": "polygon",
      "label": "oyster",
      "group_id": null,
      "flags": {}
    }
  ],
  "imageData": null,
  "version": "4.1.1",
  "flags": {}
}