{
  "version": "4.5.6",
  "flags": {},
  "shapes": [
    {
      "label": "oyster",
      "points": [
        [
          989.0,
          976.0
        ],
        [
          891.0,
          994.0
        ],
        [
          841.0,
          1012.0
        ],
        [
          772.0,
          1066.0
        ],
        [
          675.0,
          1171.0
        ],
        [
          554.0,
          1287.0
        ],
        [
          476.0,
          1377.0
        ],
        [
          401.0,
          1441.0
        ],
        [
          370.0,
          1718.0
        ],
        [
          413.0,
          1770.0
        ],
        [
          471.0,
          1788.0
        ],
        [
          528.0,
          1808.0
        ],
        [
          570.0,
          1828.0
        ],
        [
          802.0,
          1833.0
        ],
        [
          878.0,
          1764.0
        ],
        [
          899.0,
          1722.0
        ],
        [
          918.0,
          1675.0
        ],
        [
          937.0,
          1632.0
        ],
        [
          962.0,
          1590.0
        ],
        [
          999.0,
          1536.0
        ],
        [
          1057.0,
          1465.0
        ],
        [
          1089.0,
          1414.0
        ],
        [
          1118.0,
          1361.0
        ],
        [
          1144.0,
          1314.0
        ],
        [
          1172.0,
          1266.0
        ],
        [
          1260.0,
          1123.0
        ],
        [
          1192.0,
          1008.0
        ],
        [
          1142.0,
          982.0
        ]
      ],
      "group_id": null,
      "shape_type": "polygon",
      "flags": {}
    },
    {
      "label": "oyster",
      "points": [
        [
          289.0,
          815.0
        ],
        [
          148.0,
          841.0
        ],
        [
          87.0,
          910.0
        ],
        [
          56.0,
          1009.0
        ],
        [
          77.0,
          1076.0
        ],
        [
          104.0,
          1122.0
        ],
        [
          130.0,
          1168.0
        ],
        [
          153.0,
          1211.0
        ],
        [
          192.0,
          1271.0
        ],
        [
          218.0,
          1321.0
        ],
        [
          273.0,
          1380.0
        ],
        [
          373.0,
          1369.0
        ],
        [
          435.0,
          1310.0
        ],
        [
          514.0,
          1265.0
        ],
        [
          599.0,
          1186.0
        ],
        [
          635.0,
          1118.0
        ],
        [
          644.0,
          1009.0
        ],
        [
          619.0,
          964.0
        ],
        [
          558.0,
          925.0
        ],
        [
          486.0,
          871.0
        ],
        [
          447.0,
          851.0
        ],
        [
          400.0,
          833.0
        ],
        [
          293.0,
          816.0
        ]
      ],
      "group_id": null,
      "shape_type": "polygon",
      "flags": {}
    },
    {
      "label": "oyster",
      "points": [
        [
          794.0,
          25.0
        ],
        [
          639.0,
          30.0
        ],
        [
          555.0,
          47.0
        ],
        [
          436.0,
          65.0
        ],
        [
          341.0,
          82.0
        ],
        [
          297.0,
          101.0
        ],
        [
          250.0,
          130.0
        ],
        [
          187.0,
          184.0
        ],
        [
          146.0,
          230.0
        ],
        [
          126.0,
          272.0
        ],
        [
          105.0,
          375.0
        ],
        [
          125.0,
          418.0
        ],
        [
          144.0,
          455.0
        ],
        [
          198.0,
          520.0
        ],
        [
          249.0,
          555.0
        ],
        [
          327.0,
          574.0
        ],
        [
          468.0,
          627.0
        ],
        [
          719.0,
          543.0
        ],
        [
          757.0,
          524.0
        ],
        [
          842.0,
          456.0
        ],
        [
          915.0,
          401.0
        ],
        [
          987.0,
          342.0
        ],
        [
          996.0,
          295.0
        ],
        [
          1012.0,
          239.0
        ],
        [
          1012.0,
          213.0
        ],
        [
          1002.0,
          195.0
        ],
        [
          918.0,
          105.0
        ],
        [
          888.0,
          59.0
        ]
      ],
      "group_id": null,
      "shape_type": "polygon",
      "flags": {}
    },
    {
      "label": "oyster",
      "points": [
        [
          663.0,
          684.0
        ],
        [
          579.0,
          705.0
        ],
        [
          519.0,
          745.0
        ],
        [
          495.0,
          782.0
        ],
        [
          515.0,
          862.0
        ],
        [
          579.0,
          931.0
        ],
        [
          632.0,
          990.0
        ],
        [
          667.0,
          1066.0
        ],
        [
          795.0,
          1053.0
        ],
        [
          843.0,
          1022.0
        ],
        [
          898.0,
          985.0
        ],
        [
          948.0,
          952.0
        ],
        [
          947.0,
          899.0
        ],
        [
          1010.0,
          781.0
        ],
        [
          938.0,
          719.0
        ],
        [
          855.0,
          739.0
        ],
        [
          814.0,
          720.0
        ],
        [
          766.0,
          702.0
        ],
        [
          672.0,
          684.0
        ]
      ],
      "group_id": null,
      "shape_type": "polygon",
      "flags": {}
    },
    {
      "label": "oyster",
      "points": [
        [
          1380.0,
          566.0
        ],
        [
          1314.0,
          603.0
        ],
        [
          1221.0,
          700.0
        ],
        [
          1162.0,
          742.0
        ],
        [
          1123.0,
          761.0
        ],
        [
          1083.0,
          779.0
        ],
        [
          1035.0,
          797.0
        ],
        [
          993.0,
          825.0
        ],
        [
          976.0,
          894.0
        ],
        [
          1055.0,
          921.0
        ],
        [
          1174.0,
          939.0
        ],
        [
          1220.0,
          959.0
        ],
        [
          1249.0,
          1003.0
        ],
        [
          1267.0,
          1055.0
        ],
        [
          1298.0,
          1095.0
        ],
        [
          1366.0,
          1118.0
        ],
        [
          1427.0,
          1086.0
        ],
        [
          1441.0,
          587.0
        ]
      ],
      "group_id": null,
      "shape_type": "polygon",
      "flags": {}
    },
    {
      "label": "oyster",
      "points": [
        [
          1221.0,
          1399.0
        ],
        [
          1139.0,
          1417.0
        ],
        [
          1075.0,
          1484.0
        ],
        [
          1005.0,
          1568.0
        ],
        [
          973.0,
          1620.0
        ],
        [
          947.0,
          1666.0
        ],
        [
          929.0,
          1708.0
        ],
        [
          911.0,
          1750.0
        ],
        [
          962.0,
          1803.0
        ],
        [
          1054.0,
          1793.0
        ],
        [
          1113.0,
          1823.0
        ],
        [
          1185.0,
          1879.0
        ],
        [
          1415.0,
          1875.0
        ],
        [
          1409.0,
          1462.0
        ],
        [
          1352.0,
          1422.0
        ],
        [
          1306.0,
          1404.0
        ]
      ],
      "group_id": null,
      "shape_type": "polygon",
      "flags": {}
    },
    {
      "label": "oyster",
      "points": [
        [
          1016.0,
          117.0
        ],
        [
          1184.0,
          59.0
        ],
        [
          1439.0,
          62.0
        ],
        [
          1439.0,
          383.0
        ],
        [
          1380.0,
          295.0
        ],
        [
          1190.0,
          259.0
        ],
        [
          1076.0,
          219.0
        ],
        [
          996.0,
          159.0
        ]
      ],
      "group_id": null,
      "shape_type": "polygon",
      "flags": {}
    },
    {
      "label": "shell",
      "points": [
        [
          1160.0,
          647.0
        ],
        [
          1062.0,
          625.0
        ],
        [
          894.0,
          521.0
        ],
        [
          882.0,
          363.0
        ],
        [
          954.0,
          183.0
        ],
        [
          1262.0,
          291.0
        ],
        [
          1386.0,
          349.0
        ],
        [
          1439,
          460
        ],
        [
          1416.0,
          553.0
        ],
        [
          1322.0,
          589.0
        ]
      ],
      "group_id": null,
      "shape_type": "polygon",
      "flags": {}
    }
  ],
  "imagePath": "38.jpg",
  "imageData": null,
  "imageHeight": 1920,
  "imageWidth": 1440
}