{
  "version": "4.5.6",
  "flags": {},
  "shapes": [
    {
      "label": "oyster",
      "points": [
        [
          330.0,
          877.0
        ],
        [
          193.0,
          895.0
        ],
        [
          109.0,
          977.0
        ],
        [
          96.0,
          1074.0
        ],
        [
          117.0,
          1137.0
        ],
        [
          146.0,
          1183.0
        ],
        [
          171.0,
          1228.0
        ],
        [
          206.0,
          1282.0
        ],
        [
          233.0,
          1337.0
        ],
        [
          273.0,
          1399.0
        ],
        [
          425.0,
          1426.0
        ],
        [
          498.0,
          1347.0
        ],
        [
          558.0,
          1321.0
        ],
        [
          651.0,
          1227.0
        ],
        [
          681.0,
          1170.0
        ],
        [
          680.0,
          1068.0
        ],
        [
          639.0,
          1013.0
        ],
        [
          583.0,
          974.0
        ],
        [
          513.0,
          922.0
        ],
        [
          470.0,
          901.0
        ],
        [
          406.0,
          884.0
        ]
      ],
      "group_id": null,
      "shape_type": "polygon",
      "flags": {}
    },
    {
      "label": "oyster",
      "points": [
        [
          1024.0,
          1052.0
        ],
        [
          935.0,
          1070.0
        ],
        [
          883.0,
          1087.0
        ],
        [
          840.0,
          1113.0
        ],
        [
          754.0,
          1191.0
        ],
        [
          614.0,
          1324.0
        ],
        [
          538.0,
          1406.0
        ],
        [
          478.0,
          1483.0
        ],
        [
          421.0,
          1526.0
        ],
        [
          411.0,
          1634.0
        ],
        [
          426.0,
          1700.0
        ],
        [
          408.0,
          1775.0
        ],
        [
          430.0,
          1825.0
        ],
        [
          479.0,
          1842.0
        ],
        [
          617.0,
          1860.0
        ],
        [
          905.0,
          1853.0
        ],
        [
          940.0,
          1803.0
        ],
        [
          959.0,
          1753.0
        ],
        [
          992.0,
          1696.0
        ],
        [
          1020.0,
          1648.0
        ],
        [
          1081.0,
          1574.0
        ],
        [
          1135.0,
          1504.0
        ],
        [
          1168.0,
          1450.0
        ],
        [
          1196.0,
          1402.0
        ],
        [
          1221.0,
          1357.0
        ],
        [
          1240.0,
          1310.0
        ],
        [
          1262.0,
          1259.0
        ],
        [
          1251.0,
          1095.0
        ],
        [
          1194.0,
          1058.0
        ]
      ],
      "group_id": null,
      "shape_type": "polygon",
      "flags": {}
    },
    {
      "label": "oyster",
      "points": [
        [
          992.0,
          61.0
        ],
        [
          747.0,
          77.0
        ],
        [
          699.0,
          94.0
        ],
        [
          615.0,
          112.0
        ],
        [
          383.0,
          127.0
        ],
        [
          320.0,
          170.0
        ],
        [
          264.0,
          208.0
        ],
        [
          205.0,
          268.0
        ],
        [
          177.0,
          329.0
        ],
        [
          158.0,
          438.0
        ],
        [
          179.0,
          501.0
        ],
        [
          215.0,
          556.0
        ],
        [
          278.0,
          621.0
        ],
        [
          327.0,
          639.0
        ],
        [
          668.0,
          648.0
        ],
        [
          756.0,
          630.0
        ],
        [
          806.0,
          613.0
        ],
        [
          861.0,
          581.0
        ],
        [
          927.0,
          507.0
        ],
        [
          988.0,
          463.0
        ],
        [
          1033.0,
          436.0
        ],
        [
          1078.0,
          386.0
        ],
        [
          1095.0,
          290.0
        ],
        [
          1105.0,
          211.0
        ]
      ],
      "group_id": null,
      "shape_type": "polygon",
      "flags": {}
    },
    {
      "label": "oyster",
      "points": [
        [
          679.0,
          739.0
        ],
        [
          581.0,
          772.0
        ],
        [
          521.0,
          805.0
        ],
        [
          526.0,
          901.0
        ],
        [
          602.0,
          985.0
        ],
        [
          660.0,
          1039.0
        ],
        [
          690.0,
          1108.0
        ],
        [
          834.0,
          1118.0
        ],
        [
          881.0,
          1088.0
        ],
        [
          927.0,
          1060.0
        ],
        [
          975.0,
          1029.0
        ],
        [
          991.0,
          971.0
        ],
        [
          1007.0,
          887.0
        ],
        [
          1001.0,
          822.0
        ],
        [
          919.0,
          798.0
        ],
        [
          879.0,
          779.0
        ],
        [
          840.0,
          761.0
        ],
        [
          756.0,
          744.0
        ]
      ],
      "group_id": null,
      "shape_type": "polygon",
      "flags": {}
    },
    {
      "label": "oyster",
      "points": [
        [
          1385.0,
          682.0
        ],
        [
          1328.0,
          709.0
        ],
        [
          1245.0,
          798.0
        ],
        [
          1187.0,
          837.0
        ],
        [
          1136.0,
          858.0
        ],
        [
          1098.0,
          877.0
        ],
        [
          1049.0,
          897.0
        ],
        [
          1008.0,
          940.0
        ],
        [
          1037.0,
          996.0
        ],
        [
          1118.0,
          1012.0
        ],
        [
          1192.0,
          1029.0
        ],
        [
          1239.0,
          1048.0
        ],
        [
          1285.0,
          1098.0
        ],
        [
          1303.0,
          1163.0
        ],
        [
          1342.0,
          1202.0
        ],
        [
          1372.0,
          1236.0
        ],
        [
          1425.0,
          1199.0
        ]
      ],
      "group_id": null,
      "shape_type": "polygon",
      "flags": {}
    },
    {
      "label": "oyster",
      "points": [
        [
          752.0,
          1575.0
        ],
        [
          757.0,
          1597.0
        ]
      ],
      "group_id": null,
      "shape_type": "polygon",
      "flags": {}
    },
    {
      "label": "oyster",
      "points": [
        [
          580.0,
          699.0
        ],
        [
          504.0,
          801.0
        ],
        [
          376.0,
          863.0
        ],
        [
          158.0,
          901.0
        ],
        [
          108.0,
          857.0
        ],
        [
          28.0,
          549.0
        ],
        [
          122.0,
          467.0
        ],
        [
          178.0,
          485.0
        ],
        [
          228.0,
          603.0
        ],
        [
          384.0,
          653.0
        ],
        [
          536.0,
          667.0
        ]
      ],
      "group_id": null,
      "shape_type": "polygon",
      "flags": {}
    },
    {
      "label": "shell",
      "points": [
        [
          1158.0,
          701.0
        ],
        [
          984.0,
          581.0
        ],
        [
          986.0,
          459.0
        ],
        [
          1060.0,
          175.0
        ],
        [
          1118.0,
          129.0
        ],
        [
          1430.0,
          119.0
        ],
        [
          1439,
          142
        ],
        [
          1439,
          645
        ],
        [
          1276.0,
          693.0
        ],
        [
          1140.0,
          711.0
        ]
      ],
      "group_id": null,
      "shape_type": "polygon",
      "flags": {}
    }
  ],
  "imagePath": "39.jpg",
  "imageData": null,
  "imageHeight": 1920,
  "imageWidth": 1440
}