{
  "version": "4.5.6",
  "flags": {},
  "shapes": [
    {
      "label": "oyster",
      "points": [
        [
          696.0,
          885.0
        ],
        [
          588.0,
          903.0
        ],
        [
          543.0,
          920.0
        ],
        [
          502.0,
          940.0
        ],
        [
          471.0,
          1008.0
        ],
        [
          509.0,
          1031.0
        ],
        [
          586.0,
          1097.0
        ],
        [
          667.0,
          1168.0
        ],
        [
          688.0,
          1216.0
        ],
        [
          713.0,
          1264.0
        ],
        [
          833.0,
          1262.0
        ],
        [
          881.0,
          1231.0
        ],
        [
          927.0,
          1203.0
        ],
        [
          975.0,
          1173.0
        ],
        [
          1006.0,
          1108.0
        ],
        [
          988.0,
          1059.0
        ],
        [
          971.0,
          988.0
        ],
        [
          941.0,
          944.0
        ],
        [
          901.0,
          923.0
        ],
        [
          859.0,
          904.0
        ],
        [
          774.0,
          887.0
        ]
      ],
      "group_id": null,
      "shape_type": "polygon",
      "flags": {}
    },
    {
      "label": "oyster",
      "points": [
        [
          776.0,
          257.0
        ],
        [
          668.0,
          275.0
        ],
        [
          396.0,
          286.0
        ],
        [
          353.0,
          310.0
        ],
        [
          294.0,
          353.0
        ],
        [
          228.0,
          418.0
        ],
        [
          194.0,
          489.0
        ],
        [
          171.0,
          545.0
        ],
        [
          180.0,
          651.0
        ],
        [
          207.0,
          695.0
        ],
        [
          234.0,
          742.0
        ],
        [
          285.0,
          798.0
        ],
        [
          341.0,
          820.0
        ],
        [
          616.0,
          836.0
        ],
        [
          717.0,
          819.0
        ],
        [
          773.0,
          801.0
        ],
        [
          829.0,
          780.0
        ],
        [
          906.0,
          711.0
        ],
        [
          997.0,
          634.0
        ],
        [
          1043.0,
          605.0
        ],
        [
          1086.0,
          499.0
        ],
        [
          1059.0,
          303.0
        ],
        [
          1006.0,
          276.0
        ],
        [
          901.0,
          259.0
        ]
      ],
      "group_id": null,
      "shape_type": "polygon",
      "flags": {}
    },
    {
      "label": "oyster",
      "points": [
        [
          329.0,
          1039.0
        ],
        [
          217.0,
          1057.0
        ],
        [
          173.0,
          1082.0
        ],
        [
          129.0,
          1136.0
        ],
        [
          144.0,
          1268.0
        ],
        [
          169.0,
          1311.0
        ],
        [
          189.0,
          1351.0
        ],
        [
          210.0,
          1398.0
        ],
        [
          241.0,
          1448.0
        ],
        [
          269.0,
          1494.0
        ],
        [
          334.0,
          1551.0
        ],
        [
          480.0,
          1508.0
        ],
        [
          572.0,
          1461.0
        ],
        [
          628.0,
          1401.0
        ],
        [
          665.0,
          1346.0
        ],
        [
          676.0,
          1180.0
        ],
        [
          593.0,
          1105.0
        ],
        [
          541.0,
          1069.0
        ],
        [
          487.0,
          1052.0
        ]
      ],
      "group_id": null,
      "shape_type": "polygon",
      "flags": {}
    },
    {
      "label": "oyster",
      "points": [
        [
          1024.0,
          1198.0
        ],
        [
          921.0,
          1217.0
        ],
        [
          870.0,
          1247.0
        ],
        [
          785.0,
          1329.0
        ],
        [
          752.0,
          1372.0
        ],
        [
          674.0,
          1427.0
        ],
        [
          610.0,
          1471.0
        ],
        [
          547.0,
          1549.0
        ],
        [
          528.0,
          1587.0
        ],
        [
          510.0,
          1642.0
        ],
        [
          546.0,
          1744.0
        ],
        [
          588.0,
          1775.0
        ],
        [
          643.0,
          1824.0
        ],
        [
          658.0,
          1859.0
        ],
        [
          951.0,
          1862.0
        ],
        [
          986.0,
          1821.0
        ],
        [
          1014.0,
          1786.0
        ],
        [
          1076.0,
          1715.0
        ],
        [
          1134.0,
          1640.0
        ],
        [
          1168.0,
          1577.0
        ],
        [
          1206.0,
          1522.0
        ],
        [
          1290.0,
          1343.0
        ],
        [
          1251.0,
          1245.0
        ],
        [
          1218.0,
          1212.0
        ]
      ],
      "group_id": null,
      "shape_type": "polygon",
      "flags": {}
    },
    {
      "label": "oyster",
      "points": [
        [
          1365.0,
          870.0
        ],
        [
          1286.0,
          891.0
        ],
        [
          1252.0,
          938.0
        ],
        [
          1192.0,
          978.0
        ],
        [
          1145.0,
          1002.0
        ],
        [
          1100.0,
          1021.0
        ],
        [
          1036.0,
          1045.0
        ],
        [
          1022.0,
          1097.0
        ],
        [
          1070.0,
          1127.0
        ],
        [
          1130.0,
          1144.0
        ],
        [
          1178.0,
          1162.0
        ],
        [
          1229.0,
          1180.0
        ],
        [
          1287.0,
          1235.0
        ],
        [
          1311.0,
          1286.0
        ],
        [
          1340.0,
          1350.0
        ],
        [
          1421.0,
          1328.0
        ],
        [
          1429.0,
          888.0
        ]
      ],
      "group_id": null,
      "shape_type": "polygon",
      "flags": {}
    },
    {
      "label": "shell",
      "points": [
        [
          1168.0,
          879.0
        ],
        [
          1038.0,
          799.0
        ],
        [
          992.0,
          711.0
        ],
        [
          1062.0,
          317.0
        ],
        [
          1136.0,
          285.0
        ],
        [
          1416.0,
          291.0
        ],
        [
          1439,
          482
        ],
        [
          1430.0,
          863.0
        ],
        [
          1206.0,
          889.0
        ]
      ],
      "group_id": null,
      "shape_type": "polygon",
      "flags": {}
    }
  ],
  "imagePath": "40.jpg",
  "imageData": null,
  "imageHeight": 1920,
  "imageWidth": 1440
}