{
  "imageWidth": 1440,
  "imagePath": "42.jpg",
  "imageHeight": 1920,
  "shapes": [
    {
      "points": [
        [
          880.0,
          404.0
        ],
        [
          735.0,
          422.0
        ],
        [
          656.0,
          439.0
        ],
        [
          428.0,
          447.0
        ],
        [
          384.0,
          469.0
        ],
        [
          305.0,
          539.0
        ],
        [
          257.0,
          595.0
        ],
        [
          224.0,
          649.0
        ],
        [
          223.0,
          806.0
        ],
        [
          257.0,
          856.0
        ],
        [
          294.0,
          913.0
        ],
        [
          344.0,
          974.0
        ],
        [
          391.0,
          999.0
        ],
        [
          434.0,
          1019.0
        ],
        [
          484.0,
          1036.0
        ],
        [
          589.0,
          1048.0
        ],
        [
          645.0,
          1031.0
        ],
        [
          721.0,
          1013.0
        ],
        [
          790.0,
          996.0
        ],
        [
          827.0,
          978.0
        ],
        [
          870.0,
          954.0
        ],
        [
          933.0,
          908.0
        ],
        [
          1004.0,
          835.0
        ],
        [
          1042.0,
          779.0
        ],
        [
          1067.0,
          735.0
        ],
        [
          1086.0,
          693.0
        ],
        [
          1108.0,
          648.0
        ],
        [
          1124.0,
          574.0
        ],
        [
          1107.0,
          506.0
        ],
        [
          1059.0,
          443.0
        ],
        [
          1010.0,
          419.0
        ]
      ],
      "shape_type": "polygon",
      "label": "oyster",
      "group_id": null,
      "flags": {}
    },
    {
      "points": [
        [
          1081.0,
          1343.0
        ],
        [
          972.0,
          1361.0
        ],
        [
          919.0,
          1394.0
        ],
        [
          821.0,
          1484.0
        ],
        [
          760.0,
          1524.0
        ],
        [
          686.0,
          1582.0
        ],
        [
          636.0,
          1614.0
        ],
        [
          575.0,
          1684.0
        ],
        [
          581.0,
          1792.0
        ],
        [
          598.0,
          1838.0
        ],
        [
          636.0,
          1886.0
        ],
        [
          1102.0,
          1875.0
        ],
        [
          1138.0,
          1830.0
        ],
        [
          1191.0,
          1761.0
        ],
        [
          1237.0,
          1702.0
        ],
        [
          1268.0,
          1648.0
        ],
        [
          1290.0,
          1396.0
        ],
        [
          1254.0,
          1356.0
        ]
      ],
      "shape_type": "polygon",
      "label": "oyster",
      "group_id": null,
      "flags": {}
    },
    {
      "points": [
        [
          730.0,
          1026.0
        ],
        [
          652.0,
          1045.0
        ],
        [
          610.0,
          1062.0
        ],
        [
          567.0,
          1083.0
        ],
        [
          519.0,
          1141.0
        ],
        [
          591.0,
          1208.0
        ],
        [
          668.0,
          1271.0
        ],
        [
          733.0,
          1332.0
        ],
        [
          750.0,
          1380.0
        ],
        [
          808.0,
          1403.0
        ],
        [
          892.0,
          1386.0
        ],
        [
          938.0,
          1357.0
        ],
        [
          1001.0,
          1313.0
        ],
        [
          1048.0,
          1277.0
        ],
        [
          1041.0,
          1179.0
        ],
        [
          1019.0,
          1121.0
        ],
        [
          983.0,
          1077.0
        ],
        [
          941.0,
          1055.0
        ],
        [
          893.0,
          1038.0
        ]
      ],
      "shape_type": "polygon",
      "label": "oyster",
      "group_id": null,
      "flags": {}
    },
    {
      "points": [
        [
          355.0,
          1229.0
        ],
        [
          226.0,
          1247.0
        ],
        [
          175.0,
          1281.0
        ],
        [
          180.0,
          1383.0
        ],
        [
          197.0,
          1425.0
        ],
        [
          215.0,
          1464.0
        ],
        [
          234.0,
          1510.0
        ],
        [
          266.0,
          1561.0
        ],
        [
          293.0,
          1613.0
        ],
        [
          349.0,
          1677.0
        ],
        [
          486.0,
          1678.0
        ],
        [
          509.0,
          1635.0
        ],
        [
          567.0,
          1598.0
        ],
        [
          611.0,
          1576.0
        ],
        [
          692.0,
          1487.0
        ],
        [
          711.0,
          1447.0
        ],
        [
          675.0,
          1297.0
        ],
        [
          626.0,
          1266.0
        ],
        [
          561.0,
          1246.0
        ],
        [
          446.0,
          1240.0
        ]
      ],
      "shape_type": "polygon",
      "label": "oyster",
      "group_id": null,
      "flags": {}
    },
    {
      "points": [
        [
          1192.0,
          587.0
        ],
        [
          1439,
          685
        ],
        [
          1439,
          787
        ],
        [
          1166.0,
          681.0
        ],
        [
          1140.0,
          621.0
        ],
        [
          1142.0,
          573.0
        ]
      ],
      "shape_type": "polygon",
      "label": "oyster",
      "group_id": null,
      "flags": {}
    }
  ],
  "imageData": null,
  "version": "4.1.1",
  "flags": {}
}