{
  "imageWidth": 1440,
  "imagePath": "43.jpg",
  "imageHeight": 1920,
  "shapes": [
    {
      "points": [
        [
          884.0,
          290.0
        ],
        [
          778.0,
          308.0
        ],
        [
          696.0,
          325.0
        ],
        [
          505.0,
          323.0
        ],
        [
          456.0,
          340.0
        ],
        [
          388.0,
          393.0
        ],
        [
          339.0,
          442.0
        ],
        [
          302.0,
          492.0
        ],
        [
          281.0,
          675.0
        ],
        [
          302.0,
          716.0
        ],
        [
          340.0,
          772.0
        ],
        [
          421.0,
          854.0
        ],
        [
          464.0,
          876.0
        ],
        [
          534.0,
          894.0
        ],
        [
          739.0,
          889.0
        ],
        [
          797.0,
          871.0
        ],
        [
          856.0,
          854.0
        ],
        [
          911.0,
          835.0
        ],
        [
          956.0,
          813.0
        ],
        [
          1025.0,
          737.0
        ],
        [
          1134.0,
          638.0
        ],
        [
          1159.0,
          592.0
        ],
        [
          1176.0,
          487.0
        ],
        [
          1138.0,
          329.0
        ],
        [
          1091.0,
          303.0
        ]
      ],
      "shape_type": "polygon",
      "label": "oyster",
      "group_id": null,
      "flags": {}
    },
    {
      "points": [
        [
          1165.0,
          1205.0
        ],
        [
          1063.0,
          1223.0
        ],
        [
          1018.0,
          1249.0
        ],
        [
          951.0,
          1299.0
        ],
        [
          880.0,
          1362.0
        ],
        [
          798.0,
          1413.0
        ],
        [
          761.0,
          1477.0
        ],
        [
          726.0,
          1518.0
        ],
        [
          681.0,
          1552.0
        ],
        [
          651.0,
          1613.0
        ],
        [
          644.0,
          1738.0
        ],
        [
          662.0,
          1779.0
        ],
        [
          718.0,
          1805.0
        ],
        [
          779.0,
          1879.0
        ],
        [
          1102.0,
          1879.0
        ],
        [
          1152.0,
          1803.0
        ],
        [
          1216.0,
          1732.0
        ],
        [
          1253.0,
          1683.0
        ],
        [
          1287.0,
          1629.0
        ],
        [
          1319.0,
          1573.0
        ],
        [
          1355.0,
          1519.0
        ],
        [
          1380.0,
          1474.0
        ],
        [
          1380.0,
          1263.0
        ],
        [
          1338.0,
          1230.0
        ],
        [
          1272.0,
          1212.0
        ]
      ],
      "shape_type": "polygon",
      "label": "oyster",
      "group_id": null,
      "flags": {}
    },
    {
      "points": [
        [
          826.0,
          925.0
        ],
        [
          664.0,
          943.0
        ],
        [
          619.0,
          970.0
        ],
        [
          567.0,
          1014.0
        ],
        [
          599.0,
          1069.0
        ],
        [
          658.0,
          1108.0
        ],
        [
          739.0,
          1171.0
        ],
        [
          794.0,
          1225.0
        ],
        [
          816.0,
          1271.0
        ],
        [
          869.0,
          1300.0
        ],
        [
          954.0,
          1281.0
        ],
        [
          1008.0,
          1245.0
        ],
        [
          1067.0,
          1204.0
        ],
        [
          1118.0,
          1162.0
        ],
        [
          1108.0,
          1094.0
        ],
        [
          1090.0,
          1030.0
        ],
        [
          1049.0,
          976.0
        ],
        [
          1009.0,
          956.0
        ],
        [
          960.0,
          937.0
        ]
      ],
      "shape_type": "polygon",
      "label": "oyster",
      "group_id": null,
      "flags": {}
    },
    {
      "points": [
        [
          433.0,
          1110.0
        ],
        [
          304.0,
          1128.0
        ],
        [
          249.0,
          1212.0
        ],
        [
          268.0,
          1316.0
        ],
        [
          288.0,
          1363.0
        ],
        [
          309.0,
          1404.0
        ],
        [
          333.0,
          1453.0
        ],
        [
          361.0,
          1499.0
        ],
        [
          399.0,
          1556.0
        ],
        [
          570.0,
          1583.0
        ],
        [
          593.0,
          1543.0
        ],
        [
          635.0,
          1498.0
        ],
        [
          684.0,
          1475.0
        ],
        [
          760.0,
          1406.0
        ],
        [
          805.0,
          1339.0
        ],
        [
          801.0,
          1238.0
        ],
        [
          746.0,
          1177.0
        ],
        [
          698.0,
          1148.0
        ],
        [
          599.0,
          1131.0
        ],
        [
          501.0,
          1113.0
        ]
      ],
      "shape_type": "polygon",
      "label": "oyster",
      "group_id": null,
      "flags": {}
    },
    {
      "points": [
        [
          490.0,
          814.0
        ]
      ],
      "shape_type": "polygon",
      "label": "oyster",
      "group_id": null,
      "flags": {}
    }
  ],
  "imageData": null,
  "version": "4.1.1",
  "flags": {}
}