{
  "imageWidth": 1440,
  "imagePath": "44.jpg",
  "imageHeight": 1920,
  "shapes": [
    {
      "points": [
        [
          875.0,
          752.0
        ],
        [
          759.0,
          771.0
        ],
        [
          716.0,
          793.0
        ],
        [
          662.0,
          851.0
        ],
        [
          695.0,
          926.0
        ],
        [
          787.0,
          1003.0
        ],
        [
          847.0,
          1048.0
        ],
        [
          873.0,
          1106.0
        ],
        [
          893.0,
          1146.0
        ],
        [
          1004.0,
          1153.0
        ],
        [
          1053.0,
          1123.0
        ],
        [
          1109.0,
          1084.0
        ],
        [
          1171.0,
          1030.0
        ],
        [
          1178.0,
          956.0
        ],
        [
          1161.0,
          860.0
        ],
        [
          1127.0,
          816.0
        ],
        [
          1079.0,
          799.0
        ],
        [
          1038.0,
          780.0
        ],
        [
          988.0,
          763.0
        ]
      ],
      "shape_type": "polygon",
      "label": "oyster",
      "group_id": null,
      "flags": {}
    },
    {
      "points": [
        [
          1076.0,
          87.0
        ],
        [
          790.0,
          104.0
        ],
        [
          698.0,
          121.0
        ],
        [
          526.0,
          139.0
        ],
        [
          485.0,
          162.0
        ],
        [
          409.0,
          228.0
        ],
        [
          368.0,
          274.0
        ],
        [
          337.0,
          328.0
        ],
        [
          327.0,
          466.0
        ],
        [
          361.0,
          529.0
        ],
        [
          397.0,
          585.0
        ],
        [
          447.0,
          637.0
        ],
        [
          488.0,
          658.0
        ],
        [
          555.0,
          675.0
        ],
        [
          858.0,
          675.0
        ],
        [
          911.0,
          658.0
        ],
        [
          966.0,
          640.0
        ],
        [
          1012.0,
          622.0
        ],
        [
          1065.0,
          586.0
        ],
        [
          1143.0,
          500.0
        ],
        [
          1231.0,
          415.0
        ],
        [
          1248.0,
          358.0
        ],
        [
          1262.0,
          188.0
        ],
        [
          1244.0,
          130.0
        ],
        [
          1174.0,
          89.0
        ]
      ],
      "shape_type": "polygon",
      "label": "oyster",
      "group_id": null,
      "flags": {}
    },
    {
      "points": [
        [
          1268.0,
          1016.0
        ],
        [
          1207.0,
          1035.0
        ],
        [
          1165.0,
          1053.0
        ],
        [
          1126.0,
          1072.0
        ],
        [
          1078.0,
          1102.0
        ],
        [
          991.0,
          1178.0
        ],
        [
          859.0,
          1314.0
        ],
        [
          768.0,
          1414.0
        ],
        [
          736.0,
          1464.0
        ],
        [
          718.0,
          1503.0
        ],
        [
          700.0,
          1566.0
        ],
        [
          682.0,
          1644.0
        ],
        [
          656.0,
          1760.0
        ],
        [
          642.0,
          1855.0
        ],
        [
          714.0,
          1880.0
        ],
        [
          1115.0,
          1889.0
        ],
        [
          1152.0,
          1859.0
        ],
        [
          1176.0,
          1814.0
        ],
        [
          1195.0,
          1766.0
        ],
        [
          1219.0,
          1718.0
        ],
        [
          1253.0,
          1667.0
        ],
        [
          1287.0,
          1613.0
        ],
        [
          1323.0,
          1559.0
        ],
        [
          1354.0,
          1507.0
        ],
        [
          1385.0,
          1458.0
        ],
        [
          1409.0,
          1405.0
        ],
        [
          1399.0,
          1043.0
        ],
        [
          1316.0,
          1016.0
        ]
      ],
      "shape_type": "polygon",
      "label": "oyster",
      "group_id": null,
      "flags": {}
    },
    {
      "points": [
        [
          516.0,
          920.0
        ],
        [
          367.0,
          938.0
        ],
        [
          305.0,
          989.0
        ],
        [
          309.0,
          1091.0
        ],
        [
          326.0,
          1140.0
        ],
        [
          343.0,
          1195.0
        ],
        [
          360.0,
          1251.0
        ],
        [
          379.0,
          1305.0
        ],
        [
          413.0,
          1359.0
        ],
        [
          457.0,
          1419.0
        ],
        [
          618.0,
          1447.0
        ],
        [
          662.0,
          1399.0
        ],
        [
          730.0,
          1356.0
        ],
        [
          780.0,
          1324.0
        ],
        [
          850.0,
          1250.0
        ],
        [
          879.0,
          1198.0
        ],
        [
          866.0,
          1085.0
        ],
        [
          831.0,
          1032.0
        ],
        [
          776.0,
          995.0
        ],
        [
          731.0,
          967.0
        ],
        [
          688.0,
          946.0
        ],
        [
          636.0,
          927.0
        ]
      ],
      "shape_type": "polygon",
      "label": "oyster",
      "group_id": null,
      "flags": {}
    }
  ],
  "imageData": null,
  "version": "4.1.1",
  "flags": {}
}