{
  "imageWidth": 1440,
  "imagePath": "46.jpg",
  "imageHeight": 1920,
  "shapes": [
    {
      "points": [
        [
          1280.0,
          150.0
        ],
        [
          1044.0,
          175.0
        ],
        [
          999.0,
          198.0
        ],
        [
          955.0,
          219.0
        ],
        [
          807.0,
          208.0
        ],
        [
          678.0,
          220.0
        ],
        [
          627.0,
          247.0
        ],
        [
          554.0,
          307.0
        ],
        [
          516.0,
          351.0
        ],
        [
          481.0,
          418.0
        ],
        [
          464.0,
          476.0
        ],
        [
          493.0,
          620.0
        ],
        [
          529.0,
          669.0
        ],
        [
          584.0,
          727.0
        ],
        [
          632.0,
          757.0
        ],
        [
          670.0,
          778.0
        ],
        [
          717.0,
          797.0
        ],
        [
          822.0,
          815.0
        ],
        [
          1031.0,
          804.0
        ],
        [
          1089.0,
          786.0
        ],
        [
          1143.0,
          768.0
        ],
        [
          1187.0,
          749.0
        ],
        [
          1252.0,
          705.0
        ],
        [
          1318.0,
          630.0
        ],
        [
          1436.0,
          579.0
        ],
        [
          1424.0,
          183.0
        ]
      ],
      "shape_type": "polygon",
      "label": "oyster",
      "group_id": null,
      "flags": {}
    },
    {
      "points": [
        [
          648.0,
          1036.0
        ],
        [
          512.0,
          1056.0
        ],
        [
          446.0,
          1104.0
        ],
        [
          426.0,
          1173.0
        ],
        [
          443.0,
          1237.0
        ],
        [
          452.0,
          1283.0
        ],
        [
          458.0,
          1333.0
        ],
        [
          475.0,
          1384.0
        ],
        [
          497.0,
          1431.0
        ],
        [
          520.0,
          1476.0
        ],
        [
          561.0,
          1534.0
        ],
        [
          624.0,
          1592.0
        ],
        [
          777.0,
          1561.0
        ],
        [
          808.0,
          1512.0
        ],
        [
          890.0,
          1461.0
        ],
        [
          944.0,
          1403.0
        ],
        [
          1003.0,
          1327.0
        ],
        [
          1002.0,
          1176.0
        ],
        [
          953.0,
          1127.0
        ],
        [
          900.0,
          1093.0
        ],
        [
          862.0,
          1074.0
        ],
        [
          808.0,
          1057.0
        ],
        [
          737.0,
          1039.0
        ]
      ],
      "shape_type": "polygon",
      "label": "oyster",
      "group_id": null,
      "flags": {}
    },
    {
      "points": [
        [
          888.0,
          1406.0
        ]
      ],
      "shape_type": "polygon",
      "label": "oyster",
      "group_id": null,
      "flags": {}
    },
    {
      "points": [
        [
          1055.0,
          853.0
        ],
        [
          907.0,
          871.0
        ],
        [
          857.0,
          896.0
        ],
        [
          806.0,
          928.0
        ],
        [
          732.0,
          985.0
        ],
        [
          808.0,
          1032.0
        ],
        [
          851.0,
          1057.0
        ],
        [
          924.0,
          1113.0
        ],
        [
          978.0,
          1148.0
        ],
        [
          1001.0,
          1204.0
        ],
        [
          1067.0,
          1250.0
        ],
        [
          1161.0,
          1232.0
        ],
        [
          1208.0,
          1193.0
        ],
        [
          1267.0,
          1143.0
        ],
        [
          1285.0,
          1086.0
        ],
        [
          1285.0,
          968.0
        ],
        [
          1230.0,
          912.0
        ],
        [
          1191.0,
          891.0
        ],
        [
          1144.0,
          866.0
        ]
      ],
      "shape_type": "polygon",
      "label": "oyster",
      "group_id": null,
      "flags": {}
    },
    {
      "points": [
        [
          1422.0,
          1169.0
        ],
        [
          1424.0,
          1791.0
        ],
        [
          1352.0,
          1905.0
        ],
        [
          560.0,
          1915.0
        ],
        [
          514.0,
          1735.0
        ],
        [
          584.0,
          1629.0
        ],
        [
          778.0,
          1605.0
        ],
        [
          818.0,
          1551.0
        ],
        [
          954.0,
          1481.0
        ],
        [
          1016.0,
          1375.0
        ],
        [
          1288.0,
          1153.0
        ],
        [
          1344.0,
          1131.0
        ]
      ],
      "shape_type": "polygon",
      "label": "oyster",
      "group_id": null,
      "flags": {}
    }
  ],
  "imageData": null,
  "version": "4.1.1",
  "flags": {}
}