{
  "imageWidth": 1440,
  "imagePath": "47.jpg",
  "imageHeight": 1920,
  "shapes": [
    {
      "points": [
        [
          1246.0,
          382.0
        ],
        [
          1120.0,
          400.0
        ],
        [
          951.0,
          401.0
        ],
        [
          827.0,
          389.0
        ],
        [
          758.0,
          408.0
        ],
        [
          713.0,
          435.0
        ],
        [
          637.0,
          506.0
        ],
        [
          602.0,
          561.0
        ],
        [
          583.0,
          602.0
        ],
        [
          566.0,
          720.0
        ],
        [
          554.0,
          798.0
        ],
        [
          631.0,
          871.0
        ],
        [
          702.0,
          954.0
        ],
        [
          763.0,
          997.0
        ],
        [
          810.0,
          1027.0
        ],
        [
          856.0,
          999.0
        ],
        [
          984.0,
          1007.0
        ],
        [
          1086.0,
          1048.0
        ],
        [
          1136.0,
          1030.0
        ],
        [
          1204.0,
          1013.0
        ],
        [
          1275.0,
          995.0
        ],
        [
          1325.0,
          964.0
        ],
        [
          1364.0,
          912.0
        ],
        [
          1417.0,
          821.0
        ],
        [
          1436.0,
          377.0
        ]
      ],
      "shape_type": "polygon",
      "label": "oyster",
      "group_id": null,
      "flags": {}
    },
    {
      "points": [
        [
          732.0,
          1234.0
        ],
        [
          613.0,
          1252.0
        ],
        [
          573.0,
          1270.0
        ],
        [
          517.0,
          1306.0
        ],
        [
          508.0,
          1392.0
        ],
        [
          526.0,
          1496.0
        ],
        [
          547.0,
          1546.0
        ],
        [
          589.0,
          1607.0
        ],
        [
          631.0,
          1668.0
        ],
        [
          685.0,
          1713.0
        ],
        [
          855.0,
          1677.0
        ],
        [
          909.0,
          1641.0
        ],
        [
          962.0,
          1617.0
        ],
        [
          1054.0,
          1532.0
        ],
        [
          1087.0,
          1440.0
        ],
        [
          1069.0,
          1326.0
        ],
        [
          1021.0,
          1296.0
        ],
        [
          974.0,
          1270.0
        ],
        [
          919.0,
          1253.0
        ],
        [
          805.0,
          1235.0
        ]
      ],
      "shape_type": "polygon",
      "label": "oyster",
      "group_id": null,
      "flags": {}
    },
    {
      "points": [
        [
          1370.0,
          1431.0
        ],
        [
          1281.0,
          1473.0
        ],
        [
          1249.0,
          1524.0
        ],
        [
          1187.0,
          1573.0
        ],
        [
          1094.0,
          1591.0
        ],
        [
          1052.0,
          1616.0
        ],
        [
          1008.0,
          1641.0
        ],
        [
          962.0,
          1670.0
        ],
        [
          881.0,
          1764.0
        ],
        [
          915.0,
          1829.0
        ],
        [
          936.0,
          1915.0
        ],
        [
          1418.0,
          1913.0
        ],
        [
          1432.0,
          1431.0
        ]
      ],
      "shape_type": "polygon",
      "label": "oyster",
      "group_id": null,
      "flags": {}
    },
    {
      "points": [
        [
          13.0,
          796.0
        ],
        [
          22.0,
          1677.0
        ],
        [
          151.0,
          1635.0
        ],
        [
          193.0,
          1573.0
        ],
        [
          210.0,
          1517.0
        ],
        [
          228.0,
          1457.0
        ],
        [
          219.0,
          1321.0
        ],
        [
          201.0,
          1251.0
        ],
        [
          184.0,
          1157.0
        ],
        [
          166.0,
          1103.0
        ],
        [
          149.0,
          1045.0
        ],
        [
          131.0,
          999.0
        ],
        [
          114.0,
          957.0
        ],
        [
          94.0,
          918.0
        ],
        [
          74.0,
          879.0
        ],
        [
          50.0,
          838.0
        ]
      ],
      "shape_type": "polygon",
      "label": "oyster",
      "group_id": null,
      "flags": {}
    },
    {
      "points": [
        [
          429.0,
          1433.0
        ],
        [
          363.0,
          1487.0
        ],
        [
          339.0,
          1535.0
        ],
        [
          305.0,
          1587.0
        ],
        [
          258.0,
          1605.0
        ],
        [
          212.0,
          1630.0
        ],
        [
          159.0,
          1660.0
        ],
        [
          89.0,
          1686.0
        ],
        [
          58.0,
          1728.0
        ],
        [
          135.0,
          1745.0
        ],
        [
          194.0,
          1801.0
        ],
        [
          271.0,
          1829.0
        ],
        [
          372.0,
          1845.0
        ],
        [
          428.0,
          1840.0
        ],
        [
          495.0,
          1812.0
        ],
        [
          529.0,
          1757.0
        ],
        [
          556.0,
          1713.0
        ],
        [
          554.0,
          1611.0
        ],
        [
          526.0,
          1565.0
        ],
        [
          504.0,
          1524.0
        ],
        [
          475.0,
          1474.0
        ]
      ],
      "shape_type": "polygon",
      "label": "oyster",
      "group_id": null,
      "flags": {}
    },
    {
      "points": [
        [
          944.0,
          363.0
        ],
        [
          858.0,
          207.0
        ],
        [
          676.0,
          69.0
        ],
        [
          462.0,
          23.0
        ],
        [
          304.0,
          13.0
        ],
        [
          208.0,
          35.0
        ],
        [
          162.0,
          187.0
        ],
        [
          184.0,
          295.0
        ],
        [
          82.0,
          299.0
        ],
        [
          116.0,
          393.0
        ],
        [
          166.0,
          453.0
        ],
        [
          224.0,
          529.0
        ],
        [
          290.0,
          615.0
        ],
        [
          438.0,
          649.0
        ],
        [
          566.0,
          633.0
        ],
        [
          606.0,
          505.0
        ],
        [
          694.0,
          413.0
        ],
        [
          826.0,
          369.0
        ]
      ],
      "shape_type": "polygon",
      "label": "oyster",
      "group_id": null,
      "flags": {}
    }
  ],
  "imageData": null,
  "version": "4.1.1",
  "flags": {}
}