{
  "imageWidth": 1440,
  "imagePath": "48.jpg",
  "imageHeight": 1920,
  "shapes": [
    {
      "points": [
        [
          917.0,
          511.0
        ],
        [
          853.0,
          531.0
        ],
        [
          801.0,
          560.0
        ],
        [
          714.0,
          646.0
        ],
        [
          685.0,
          696.0
        ],
        [
          667.0,
          750.0
        ],
        [
          692.0,
          911.0
        ],
        [
          715.0,
          960.0
        ],
        [
          735.0,
          1007.0
        ],
        [
          797.0,
          1081.0
        ],
        [
          864.0,
          1130.0
        ],
        [
          979.0,
          1177.0
        ],
        [
          1236.0,
          1168.0
        ],
        [
          1336.0,
          1150.0
        ],
        [
          1379.0,
          1132.0
        ],
        [
          1414.0,
          1107.0
        ],
        [
          1410.0,
          719.0
        ],
        [
          1357.0,
          646.0
        ],
        [
          1228.0,
          608.0
        ],
        [
          1165.0,
          581.0
        ],
        [
          1094.0,
          554.0
        ],
        [
          1039.0,
          534.0
        ],
        [
          987.0,
          516.0
        ]
      ],
      "shape_type": "polygon",
      "label": "oyster",
      "group_id": null,
      "flags": {}
    },
    {
      "points": [
        [
          809.0,
          1339.0
        ],
        [
          742.0,
          1357.0
        ],
        [
          663.0,
          1374.0
        ],
        [
          585.0,
          1419.0
        ],
        [
          566.0,
          1482.0
        ],
        [
          575.0,
          1573.0
        ],
        [
          600.0,
          1621.0
        ],
        [
          628.0,
          1666.0
        ],
        [
          660.0,
          1722.0
        ],
        [
          686.0,
          1774.0
        ],
        [
          730.0,
          1830.0
        ],
        [
          917.0,
          1829.0
        ],
        [
          936.0,
          1792.0
        ],
        [
          1005.0,
          1737.0
        ],
        [
          1090.0,
          1660.0
        ],
        [
          1144.0,
          1581.0
        ],
        [
          1136.0,
          1457.0
        ],
        [
          1067.0,
          1393.0
        ],
        [
          1011.0,
          1361.0
        ],
        [
          951.0,
          1344.0
        ]
      ],
      "shape_type": "polygon",
      "label": "oyster",
      "group_id": null,
      "flags": {}
    },
    {
      "points": [
        [
          526.0,
          1525.0
        ],
        [
          460.0,
          1578.0
        ],
        [
          399.0,
          1651.0
        ],
        [
          343.0,
          1682.0
        ],
        [
          298.0,
          1709.0
        ],
        [
          254.0,
          1730.0
        ],
        [
          195.0,
          1749.0
        ],
        [
          142.0,
          1767.0
        ],
        [
          131.0,
          1800.0
        ],
        [
          168.0,
          1854.0
        ],
        [
          205.0,
          1895.0
        ],
        [
          574.0,
          1901.0
        ],
        [
          618.0,
          1872.0
        ],
        [
          636.0,
          1823.0
        ],
        [
          653.0,
          1782.0
        ],
        [
          640.0,
          1693.0
        ],
        [
          612.0,
          1644.0
        ],
        [
          581.0,
          1595.0
        ],
        [
          557.0,
          1544.0
        ]
      ],
      "shape_type": "polygon",
      "label": "oyster",
      "group_id": null,
      "flags": {}
    },
    {
      "points": [
        [
          20.0,
          849.0
        ],
        [
          6.0,
          1705.0
        ],
        [
          188.0,
          1747.0
        ],
        [
          254.0,
          1701.0
        ],
        [
          286.0,
          1660.0
        ],
        [
          304.0,
          1596.0
        ],
        [
          317.0,
          1497.0
        ],
        [
          299.0,
          1380.0
        ],
        [
          282.0,
          1271.0
        ],
        [
          264.0,
          1214.0
        ],
        [
          247.0,
          1160.0
        ],
        [
          229.0,
          1119.0
        ],
        [
          206.0,
          1077.0
        ],
        [
          168.0,
          1021.0
        ],
        [
          141.0,
          974.0
        ],
        [
          100.0,
          916.0
        ],
        [
          30.0,
          852.0
        ]
      ],
      "shape_type": "polygon",
      "label": "oyster",
      "group_id": null,
      "flags": {}
    },
    {
      "points": [
        [
          592.0,
          711.0
        ],
        [
          666.0,
          697.0
        ],
        [
          710.0,
          619.0
        ],
        [
          798.0,
          533.0
        ],
        [
          838.0,
          495.0
        ],
        [
          946.0,
          489.0
        ],
        [
          996.0,
          485.0
        ],
        [
          1002.0,
          455.0
        ],
        [
          948.0,
          387.0
        ],
        [
          870.0,
          231.0
        ],
        [
          716.0,
          99.0
        ],
        [
          654.0,
          65.0
        ],
        [
          504.0,
          85.0
        ],
        [
          370.0,
          99.0
        ],
        [
          294.0,
          233.0
        ],
        [
          268.0,
          371.0
        ],
        [
          256.0,
          401.0
        ],
        [
          202.0,
          437.0
        ],
        [
          242.0,
          523.0
        ],
        [
          260.0,
          613.0
        ],
        [
          316.0,
          685.0
        ],
        [
          392.0,
          751.0
        ],
        [
          524.0,
          741.0
        ]
      ],
      "shape_type": "polygon",
      "label": "oyster",
      "group_id": null,
      "flags": {}
    }
  ],
  "imageData": null,
  "version": "4.1.1",
  "flags": {}
}