{
  "version": "4.5.6",
  "flags": {},
  "shapes": [
    {
      "label": "oyster",
      "points": [
        [
          994.0,
          491.0
        ],
        [
          925.0,
          513.0
        ],
        [
          877.0,
          540.0
        ],
        [
          797.0,
          619.0
        ],
        [
          765.0,
          674.0
        ],
        [
          765.0,
          825.0
        ],
        [
          790.0,
          892.0
        ],
        [
          808.0,
          945.0
        ],
        [
          828.0,
          984.0
        ],
        [
          892.0,
          1059.0
        ],
        [
          945.0,
          1094.0
        ],
        [
          996.0,
          1116.0
        ],
        [
          1096.0,
          1133.0
        ],
        [
          1184.0,
          1151.0
        ],
        [
          1299.0,
          1140.0
        ],
        [
          1375.0,
          1122.0
        ],
        [
          1417.0,
          1000.0
        ],
        [
          1389.0,
          823.0
        ],
        [
          1361.0,
          691.0
        ],
        [
          1316.0,
          688.0
        ],
        [
          1260.0,
          668.0
        ],
        [
          1230.0,
          623.0
        ],
        [
          1213.0,
          584.0
        ],
        [
          1170.0,
          536.0
        ],
        [
          1122.0,
          515.0
        ],
        [
          1066.0,
          497.0
        ]
      ],
      "group_id": null,
      "shape_type": "polygon",
      "flags": {}
    },
    {
      "label": "oyster",
      "points": [
        [
          590.0,
          1505.0
        ],
        [
          536.0,
          1535.0
        ],
        [
          479.0,
          1610.0
        ],
        [
          429.0,
          1640.0
        ],
        [
          386.0,
          1662.0
        ],
        [
          345.0,
          1684.0
        ],
        [
          303.0,
          1706.0
        ],
        [
          248.0,
          1724.0
        ],
        [
          178.0,
          1735.0
        ],
        [
          157.0,
          1779.0
        ],
        [
          200.0,
          1836.0
        ],
        [
          241.0,
          1872.0
        ],
        [
          574.0,
          1893.0
        ],
        [
          660.0,
          1833.0
        ],
        [
          686.0,
          1782.0
        ],
        [
          707.0,
          1736.0
        ],
        [
          691.0,
          1646.0
        ],
        [
          666.0,
          1597.0
        ],
        [
          642.0,
          1549.0
        ]
      ],
      "group_id": null,
      "shape_type": "polygon",
      "flags": {}
    },
    {
      "label": "oyster",
      "points": [
        [
          20.0,
          690.0
        ],
        [
          5.0,
          1652.0
        ],
        [
          106.0,
          1717.0
        ],
        [
          228.0,
          1723.0
        ],
        [
          274.0,
          1705.0
        ],
        [
          327.0,
          1674.0
        ],
        [
          353.0,
          1634.0
        ],
        [
          372.0,
          1586.0
        ],
        [
          390.0,
          1495.0
        ],
        [
          379.0,
          1360.0
        ],
        [
          361.0,
          1287.0
        ],
        [
          344.0,
          1218.0
        ],
        [
          326.0,
          1159.0
        ],
        [
          309.0,
          1111.0
        ],
        [
          280.0,
          1063.0
        ],
        [
          256.0,
          1021.0
        ],
        [
          231.0,
          977.0
        ],
        [
          205.0,
          932.0
        ],
        [
          163.0,
          872.0
        ],
        [
          109.0,
          802.0
        ],
        [
          81.0,
          755.0
        ],
        [
          27.0,
          692.0
        ]
      ],
      "group_id": null,
      "shape_type": "polygon",
      "flags": {}
    },
    {
      "label": "oyster",
      "points": [
        [
          875.0,
          1320.0
        ],
        [
          777.0,
          1338.0
        ],
        [
          715.0,
          1355.0
        ],
        [
          662.0,
          1392.0
        ],
        [
          644.0,
          1442.0
        ],
        [
          631.0,
          1514.0
        ],
        [
          649.0,
          1560.0
        ],
        [
          672.0,
          1601.0
        ],
        [
          702.0,
          1650.0
        ],
        [
          720.0,
          1691.0
        ],
        [
          749.0,
          1741.0
        ],
        [
          793.0,
          1799.0
        ],
        [
          834.0,
          1818.0
        ],
        [
          973.0,
          1806.0
        ],
        [
          1007.0,
          1755.0
        ],
        [
          1036.0,
          1724.0
        ],
        [
          1086.0,
          1705.0
        ],
        [
          1166.0,
          1615.0
        ],
        [
          1208.0,
          1552.0
        ],
        [
          1223.0,
          1409.0
        ],
        [
          1182.0,
          1367.0
        ],
        [
          1122.0,
          1333.0
        ],
        [
          940.0,
          1328.0
        ]
      ],
      "group_id": null,
      "shape_type": "polygon",
      "flags": {}
    },
    {
      "label": "oyster",
      "points": [
        [
          764.0,
          59.0
        ],
        [
          576.0,
          63.0
        ],
        [
          434.0,
          117.0
        ],
        [
          392.0,
          253.0
        ],
        [
          364.0,
          405.0
        ],
        [
          396.0,
          527.0
        ],
        [
          358.0,
          585.0
        ],
        [
          440.0,
          677.0
        ],
        [
          548.0,
          709.0
        ],
        [
          700.0,
          689.0
        ],
        [
          736.0,
          671.0
        ],
        [
          782.0,
          601.0
        ],
        [
          830.0,
          543.0
        ],
        [
          876.0,
          503.0
        ],
        [
          1078.0,
          463.0
        ],
        [
          1000.0,
          253.0
        ],
        [
          820.0,
          75.0
        ]
      ],
      "group_id": null,
      "shape_type": "polygon",
      "flags": {}
    },
    {
      "label": "shell",
      "points": [
        [
          380.0,
          223.0
        ],
        [
          288.0,
          151.0
        ],
        [
          198.0,
          177.0
        ],
        [
          104.0,
          217.0
        ],
        [
          102.0,
          401.0
        ],
        [
          142.0,
          563.0
        ],
        [
          284.0,
          757.0
        ],
        [
          416.0,
          959.0
        ],
        [
          564.0,
          965.0
        ],
        [
          686.0,
          841.0
        ],
        [
          692.0,
          697.0
        ],
        [
          614.0,
          705.0
        ],
        [
          514.0,
          707.0
        ],
        [
          412.0,
          653.0
        ],
        [
          350.0,
          605.0
        ],
        [
          312.0,
          541.0
        ],
        [
          268.0,
          409.0
        ],
        [
          310.0,
          381.0
        ],
        [
          338.0,
          375.0
        ]
      ],
      "group_id": null,
      "shape_type": "polygon",
      "flags": {}
    }
  ],
  "imagePath": "49.jpg",
  "imageData": null,
  "imageHeight": 1920,
  "imageWidth": 1440
}