{
  "version": "4.5.6",
  "flags": {},
  "shapes": [
    {
      "label": "oyster",
      "points": [
        [
          133.0,
          603.0
        ],
        [
          47.0,
          642.0
        ],
        [
          26.0,
          687.0
        ],
        [
          14.0,
          1053.0
        ],
        [
          21.0,
          1432.0
        ],
        [
          39.0,
          1484.0
        ],
        [
          56.0,
          1531.0
        ],
        [
          108.0,
          1574.0
        ],
        [
          405.0,
          1587.0
        ],
        [
          460.0,
          1569.0
        ],
        [
          499.0,
          1551.0
        ],
        [
          558.0,
          1481.0
        ],
        [
          575.0,
          1396.0
        ],
        [
          565.0,
          1189.0
        ],
        [
          547.0,
          1137.0
        ],
        [
          529.0,
          1094.0
        ],
        [
          512.0,
          1037.0
        ],
        [
          494.0,
          986.0
        ],
        [
          477.0,
          942.0
        ],
        [
          450.0,
          896.0
        ],
        [
          373.0,
          803.0
        ],
        [
          318.0,
          731.0
        ],
        [
          227.0,
          632.0
        ]
      ],
      "group_id": null,
      "shape_type": "polygon",
      "flags": {}
    },
    {
      "label": "oyster",
      "points": [
        [
          1413.0,
          985.0
        ],
        [
          1336.0,
          1003.0
        ],
        [
          1288.0,
          1028.0
        ],
        [
          1240.0,
          1058.0
        ],
        [
          1190.0,
          1083.0
        ],
        [
          1128.0,
          1101.0
        ],
        [
          1076.0,
          1127.0
        ],
        [
          1022.0,
          1145.0
        ],
        [
          957.0,
          1167.0
        ],
        [
          923.0,
          1218.0
        ],
        [
          916.0,
          1307.0
        ],
        [
          948.0,
          1366.0
        ],
        [
          944.0,
          1497.0
        ],
        [
          966.0,
          1579.0
        ],
        [
          1020.0,
          1648.0
        ],
        [
          1086.0,
          1672.0
        ],
        [
          1229.0,
          1634.0
        ],
        [
          1276.0,
          1571.0
        ],
        [
          1361.0,
          1535.0
        ],
        [
          1378.0,
          1492.0
        ],
        [
          1411.0,
          1437.0
        ],
        [
          1441.0,
          1382.0
        ],
        [
          1424.0,
          985.0
        ]
      ],
      "group_id": null,
      "shape_type": "polygon",
      "flags": {}
    },
    {
      "label": "oyster",
      "points": [
        [
          1271.0,
          310.0
        ],
        [
          1079.0,
          326.0
        ],
        [
          1024.0,
          377.0
        ],
        [
          986.0,
          433.0
        ],
        [
          990.0,
          638.0
        ],
        [
          1028.0,
          698.0
        ],
        [
          1066.0,
          742.0
        ],
        [
          1094.0,
          786.0
        ],
        [
          1156.0,
          851.0
        ],
        [
          1232.0,
          869.0
        ],
        [
          1299.0,
          886.0
        ],
        [
          1357.0,
          905.0
        ],
        [
          1441.0,
          906.0
        ],
        [
          1416.0,
          314.0
        ]
      ],
      "group_id": null,
      "shape_type": "polygon",
      "flags": {}
    },
    {
      "label": "oyster",
      "points": [
        [
          623.0,
          0.0
        ],
        [
          556.0,
          40.0
        ],
        [
          539.0,
          125.0
        ],
        [
          533.0,
          281.0
        ],
        [
          577.0,
          305.0
        ],
        [
          600.0,
          359.0
        ],
        [
          638.0,
          437.0
        ],
        [
          663.0,
          478.0
        ],
        [
          860.0,
          506.0
        ],
        [
          940.0,
          468.0
        ],
        [
          979.0,
          411.0
        ],
        [
          1052.0,
          357.0
        ],
        [
          1106.0,
          334.0
        ],
        [
          1258.0,
          320.0
        ],
        [
          1283.0,
          272.0
        ],
        [
          1308.0,
          230.0
        ],
        [
          1283.0,
          172.0
        ],
        [
          1254.0,
          81.0
        ],
        [
          1235.0,
          41.0
        ],
        [
          1172.0,
          6.0
        ]
      ],
      "group_id": null,
      "shape_type": "polygon",
      "flags": {}
    },
    {
      "label": "oyster",
      "points": [
        [
          784.0,
          1359.0
        ],
        [
          710.0,
          1417.0
        ],
        [
          639.0,
          1500.0
        ],
        [
          590.0,
          1532.0
        ],
        [
          532.0,
          1554.0
        ],
        [
          488.0,
          1574.0
        ],
        [
          447.0,
          1592.0
        ],
        [
          431.0,
          1629.0
        ],
        [
          514.0,
          1656.0
        ],
        [
          587.0,
          1716.0
        ],
        [
          639.0,
          1735.0
        ],
        [
          798.0,
          1728.0
        ],
        [
          851.0,
          1689.0
        ],
        [
          882.0,
          1640.0
        ],
        [
          882.0,
          1477.0
        ],
        [
          852.0,
          1429.0
        ],
        [
          808.0,
          1368.0
        ]
      ],
      "group_id": null,
      "shape_type": "polygon",
      "flags": {}
    },
    {
      "label": "shell",
      "points": [
        [
          876.0,
          549.0
        ],
        [
          864.0,
          717.0
        ],
        [
          706.0,
          797.0
        ],
        [
          584.0,
          721.0
        ],
        [
          484.0,
          569.0
        ],
        [
          214.0,
          215.0
        ],
        [
          251,
          0
        ],
        [
          452.0,
          15.0
        ],
        [
          542.0,
          49.0
        ],
        [
          532.0,
          199.0
        ],
        [
          442.0,
          241.0
        ],
        [
          498.0,
          329.0
        ],
        [
          522.0,
          435.0
        ],
        [
          578.0,
          513.0
        ],
        [
          628.0,
          577.0
        ],
        [
          774.0,
          587.0
        ],
        [
          896.0,
          545.0
        ]
      ],
      "group_id": null,
      "shape_type": "polygon",
      "flags": {}
    }
  ],
  "imagePath": "52.jpg",
  "imageData": null,
  "imageHeight": 1920,
  "imageWidth": 1440
}