{
  "version": "4.5.6",
  "flags": {},
  "shapes": [
    {
      "label": "oyster",
      "points": [
        [
          182.0,
          708.0
        ],
        [
          121.0,
          736.0
        ],
        [
          102.0,
          781.0
        ],
        [
          86.0,
          1136.0
        ],
        [
          99.0,
          1506.0
        ],
        [
          117.0,
          1565.0
        ],
        [
          160.0,
          1655.0
        ],
        [
          240.0,
          1686.0
        ],
        [
          534.0,
          1685.0
        ],
        [
          598.0,
          1647.0
        ],
        [
          617.0,
          1602.0
        ],
        [
          619.0,
          1307.0
        ],
        [
          602.0,
          1244.0
        ],
        [
          584.0,
          1190.0
        ],
        [
          567.0,
          1132.0
        ],
        [
          548.0,
          1088.0
        ],
        [
          530.0,
          1050.0
        ],
        [
          505.0,
          1006.0
        ],
        [
          454.0,
          937.0
        ],
        [
          399.0,
          865.0
        ],
        [
          338.0,
          788.0
        ],
        [
          253.0,
          712.0
        ]
      ],
      "group_id": null,
      "shape_type": "polygon",
      "flags": {}
    },
    {
      "label": "oyster",
      "points": [
        [
          1008.0,
          828.0
        ],
        [
          960.0,
          871.0
        ],
        [
          943.0,
          913.0
        ],
        [
          925.0,
          960.0
        ],
        [
          940.0,
          1085.0
        ],
        [
          961.0,
          1159.0
        ],
        [
          989.0,
          1208.0
        ],
        [
          1124.0,
          1238.0
        ],
        [
          1168.0,
          1217.0
        ],
        [
          1210.0,
          1197.0
        ],
        [
          1258.0,
          1180.0
        ],
        [
          1283.0,
          1116.0
        ],
        [
          1247.0,
          1068.0
        ],
        [
          1188.0,
          1036.0
        ],
        [
          1135.0,
          973.0
        ],
        [
          1116.0,
          936.0
        ],
        [
          1094.0,
          894.0
        ],
        [
          1072.0,
          852.0
        ]
      ],
      "group_id": null,
      "shape_type": "polygon",
      "flags": {}
    },
    {
      "label": "oyster",
      "points": [
        [
          876.0,
          13.0
        ],
        [
          727.0,
          31.0
        ],
        [
          659.0,
          90.0
        ],
        [
          625.0,
          157.0
        ],
        [
          600.0,
          231.0
        ],
        [
          582.0,
          350.0
        ],
        [
          644.0,
          425.0
        ],
        [
          743.0,
          452.0
        ],
        [
          863.0,
          488.0
        ],
        [
          919.0,
          511.0
        ],
        [
          1023.0,
          529.0
        ],
        [
          1087.0,
          488.0
        ],
        [
          1133.0,
          463.0
        ],
        [
          1180.0,
          445.0
        ],
        [
          1304.0,
          426.0
        ],
        [
          1364.0,
          408.0
        ],
        [
          1403.0,
          380.0
        ],
        [
          1422.0,
          42.0
        ]
      ],
      "group_id": null,
      "shape_type": "polygon",
      "flags": {}
    },
    {
      "label": "oyster",
      "points": [
        [
          1245.0,
          424.0
        ],
        [
          1182.0,
          442.0
        ],
        [
          1131.0,
          467.0
        ],
        [
          1079.0,
          507.0
        ],
        [
          1030.0,
          572.0
        ],
        [
          1020.0,
          668.0
        ],
        [
          1037.0,
          786.0
        ],
        [
          1072.0,
          843.0
        ],
        [
          1100.0,
          883.0
        ],
        [
          1133.0,
          938.0
        ],
        [
          1187.0,
          997.0
        ],
        [
          1225.0,
          1018.0
        ],
        [
          1270.0,
          1038.0
        ],
        [
          1349.0,
          1093.0
        ],
        [
          1428.0,
          1057.0
        ],
        [
          1426.0,
          475.0
        ],
        [
          1362.0,
          442.0
        ],
        [
          1280.0,
          424.0
        ]
      ],
      "group_id": null,
      "shape_type": "polygon",
      "flags": {}
    },
    {
      "label": "oyster",
      "points": [
        [
          1412.0,
          1109.0
        ],
        [
          1358.0,
          1131.0
        ],
        [
          1319.0,
          1171.0
        ],
        [
          1259.0,
          1211.0
        ],
        [
          1204.0,
          1226.0
        ],
        [
          1156.0,
          1244.0
        ],
        [
          1082.0,
          1261.0
        ],
        [
          1009.0,
          1278.0
        ],
        [
          960.0,
          1365.0
        ],
        [
          964.0,
          1411.0
        ],
        [
          981.0,
          1457.0
        ],
        [
          986.0,
          1632.0
        ],
        [
          1008.0,
          1679.0
        ],
        [
          1056.0,
          1736.0
        ],
        [
          1219.0,
          1757.0
        ],
        [
          1260.0,
          1724.0
        ],
        [
          1278.0,
          1681.0
        ],
        [
          1345.0,
          1655.0
        ],
        [
          1392.0,
          1603.0
        ],
        [
          1412.0,
          1563.0
        ],
        [
          1430.0,
          1524.0
        ],
        [
          1416.0,
          1112.0
        ]
      ],
      "group_id": null,
      "shape_type": "polygon",
      "flags": {}
    },
    {
      "label": "oyster",
      "points": [
        [
          833.0,
          1458.0
        ],
        [
          782.0,
          1502.0
        ],
        [
          753.0,
          1549.0
        ],
        [
          706.0,
          1605.0
        ],
        [
          630.0,
          1655.0
        ],
        [
          607.0,
          1737.0
        ],
        [
          630.0,
          1793.0
        ],
        [
          676.0,
          1822.0
        ],
        [
          814.0,
          1835.0
        ],
        [
          863.0,
          1817.0
        ],
        [
          921.0,
          1763.0
        ],
        [
          946.0,
          1720.0
        ],
        [
          939.0,
          1580.0
        ],
        [
          915.0,
          1538.0
        ],
        [
          880.0,
          1484.0
        ]
      ],
      "group_id": null,
      "shape_type": "polygon",
      "flags": {}
    },
    {
      "label": "oyster",
      "points": [
        [
          567.0,
          411.0
        ],
        [
          550.0,
          487.0
        ],
        [
          578.0,
          539.0
        ],
        [
          624.0,
          599.0
        ],
        [
          644.0,
          642.0
        ],
        [
          794.0,
          663.0
        ],
        [
          910.0,
          646.0
        ],
        [
          959.0,
          619.0
        ],
        [
          989.0,
          522.0
        ],
        [
          952.0,
          448.0
        ],
        [
          912.0,
          420.0
        ],
        [
          792.0,
          419.0
        ],
        [
          726.0,
          446.0
        ],
        [
          617.0,
          444.0
        ]
      ],
      "group_id": null,
      "shape_type": "polygon",
      "flags": {}
    },
    {
      "label": "oyster",
      "points": [
        [
          164.0,
          1583.0
        ],
        [
          191.0,
          1671.0
        ],
        [
          210.0,
          1602.0
        ]
      ],
      "group_id": null,
      "shape_type": "polygon",
      "flags": {}
    },
    {
      "label": "oyster",
      "points": [
        [
          1076.0,
          528.0
        ],
        [
          1084.0,
          531.0
        ]
      ],
      "group_id": null,
      "shape_type": "polygon",
      "flags": {}
    },
    {
      "label": "shell",
      "points": [
        [
          938.0,
          677.0
        ],
        [
          866.0,
          845.0
        ],
        [
          760.0,
          913.0
        ],
        [
          664.0,
          863.0
        ],
        [
          420.0,
          501.0
        ],
        [
          326.0,
          381.0
        ],
        [
          360.0,
          159.0
        ],
        [
          442.0,
          99.0
        ],
        [
          582.0,
          171.0
        ],
        [
          572.0,
          311.0
        ],
        [
          502.0,
          371.0
        ],
        [
          514.0,
          421.0
        ],
        [
          582.0,
          581.0
        ],
        [
          680.0,
          677.0
        ],
        [
          844.0,
          671.0
        ],
        [
          962.0,
          661.0
        ]
      ],
      "group_id": null,
      "shape_type": "polygon",
      "flags": {}
    }
  ],
  "imagePath": "53.jpg",
  "imageData": null,
  "imageHeight": 1920,
  "imageWidth": 1440
}