{
  "version": "4.5.6",
  "flags": {},
  "shapes": [
    {
      "label": "oyster",
      "points": [
        [
          286.0,
          905.0
        ],
        [
          187.0,
          946.0
        ],
        [
          170.0,
          1049.0
        ],
        [
          154.0,
          1306.0
        ],
        [
          141.0,
          1470.0
        ],
        [
          149.0,
          1649.0
        ],
        [
          170.0,
          1752.0
        ],
        [
          192.0,
          1794.0
        ],
        [
          538.0,
          1813.0
        ],
        [
          667.0,
          1782.0
        ],
        [
          684.0,
          1720.0
        ],
        [
          686.0,
          1497.0
        ],
        [
          669.0,
          1436.0
        ],
        [
          651.0,
          1384.0
        ],
        [
          634.0,
          1315.0
        ],
        [
          616.0,
          1272.0
        ],
        [
          599.0,
          1226.0
        ],
        [
          558.0,
          1162.0
        ],
        [
          522.0,
          1108.0
        ],
        [
          483.0,
          1052.0
        ],
        [
          422.0,
          979.0
        ],
        [
          344.0,
          914.0
        ]
      ],
      "group_id": null,
      "shape_type": "polygon",
      "flags": {}
    },
    {
      "label": "oyster",
      "points": [
        [
          952.0,
          181.0
        ],
        [
          868.0,
          199.0
        ],
        [
          816.0,
          217.0
        ],
        [
          748.0,
          257.0
        ],
        [
          711.0,
          319.0
        ],
        [
          680.0,
          383.0
        ],
        [
          657.0,
          446.0
        ],
        [
          633.0,
          506.0
        ],
        [
          604.0,
          554.0
        ],
        [
          620.0,
          663.0
        ],
        [
          655.0,
          717.0
        ],
        [
          736.0,
          779.0
        ],
        [
          781.0,
          798.0
        ],
        [
          836.0,
          817.0
        ],
        [
          980.0,
          802.0
        ],
        [
          1028.0,
          776.0
        ],
        [
          1109.0,
          709.0
        ],
        [
          1169.0,
          662.0
        ],
        [
          1232.0,
          631.0
        ],
        [
          1283.0,
          606.0
        ],
        [
          1329.0,
          589.0
        ],
        [
          1375.0,
          569.0
        ],
        [
          1408.0,
          435.0
        ],
        [
          1389.0,
          266.0
        ],
        [
          1357.0,
          229.0
        ],
        [
          1290.0,
          199.0
        ],
        [
          1004.0,
          184.0
        ]
      ],
      "group_id": null,
      "shape_type": "polygon",
      "flags": {}
    },
    {
      "label": "oyster",
      "points": [
        [
          1280.0,
          617.0
        ],
        [
          1211.0,
          640.0
        ],
        [
          1161.0,
          669.0
        ],
        [
          1113.0,
          720.0
        ],
        [
          1094.0,
          757.0
        ],
        [
          1076.0,
          817.0
        ],
        [
          1092.0,
          962.0
        ],
        [
          1112.0,
          1021.0
        ],
        [
          1147.0,
          1074.0
        ],
        [
          1171.0,
          1118.0
        ],
        [
          1210.0,
          1175.0
        ],
        [
          1261.0,
          1204.0
        ],
        [
          1313.0,
          1231.0
        ],
        [
          1407.0,
          1246.0
        ],
        [
          1422.0,
          655.0
        ],
        [
          1374.0,
          629.0
        ]
      ],
      "group_id": null,
      "shape_type": "polygon",
      "flags": {}
    },
    {
      "label": "oyster",
      "points": [
        [
          1211.0,
          1437.0
        ],
        [
          1060.0,
          1455.0
        ],
        [
          1012.0,
          1477.0
        ],
        [
          965.0,
          1529.0
        ],
        [
          956.0,
          1639.0
        ],
        [
          983.0,
          1686.0
        ],
        [
          1001.0,
          1729.0
        ],
        [
          1021.0,
          1773.0
        ],
        [
          1038.0,
          1814.0
        ],
        [
          1105.0,
          1888.0
        ],
        [
          1302.0,
          1874.0
        ],
        [
          1329.0,
          1805.0
        ],
        [
          1392.0,
          1786.0
        ],
        [
          1432.0,
          1729.0
        ],
        [
          1410.0,
          1460.0
        ],
        [
          1352.0,
          1442.0
        ]
      ],
      "group_id": null,
      "shape_type": "polygon",
      "flags": {}
    },
    {
      "label": "oyster",
      "points": [
        [
          22.0,
          935.0
        ],
        [
          12.0,
          1677.0
        ],
        [
          141.0,
          1639.0
        ],
        [
          137.0,
          1456.0
        ],
        [
          139.0,
          1334.0
        ],
        [
          156.0,
          1248.0
        ],
        [
          148.0,
          1012.0
        ],
        [
          104.0,
          953.0
        ]
      ],
      "group_id": null,
      "shape_type": "polygon",
      "flags": {}
    },
    {
      "label": "oyster",
      "points": [
        [
          11.0,
          3.0
        ],
        [
          2.0,
          149.0
        ],
        [
          130.0,
          89.0
        ],
        [
          158.0,
          7.0
        ]
      ],
      "group_id": null,
      "shape_type": "polygon",
      "flags": {}
    },
    {
      "label": "shell",
      "points": [
        [
          962.0,
          843.0
        ],
        [
          930.0,
          1001.0
        ],
        [
          826.0,
          1073.0
        ],
        [
          746.0,
          1045.0
        ],
        [
          636.0,
          901.0
        ],
        [
          526.0,
          763.0
        ],
        [
          422.0,
          629.0
        ],
        [
          380.0,
          481.0
        ],
        [
          404.0,
          351.0
        ],
        [
          498.0,
          287.0
        ],
        [
          660.0,
          349.0
        ],
        [
          670.0,
          381.0
        ],
        [
          620.0,
          509.0
        ],
        [
          572.0,
          577.0
        ],
        [
          600.0,
          627.0
        ],
        [
          642.0,
          707.0
        ],
        [
          686.0,
          775.0
        ],
        [
          764.0,
          815.0
        ],
        [
          874.0,
          841.0
        ]
      ],
      "group_id": null,
      "shape_type": "polygon",
      "flags": {}
    }
  ],
  "imagePath": "54.jpg",
  "imageData": null,
  "imageHeight": 1920,
  "imageWidth": 1440
}