{
  "version": "4.5.6",
  "flags": {},
  "shapes": [
    {
      "label": "oyster",
      "points": [
        [
          1161.0,
          219.0
        ],
        [
          1095.0,
          237.0
        ],
        [
          1019.0,
          302.0
        ],
        [
          981.0,
          357.0
        ],
        [
          960.0,
          398.0
        ],
        [
          939.0,
          445.0
        ],
        [
          921.0,
          503.0
        ],
        [
          917.0,
          646.0
        ],
        [
          925.0,
          734.0
        ],
        [
          1012.0,
          812.0
        ],
        [
          1063.0,
          844.0
        ],
        [
          1155.0,
          836.0
        ],
        [
          1204.0,
          816.0
        ],
        [
          1252.0,
          798.0
        ],
        [
          1326.0,
          781.0
        ],
        [
          1393.0,
          714.0
        ],
        [
          1431.0,
          440.0
        ],
        [
          1414.0,
          344.0
        ],
        [
          1390.0,
          301.0
        ],
        [
          1347.0,
          265.0
        ],
        [
          1304.0,
          248.0
        ],
        [
          1251.0,
          230.0
        ]
      ],
      "group_id": null,
      "shape_type": "polygon",
      "flags": {}
    },
    {
      "label": "oyster",
      "points": [
        [
          530.0,
          894.0
        ],
        [
          463.0,
          922.0
        ],
        [
          437.0,
          970.0
        ],
        [
          419.0,
          1037.0
        ],
        [
          402.0,
          1131.0
        ],
        [
          384.0,
          1279.0
        ],
        [
          367.0,
          1436.0
        ],
        [
          389.0,
          1706.0
        ],
        [
          455.0,
          1763.0
        ],
        [
          501.0,
          1784.0
        ],
        [
          848.0,
          1781.0
        ],
        [
          880.0,
          1737.0
        ],
        [
          900.0,
          1671.0
        ],
        [
          904.0,
          1468.0
        ],
        [
          887.0,
          1407.0
        ],
        [
          869.0,
          1356.0
        ],
        [
          852.0,
          1252.0
        ],
        [
          832.0,
          1212.0
        ],
        [
          777.0,
          1139.0
        ],
        [
          732.0,
          1077.0
        ],
        [
          702.0,
          1029.0
        ],
        [
          657.0,
          967.0
        ],
        [
          594.0,
          902.0
        ]
      ],
      "group_id": null,
      "shape_type": "polygon",
      "flags": {}
    },
    {
      "label": "oyster",
      "points": [
        [
          1316.0,
          1458.0
        ],
        [
          1259.0,
          1494.0
        ],
        [
          1209.0,
          1524.0
        ],
        [
          1167.0,
          1642.0
        ],
        [
          1184.0,
          1692.0
        ],
        [
          1202.0,
          1739.0
        ],
        [
          1219.0,
          1792.0
        ],
        [
          1238.0,
          1840.0
        ],
        [
          1292.0,
          1894.0
        ],
        [
          1343.0,
          1912.0
        ],
        [
          1441.0,
          1460.0
        ]
      ],
      "group_id": null,
      "shape_type": "polygon",
      "flags": {}
    },
    {
      "label": "oyster",
      "points": [
        [
          248.0,
          943.0
        ],
        [
          110.0,
          966.0
        ],
        [
          51.0,
          1007.0
        ],
        [
          33.0,
          1082.0
        ],
        [
          16.0,
          1138.0
        ],
        [
          26.0,
          1369.0
        ],
        [
          59.0,
          1429.0
        ],
        [
          90.0,
          1475.0
        ],
        [
          107.0,
          1565.0
        ],
        [
          121.0,
          1657.0
        ],
        [
          228.0,
          1673.0
        ],
        [
          311.0,
          1654.0
        ],
        [
          352.0,
          1619.0
        ],
        [
          354.0,
          1417.0
        ],
        [
          364.0,
          1293.0
        ],
        [
          373.0,
          1168.0
        ],
        [
          355.0,
          1113.0
        ],
        [
          338.0,
          1022.0
        ],
        [
          317.0,
          948.0
        ]
      ],
      "group_id": null,
      "shape_type": "polygon",
      "flags": {}
    },
    {
      "label": "oyster",
      "points": [
        [
          1066.0,
          1590.0
        ],
        [
          1016.0,
          1635.0
        ],
        [
          970.0,
          1701.0
        ],
        [
          922.0,
          1730.0
        ],
        [
          873.0,
          1781.0
        ],
        [
          855.0,
          1832.0
        ],
        [
          877.0,
          1903.0
        ],
        [
          1141.0,
          1872.0
        ],
        [
          1159.0,
          1832.0
        ],
        [
          1162.0,
          1719.0
        ],
        [
          1144.0,
          1675.0
        ],
        [
          1123.0,
          1634.0
        ]
      ],
      "group_id": null,
      "shape_type": "polygon",
      "flags": {}
    },
    {
      "label": "oyster",
      "points": [
        [
          41.0,
          2.0
        ],
        [
          75.0,
          152.0
        ],
        [
          153.0,
          131.0
        ],
        [
          179.0,
          83.0
        ],
        [
          214.0,
          1.0
        ]
      ],
      "group_id": null,
      "shape_type": "polygon",
      "flags": {}
    },
    {
      "label": "oyster",
      "points": [
        [
          242.0,
          5.0
        ],
        [
          230.0,
          89.0
        ],
        [
          256.0,
          141.0
        ],
        [
          292.0,
          151.0
        ],
        [
          468.0,
          0.0
        ]
      ],
      "group_id": null,
      "shape_type": "polygon",
      "flags": {}
    },
    {
      "label": "oyster",
      "points": [
        [
          1438.0,
          693.0
        ],
        [
          1344.0,
          801.0
        ],
        [
          1304.0,
          861.0
        ],
        [
          1340.0,
          1073.0
        ],
        [
          1422.0,
          1199.0
        ],
        [
          1439.0,
          765.0
        ]
      ],
      "group_id": null,
      "shape_type": "polygon",
      "flags": {}
    },
    {
      "label": "shell",
      "points": [
        [
          1172.0,
          859.0
        ],
        [
          1164.0,
          1025.0
        ],
        [
          1108.0,
          1071.0
        ],
        [
          1046.0,
          1081.0
        ],
        [
          982.0,
          1039.0
        ],
        [
          826.0,
          843.0
        ],
        [
          688.0,
          667.0
        ],
        [
          696.0,
          381.0
        ],
        [
          780.0,
          309.0
        ],
        [
          928.0,
          401.0
        ],
        [
          924.0,
          529.0
        ],
        [
          858.0,
          567.0
        ],
        [
          872.0,
          721.0
        ],
        [
          950.0,
          785.0
        ],
        [
          1032.0,
          851.0
        ],
        [
          1158.0,
          841.0
        ]
      ],
      "group_id": null,
      "shape_type": "polygon",
      "flags": {}
    }
  ],
  "imagePath": "57.jpg",
  "imageData": null,
  "imageHeight": 1920,
  "imageWidth": 1440
}