{
  "version": "4.5.6",
  "flags": {},
  "shapes": [
    {
      "label": "oyster",
      "points": [
        [
          1254.0,
          170.0
        ],
        [
          1186.0,
          188.0
        ],
        [
          1103.0,
          278.0
        ],
        [
          1068.0,
          330.0
        ],
        [
          1048.0,
          371.0
        ],
        [
          1027.0,
          426.0
        ],
        [
          1010.0,
          476.0
        ],
        [
          967.0,
          537.0
        ],
        [
          966.0,
          615.0
        ],
        [
          985.0,
          680.0
        ],
        [
          1064.0,
          759.0
        ],
        [
          1122.0,
          799.0
        ],
        [
          1200.0,
          816.0
        ],
        [
          1280.0,
          798.0
        ],
        [
          1336.0,
          767.0
        ],
        [
          1360.0,
          723.0
        ],
        [
          1382.0,
          680.0
        ],
        [
          1426.0,
          626.0
        ],
        [
          1400.0,
          201.0
        ],
        [
          1334.0,
          182.0
        ]
      ],
      "group_id": null,
      "shape_type": "polygon",
      "flags": {}
    },
    {
      "label": "oyster",
      "points": [
        [
          631.0,
          853.0
        ],
        [
          570.0,
          871.0
        ],
        [
          523.0,
          915.0
        ],
        [
          505.0,
          965.0
        ],
        [
          488.0,
          1040.0
        ],
        [
          470.0,
          1170.0
        ],
        [
          453.0,
          1256.0
        ],
        [
          435.0,
          1314.0
        ],
        [
          436.0,
          1484.0
        ],
        [
          454.0,
          1628.0
        ],
        [
          507.0,
          1703.0
        ],
        [
          554.0,
          1759.0
        ],
        [
          598.0,
          1779.0
        ],
        [
          890.0,
          1777.0
        ],
        [
          943.0,
          1760.0
        ],
        [
          977.0,
          1702.0
        ],
        [
          986.0,
          1460.0
        ],
        [
          968.0,
          1385.0
        ],
        [
          951.0,
          1320.0
        ],
        [
          933.0,
          1261.0
        ],
        [
          910.0,
          1205.0
        ],
        [
          887.0,
          1165.0
        ],
        [
          854.0,
          1114.0
        ],
        [
          833.0,
          1074.0
        ],
        [
          808.0,
          1028.0
        ],
        [
          768.0,
          971.0
        ],
        [
          735.0,
          920.0
        ],
        [
          669.0,
          859.0
        ]
      ],
      "group_id": null,
      "shape_type": "polygon",
      "flags": {}
    },
    {
      "label": "oyster",
      "points": [
        [
          1153.0,
          1580.0
        ],
        [
          1106.0,
          1616.0
        ],
        [
          1084.0,
          1662.0
        ],
        [
          1041.0,
          1713.0
        ],
        [
          979.0,
          1773.0
        ],
        [
          946.0,
          1877.0
        ],
        [
          1215.0,
          1883.0
        ],
        [
          1237.0,
          1840.0
        ],
        [
          1241.0,
          1683.0
        ],
        [
          1211.0,
          1632.0
        ],
        [
          1159.0,
          1581.0
        ]
      ],
      "group_id": null,
      "shape_type": "polygon",
      "flags": {}
    },
    {
      "label": "oyster",
      "points": [
        [
          1441.0,
          960.0
        ],
        [
          1346.0,
          999.0
        ],
        [
          1312.0,
          1151.0
        ],
        [
          1322.0,
          1355.0
        ],
        [
          1436.0,
          1415.0
        ]
      ],
      "group_id": null,
      "shape_type": "polygon",
      "flags": {}
    },
    {
      "label": "oyster",
      "points": [
        [
          342.0,
          900.0
        ],
        [
          213.0,
          918.0
        ],
        [
          172.0,
          935.0
        ],
        [
          119.0,
          984.0
        ],
        [
          97.0,
          1031.0
        ],
        [
          79.0,
          1086.0
        ],
        [
          62.0,
          1137.0
        ],
        [
          2.0,
          1221.0
        ],
        [
          0.0,
          1323.0
        ],
        [
          22.0,
          1371.0
        ],
        [
          24.0,
          1447.0
        ],
        [
          18.0,
          1549.0
        ],
        [
          111.0,
          1612.0
        ],
        [
          104.0,
          1641.0
        ],
        [
          313.0,
          1655.0
        ],
        [
          388.0,
          1638.0
        ],
        [
          418.0,
          1600.0
        ],
        [
          421.0,
          1416.0
        ],
        [
          427.0,
          1290.0
        ],
        [
          444.0,
          1231.0
        ],
        [
          442.0,
          1056.0
        ],
        [
          424.0,
          1003.0
        ],
        [
          404.0,
          920.0
        ]
      ],
      "group_id": null,
      "shape_type": "polygon",
      "flags": {}
    },
    {
      "label": "oyster",
      "points": [
        [
          691.0,
          1.0
        ],
        [
          580.0,
          31.0
        ],
        [
          523.0,
          107.0
        ],
        [
          566.0,
          153.0
        ],
        [
          649.0,
          136.0
        ],
        [
          699.0,
          118.0
        ],
        [
          795.0,
          123.0
        ],
        [
          834.0,
          143.0
        ],
        [
          874.0,
          182.0
        ],
        [
          893.0,
          236.0
        ],
        [
          942.0,
          269.0
        ],
        [
          1027.0,
          299.0
        ],
        [
          1085.0,
          268.0
        ],
        [
          1143.0,
          109.0
        ],
        [
          1089.0,
          26.0
        ],
        [
          1029.0,
          6.0
        ]
      ],
      "group_id": null,
      "shape_type": "polygon",
      "flags": {}
    },
    {
      "label": "oyster",
      "points": [
        [
          1423.0,
          1436.0
        ],
        [
          1374.0,
          1468.0
        ],
        [
          1320.0,
          1494.0
        ],
        [
          1274.0,
          1515.0
        ],
        [
          1229.0,
          1554.0
        ],
        [
          1238.0,
          1637.0
        ],
        [
          1256.0,
          1681.0
        ],
        [
          1273.0,
          1734.0
        ],
        [
          1291.0,
          1787.0
        ],
        [
          1310.0,
          1828.0
        ],
        [
          1361.0,
          1873.0
        ],
        [
          1434.0,
          1867.0
        ]
      ],
      "group_id": null,
      "shape_type": "polygon",
      "flags": {}
    },
    {
      "label": "oyster",
      "points": [
        [
          82.0,
          3.0
        ],
        [
          29.0,
          134.0
        ],
        [
          128.0,
          116.0
        ],
        [
          194.0,
          99.0
        ],
        [
          240.0,
          46.0
        ],
        [
          213.0,
          5.0
        ]
      ],
      "group_id": null,
      "shape_type": "polygon",
      "flags": {}
    },
    {
      "label": "oyster",
      "points": [
        [
          348.0,
          127.0
        ],
        [
          276.0,
          51.0
        ],
        [
          288.0,
          5.0
        ],
        [
          534.0,
          1.0
        ],
        [
          444.0,
          101.0
        ]
      ],
      "group_id": null,
      "shape_type": "polygon",
      "flags": {}
    },
    {
      "label": "shell",
      "points": [
        [
          1276.0,
          823.0
        ],
        [
          1262.0,
          955.0
        ],
        [
          1180.0,
          1067.0
        ],
        [
          1050.0,
          1027.0
        ],
        [
          946.0,
          879.0
        ],
        [
          742.0,
          547.0
        ],
        [
          782.0,
          291.0
        ],
        [
          894.0,
          255.0
        ],
        [
          1032.0,
          347.0
        ],
        [
          1016.0,
          403.0
        ],
        [
          996.0,
          499.0
        ],
        [
          954.0,
          587.0
        ],
        [
          968.0,
          707.0
        ],
        [
          1038.0,
          763.0
        ],
        [
          1130.0,
          811.0
        ],
        [
          1236.0,
          829.0
        ]
      ],
      "group_id": null,
      "shape_type": "polygon",
      "flags": {}
    }
  ],
  "imagePath": "58.jpg",
  "imageData": null,
  "imageHeight": 1920,
  "imageWidth": 1440
}