{
  "version": "4.5.6",
  "flags": {},
  "shapes": [
    {
      "label": "oyster",
      "points": [
        [
          1281.0,
          213.0
        ],
        [
          1207.0,
          231.0
        ],
        [
          1142.0,
          300.0
        ],
        [
          1104.0,
          355.0
        ],
        [
          1079.0,
          398.0
        ],
        [
          1058.0,
          440.0
        ],
        [
          1041.0,
          485.0
        ],
        [
          1023.0,
          551.0
        ],
        [
          994.0,
          621.0
        ],
        [
          1026.0,
          749.0
        ],
        [
          1074.0,
          795.0
        ],
        [
          1135.0,
          843.0
        ],
        [
          1275.0,
          858.0
        ],
        [
          1319.0,
          839.0
        ],
        [
          1391.0,
          772.0
        ],
        [
          1410.0,
          731.0
        ],
        [
          1430.0,
          540.0
        ],
        [
          1400.0,
          239.0
        ],
        [
          1324.0,
          222.0
        ]
      ],
      "group_id": null,
      "shape_type": "polygon",
      "flags": {}
    },
    {
      "label": "oyster",
      "points": [
        [
          651.0,
          867.0
        ],
        [
          605.0,
          886.0
        ],
        [
          564.0,
          934.0
        ],
        [
          544.0,
          979.0
        ],
        [
          527.0,
          1036.0
        ],
        [
          509.0,
          1112.0
        ],
        [
          492.0,
          1264.0
        ],
        [
          474.0,
          1340.0
        ],
        [
          473.0,
          1594.0
        ],
        [
          491.0,
          1667.0
        ],
        [
          543.0,
          1717.0
        ],
        [
          594.0,
          1748.0
        ],
        [
          630.0,
          1802.0
        ],
        [
          684.0,
          1827.0
        ],
        [
          1010.0,
          1797.0
        ],
        [
          1010.0,
          1486.0
        ],
        [
          993.0,
          1409.0
        ],
        [
          975.0,
          1317.0
        ],
        [
          958.0,
          1267.0
        ],
        [
          918.0,
          1210.0
        ],
        [
          870.0,
          1146.0
        ],
        [
          849.0,
          1108.0
        ],
        [
          827.0,
          1068.0
        ],
        [
          787.0,
          1011.0
        ],
        [
          760.0,
          965.0
        ],
        [
          724.0,
          912.0
        ],
        [
          682.0,
          872.0
        ]
      ],
      "group_id": null,
      "shape_type": "polygon",
      "flags": {}
    },
    {
      "label": "oyster",
      "points": [
        [
          1182.0,
          1639.0
        ],
        [
          1142.0,
          1677.0
        ],
        [
          1109.0,
          1734.0
        ],
        [
          1053.0,
          1783.0
        ],
        [
          1009.0,
          1830.0
        ],
        [
          987.0,
          1878.0
        ],
        [
          1287.0,
          1901.0
        ],
        [
          1288.0,
          1752.0
        ],
        [
          1253.0,
          1696.0
        ],
        [
          1219.0,
          1645.0
        ]
      ],
      "group_id": null,
      "shape_type": "polygon",
      "flags": {}
    },
    {
      "label": "oyster",
      "points": [
        [
          16.0,
          1.0
        ],
        [
          10.0,
          203.0
        ],
        [
          147.0,
          183.0
        ],
        [
          190.0,
          165.0
        ],
        [
          261.0,
          93.0
        ],
        [
          292.0,
          5.0
        ]
      ],
      "group_id": null,
      "shape_type": "polygon",
      "flags": {}
    },
    {
      "label": "oyster",
      "points": [
        [
          1287.0,
          1575.0
        ],
        [
          1256.0,
          1651.0
        ],
        [
          1275.0,
          1708.0
        ],
        [
          1298.0,
          1757.0
        ],
        [
          1315.0,
          1801.0
        ],
        [
          1333.0,
          1844.0
        ],
        [
          1353.0,
          1882.0
        ],
        [
          1436.0,
          1894.0
        ],
        [
          1404.0,
          1605.0
        ],
        [
          1330.0,
          1593.0
        ]
      ],
      "group_id": null,
      "shape_type": "polygon",
      "flags": {}
    },
    {
      "label": "oyster",
      "points": [
        [
          352.0,
          972.0
        ],
        [
          240.0,
          991.0
        ],
        [
          199.0,
          1028.0
        ],
        [
          126.0,
          1101.0
        ],
        [
          108.0,
          1142.0
        ],
        [
          87.0,
          1193.0
        ],
        [
          70.0,
          1242.0
        ],
        [
          18.0,
          1289.0
        ],
        [
          42.0,
          1343.0
        ],
        [
          46.0,
          1379.0
        ],
        [
          46.0,
          1431.0
        ],
        [
          20.0,
          1513.0
        ],
        [
          56.0,
          1617.0
        ],
        [
          136.0,
          1706.0
        ],
        [
          257.0,
          1730.0
        ],
        [
          393.0,
          1713.0
        ],
        [
          443.0,
          1680.0
        ],
        [
          460.0,
          1585.0
        ],
        [
          444.0,
          1450.0
        ],
        [
          459.0,
          1343.0
        ],
        [
          477.0,
          1263.0
        ],
        [
          460.0,
          1157.0
        ],
        [
          442.0,
          1120.0
        ],
        [
          425.0,
          1052.0
        ],
        [
          407.0,
          985.0
        ]
      ],
      "group_id": null,
      "shape_type": "polygon",
      "flags": {}
    },
    {
      "label": "oyster",
      "points": [
        [
          731.0,
          17.0
        ],
        [
          569.0,
          111.0
        ],
        [
          503.0,
          192.0
        ],
        [
          565.0,
          214.0
        ],
        [
          673.0,
          202.0
        ],
        [
          739.0,
          184.0
        ],
        [
          827.0,
          199.0
        ],
        [
          877.0,
          246.0
        ],
        [
          915.0,
          321.0
        ],
        [
          958.0,
          344.0
        ],
        [
          1061.0,
          374.0
        ],
        [
          1123.0,
          318.0
        ],
        [
          1166.0,
          263.0
        ],
        [
          1175.0,
          177.0
        ],
        [
          1156.0,
          135.0
        ],
        [
          1117.0,
          86.0
        ],
        [
          1176.0,
          43.0
        ]
      ],
      "group_id": null,
      "shape_type": "polygon",
      "flags": {}
    },
    {
      "label": "oyster",
      "points": [
        [
          1429.0,
          1028.0
        ],
        [
          1374.0,
          1075.0
        ],
        [
          1369.0,
          1385.0
        ],
        [
          1407.0,
          1441.0
        ]
      ],
      "group_id": null,
      "shape_type": "polygon",
      "flags": {}
    },
    {
      "label": "oyster",
      "points": [
        [
          318.0,
          11.0
        ],
        [
          308.0,
          83.0
        ],
        [
          302.0,
          143.0
        ],
        [
          362.0,
          185.0
        ],
        [
          434.0,
          147.0
        ],
        [
          562.0,
          1.0
        ]
      ],
      "group_id": null,
      "shape_type": "polygon",
      "flags": {}
    },
    {
      "label": "shell",
      "points": [
        [
          1310.0,
          899.0
        ],
        [
          1304.0,
          1039.0
        ],
        [
          1224.0,
          1115.0
        ],
        [
          1154.0,
          1115.0
        ],
        [
          1044.0,
          1059.0
        ],
        [
          926.0,
          869.0
        ],
        [
          754.0,
          633.0
        ],
        [
          768.0,
          417.0
        ],
        [
          924.0,
          313.0
        ],
        [
          1062.0,
          435.0
        ],
        [
          1012.0,
          589.0
        ],
        [
          974.0,
          599.0
        ],
        [
          998.0,
          767.0
        ],
        [
          1040.0,
          847.0
        ],
        [
          1172.0,
          887.0
        ]
      ],
      "group_id": null,
      "shape_type": "polygon",
      "flags": {}
    }
  ],
  "imagePath": "59.jpg",
  "imageData": null,
  "imageHeight": 1920,
  "imageWidth": 1440
}