{
  "version": "4.5.6",
  "flags": {},
  "shapes": [
    {
      "label": "oyster",
      "points": [
        [
          1000.0,
          1519.0
        ],
        [
          881.0,
          1537.0
        ],
        [
          843.0,
          1556.0
        ],
        [
          797.0,
          1583.0
        ],
        [
          746.0,
          1615.0
        ],
        [
          696.0,
          1648.0
        ],
        [
          642.0,
          1683.0
        ],
        [
          575.0,
          1730.0
        ],
        [
          498.0,
          1807.0
        ],
        [
          572.0,
          1917.0
        ],
        [
          1026.0,
          1919.0
        ],
        [
          1286.0,
          1915.0
        ],
        [
          1432.0,
          1917.0
        ],
        [
          1436.0,
          1783.0
        ],
        [
          1438.0,
          1471.0
        ]
      ],
      "group_id": null,
      "shape_type": "polygon",
      "flags": {}
    },
    {
      "label": "oyster",
      "points": [
        [
          463.0,
          1372.0
        ],
        [
          400.0,
          1393.0
        ],
        [
          336.0,
          1439.0
        ],
        [
          263.0,
          1517.0
        ],
        [
          198.0,
          1595.0
        ],
        [
          180.0,
          1700.0
        ],
        [
          150.0,
          1783.0
        ],
        [
          158.0,
          1887.0
        ],
        [
          328.0,
          1867.0
        ],
        [
          454.0,
          1815.0
        ],
        [
          524.0,
          1764.0
        ],
        [
          555.0,
          1714.0
        ],
        [
          577.0,
          1671.0
        ],
        [
          595.0,
          1609.0
        ],
        [
          612.0,
          1545.0
        ],
        [
          624.0,
          1440.0
        ],
        [
          574.0,
          1399.0
        ],
        [
          525.0,
          1374.0
        ]
      ],
      "group_id": null,
      "shape_type": "polygon",
      "flags": {}
    },
    {
      "label": "oyster",
      "points": [
        [
          13.0,
          75.0
        ],
        [
          0.0,
          619.0
        ],
        [
          73.0,
          609.0
        ],
        [
          127.0,
          580.0
        ],
        [
          178.0,
          550.0
        ],
        [
          236.0,
          533.0
        ],
        [
          288.0,
          515.0
        ],
        [
          336.0,
          495.0
        ],
        [
          376.0,
          475.0
        ],
        [
          423.0,
          425.0
        ],
        [
          409.0,
          308.0
        ],
        [
          389.0,
          268.0
        ],
        [
          338.0,
          212.0
        ],
        [
          295.0,
          190.0
        ],
        [
          253.0,
          170.0
        ],
        [
          209.0,
          152.0
        ],
        [
          163.0,
          128.0
        ],
        [
          118.0,
          106.0
        ],
        [
          62.0,
          85.0
        ]
      ],
      "group_id": null,
      "shape_type": "polygon",
      "flags": {}
    },
    {
      "label": "oyster",
      "points": [
        [
          1048.0,
          660.0
        ],
        [
          961.0,
          681.0
        ],
        [
          893.0,
          698.0
        ],
        [
          820.0,
          716.0
        ],
        [
          771.0,
          733.0
        ],
        [
          691.0,
          771.0
        ],
        [
          670.0,
          886.0
        ],
        [
          688.0,
          1001.0
        ],
        [
          753.0,
          1078.0
        ],
        [
          813.0,
          1123.0
        ],
        [
          853.0,
          1142.0
        ],
        [
          903.0,
          1161.0
        ],
        [
          986.0,
          1178.0
        ],
        [
          1121.0,
          1156.0
        ],
        [
          1156.0,
          1091.0
        ],
        [
          1150.0,
          752.0
        ],
        [
          1133.0,
          693.0
        ]
      ],
      "group_id": null,
      "shape_type": "polygon",
      "flags": {}
    },
    {
      "label": "oyster",
      "points": [
        [
          443.0,
          1.0
        ],
        [
          260.0,
          15.0
        ],
        [
          345.0,
          156.0
        ],
        [
          420.0,
          232.0
        ],
        [
          470.0,
          261.0
        ],
        [
          517.0,
          291.0
        ],
        [
          561.0,
          316.0
        ],
        [
          665.0,
          340.0
        ],
        [
          680.0,
          252.0
        ],
        [
          662.0,
          198.0
        ],
        [
          645.0,
          142.0
        ],
        [
          627.0,
          78.0
        ],
        [
          609.0,
          16.0
        ]
      ],
      "group_id": null,
      "shape_type": "polygon",
      "flags": {}
    },
    {
      "label": "oyster",
      "points": [
        [
          1425.0,
          65.0
        ],
        [
          1369.0,
          115.0
        ],
        [
          1346.0,
          160.0
        ],
        [
          1326.0,
          200.0
        ],
        [
          1319.0,
          341.0
        ],
        [
          1338.0,
          392.0
        ],
        [
          1381.0,
          361.0
        ],
        [
          1441.0,
          308.0
        ]
      ],
      "group_id": null,
      "shape_type": "polygon",
      "flags": {}
    },
    {
      "label": "oyster",
      "points": [
        [
          1272.0,
          705.0
        ],
        [
          1256.0,
          695.0
        ],
        [
          1242.0,
          677.0
        ],
        [
          1208.0,
          673.0
        ],
        [
          1191.0,
          702.0
        ],
        [
          1174.0,
          760.0
        ],
        [
          1174.0,
          1109.0
        ],
        [
          1216.0,
          1108.0
        ],
        [
          1235.0,
          1070.0
        ],
        [
          1252.0,
          1021.0
        ],
        [
          1266.0,
          963.0
        ],
        [
          1282.0,
          941.0
        ],
        [
          1294.0,
          919.0
        ],
        [
          1300.0,
          887.0
        ],
        [
          1296.0,
          841.0
        ],
        [
          1314.0,
          763.0
        ],
        [
          1290.0,
          713.0
        ]
      ],
      "group_id": null,
      "shape_type": "polygon",
      "flags": {}
    },
    {
      "label": "oyster",
      "points": [
        [
          1122.0,
          373.0
        ],
        [
          1076.0,
          381.0
        ],
        [
          1022.0,
          339.0
        ],
        [
          956.0,
          283.0
        ],
        [
          916.0,
          219.0
        ],
        [
          896.0,
          161.0
        ],
        [
          812.0,
          15.0
        ],
        [
          821.0,
          0.0
        ],
        [
          1060.0,
          0.0
        ],
        [
          1100.0,
          229.0
        ],
        [
          1134.0,
          327.0
        ]
      ],
      "group_id": null,
      "shape_type": "polygon",
      "flags": {}
    },
    {
      "label": "oyster",
      "points": [
        [
          900.0,
          1311.0
        ],
        [
          1090.0,
          1271.0
        ],
        [
          1338.0,
          1273.0
        ],
        [
          1439.0,
          1302.0
        ],
        [
          1434.0,
          1457.0
        ],
        [
          1352.0,
          1473.0
        ],
        [
          1222.0,
          1489.0
        ],
        [
          1086.0,
          1491.0
        ],
        [
          970.0,
          1439.0
        ]
      ],
      "group_id": null,
      "shape_type": "polygon",
      "flags": {}
    },
    {
      "label": "shell",
      "points": [
        [
          910.0,
          567.0
        ],
        [
          244.0,
          881.0
        ],
        [
          294.0,
          1181.0
        ],
        [
          442.0,
          1277.0
        ],
        [
          732.0,
          1285.0
        ],
        [
          1104.0,
          1229.0
        ],
        [
          1034.0,
          1195.0
        ],
        [
          714.0,
          1119.0
        ],
        [
          660.0,
          849.0
        ],
        [
          698.0,
          755.0
        ],
        [
          898.0,
          699.0
        ],
        [
          1056.0,
          633.0
        ]
      ],
      "group_id": null,
      "shape_type": "polygon",
      "flags": {}
    }
  ],
  "imagePath": "6.jpg",
  "imageData": null,
  "imageHeight": 1920,
  "imageWidth": 1440
}