{
  "version": "4.5.6",
  "flags": {},
  "shapes": [
    {
      "label": "oyster",
      "points": [
        [
          1325.0,
          469.0
        ],
        [
          1252.0,
          520.0
        ],
        [
          1204.0,
          580.0
        ],
        [
          1181.0,
          621.0
        ],
        [
          1156.0,
          665.0
        ],
        [
          1124.0,
          714.0
        ],
        [
          1106.0,
          752.0
        ],
        [
          1088.0,
          797.0
        ],
        [
          1071.0,
          839.0
        ],
        [
          1050.0,
          881.0
        ],
        [
          1032.0,
          972.0
        ],
        [
          1050.0,
          1035.0
        ],
        [
          1088.0,
          1090.0
        ],
        [
          1154.0,
          1119.0
        ],
        [
          1276.0,
          1132.0
        ],
        [
          1328.0,
          1113.0
        ],
        [
          1375.0,
          1067.0
        ],
        [
          1413.0,
          1011.0
        ],
        [
          1411.0,
          497.0
        ],
        [
          1369.0,
          476.0
        ]
      ],
      "group_id": null,
      "shape_type": "polygon",
      "flags": {}
    },
    {
      "label": "oyster",
      "points": [
        [
          729.0,
          1212.0
        ],
        [
          644.0,
          1260.0
        ],
        [
          619.0,
          1299.0
        ],
        [
          600.0,
          1356.0
        ],
        [
          582.0,
          1421.0
        ],
        [
          564.0,
          1540.0
        ],
        [
          547.0,
          1618.0
        ],
        [
          539.0,
          1813.0
        ],
        [
          556.0,
          1877.0
        ],
        [
          636.0,
          1905.0
        ],
        [
          1120.0,
          1915.0
        ],
        [
          1111.0,
          1793.0
        ],
        [
          1093.0,
          1753.0
        ],
        [
          1071.0,
          1712.0
        ],
        [
          1052.0,
          1669.0
        ],
        [
          1034.0,
          1619.0
        ],
        [
          1016.0,
          1572.0
        ],
        [
          976.0,
          1515.0
        ],
        [
          946.0,
          1460.0
        ],
        [
          910.0,
          1407.0
        ],
        [
          886.0,
          1365.0
        ],
        [
          854.0,
          1317.0
        ],
        [
          815.0,
          1260.0
        ],
        [
          761.0,
          1218.0
        ]
      ],
      "group_id": null,
      "shape_type": "polygon",
      "flags": {}
    },
    {
      "label": "oyster",
      "points": [
        [
          347.0,
          1276.0
        ],
        [
          287.0,
          1294.0
        ],
        [
          234.0,
          1355.0
        ],
        [
          203.0,
          1434.0
        ],
        [
          152.0,
          1503.0
        ],
        [
          134.0,
          1544.0
        ],
        [
          117.0,
          1588.0
        ],
        [
          120.0,
          1671.0
        ],
        [
          96.0,
          1919.0
        ],
        [
          172.0,
          1917.0
        ],
        [
          228.0,
          1913.0
        ],
        [
          330.0,
          1915.0
        ],
        [
          524.0,
          1919.0
        ],
        [
          511.0,
          1713.0
        ],
        [
          528.0,
          1639.0
        ],
        [
          530.0,
          1506.0
        ],
        [
          513.0,
          1439.0
        ],
        [
          495.0,
          1386.0
        ],
        [
          478.0,
          1321.0
        ],
        [
          413.0,
          1279.0
        ]
      ],
      "group_id": null,
      "shape_type": "polygon",
      "flags": {}
    },
    {
      "label": "oyster",
      "points": [
        [
          0.0,
          19.0
        ],
        [
          0.0,
          479.0
        ],
        [
          122.0,
          486.0
        ],
        [
          184.0,
          469.0
        ],
        [
          235.0,
          447.0
        ],
        [
          283.0,
          399.0
        ],
        [
          316.0,
          347.0
        ],
        [
          333.0,
          284.0
        ],
        [
          335.0,
          156.0
        ],
        [
          307.0,
          107.0
        ],
        [
          247.0,
          61.0
        ],
        [
          210.0,
          43.0
        ],
        [
          149.0,
          27.0
        ]
      ],
      "group_id": null,
      "shape_type": "polygon",
      "flags": {}
    },
    {
      "label": "oyster",
      "points": [
        [
          521.0,
          28.0
        ],
        [
          446.0,
          49.0
        ],
        [
          419.0,
          103.0
        ],
        [
          401.0,
          161.0
        ],
        [
          383.0,
          202.0
        ],
        [
          365.0,
          272.0
        ],
        [
          348.0,
          321.0
        ],
        [
          349.0,
          429.0
        ],
        [
          405.0,
          470.0
        ],
        [
          467.0,
          451.0
        ],
        [
          527.0,
          379.0
        ],
        [
          557.0,
          332.0
        ],
        [
          582.0,
          285.0
        ],
        [
          592.0,
          122.0
        ],
        [
          567.0,
          76.0
        ]
      ],
      "group_id": null,
      "shape_type": "polygon",
      "flags": {}
    },
    {
      "label": "shell",
      "points": [
        [
          978.0,
          639.0
        ],
        [
          1100.0,
          735.0
        ],
        [
          1032.0,
          925.0
        ],
        [
          1062.0,
          1053.0
        ],
        [
          1120.0,
          1111.0
        ],
        [
          1332.0,
          1111.0
        ],
        [
          1352.0,
          1201.0
        ],
        [
          1250.0,
          1393.0
        ],
        [
          1152.0,
          1377.0
        ],
        [
          882.0,
          999.0
        ],
        [
          826.0,
          925.0
        ],
        [
          844.0,
          739.0
        ],
        [
          920.0,
          669.0
        ]
      ],
      "group_id": null,
      "shape_type": "polygon",
      "flags": {}
    }
  ],
  "imagePath": "61.jpg",
  "imageData": null,
  "imageHeight": 1920,
  "imageWidth": 1440
}