{
  "version": "4.5.6",
  "flags": {},
  "shapes": [
    {
      "label": "oyster",
      "points": [
        [
          22.0,
          43.0
        ],
        [
          2.0,
          434.0
        ],
        [
          19.0,
          553.0
        ],
        [
          83.0,
          583.0
        ],
        [
          255.0,
          569.0
        ],
        [
          301.0,
          549.0
        ],
        [
          347.0,
          526.0
        ],
        [
          392.0,
          467.0
        ],
        [
          415.0,
          426.0
        ],
        [
          432.0,
          297.0
        ],
        [
          414.0,
          235.0
        ],
        [
          395.0,
          198.0
        ],
        [
          370.0,
          164.0
        ],
        [
          315.0,
          146.0
        ],
        [
          253.0,
          112.0
        ],
        [
          212.0,
          66.0
        ]
      ],
      "group_id": null,
      "shape_type": "polygon",
      "flags": {}
    },
    {
      "label": "oyster",
      "points": [
        [
          1418.0,
          554.0
        ],
        [
          1353.0,
          582.0
        ],
        [
          1290.0,
          656.0
        ],
        [
          1267.0,
          699.0
        ],
        [
          1246.0,
          742.0
        ],
        [
          1223.0,
          783.0
        ],
        [
          1194.0,
          830.0
        ],
        [
          1176.0,
          870.0
        ],
        [
          1158.0,
          911.0
        ],
        [
          1141.0,
          951.0
        ],
        [
          1123.0,
          988.0
        ],
        [
          1114.0,
          1087.0
        ],
        [
          1132.0,
          1137.0
        ],
        [
          1173.0,
          1187.0
        ],
        [
          1227.0,
          1205.0
        ],
        [
          1325.0,
          1218.0
        ],
        [
          1373.0,
          1196.0
        ],
        [
          1422.0,
          1136.0
        ],
        [
          1430.0,
          570.0
        ]
      ],
      "group_id": null,
      "shape_type": "polygon",
      "flags": {}
    },
    {
      "label": "oyster",
      "points": [
        [
          832.0,
          1306.0
        ],
        [
          780.0,
          1325.0
        ],
        [
          714.0,
          1365.0
        ],
        [
          693.0,
          1403.0
        ],
        [
          676.0,
          1491.0
        ],
        [
          658.0,
          1609.0
        ],
        [
          641.0,
          1668.0
        ],
        [
          627.0,
          1863.0
        ],
        [
          777.0,
          1904.0
        ],
        [
          1172.0,
          1885.0
        ],
        [
          1163.0,
          1798.0
        ],
        [
          1141.0,
          1753.0
        ],
        [
          1124.0,
          1707.0
        ],
        [
          1104.0,
          1653.0
        ],
        [
          1070.0,
          1604.0
        ],
        [
          1014.0,
          1535.0
        ],
        [
          989.0,
          1486.0
        ],
        [
          949.0,
          1427.0
        ],
        [
          907.0,
          1368.0
        ],
        [
          878.0,
          1322.0
        ]
      ],
      "group_id": null,
      "shape_type": "polygon",
      "flags": {}
    },
    {
      "label": "oyster",
      "points": [
        [
          609.0,
          1.0
        ],
        [
          603.0,
          47.0
        ],
        [
          673.0,
          121.0
        ],
        [
          713.0,
          141.0
        ],
        [
          753.0,
          161.0
        ],
        [
          794.0,
          180.0
        ],
        [
          987.0,
          178.0
        ],
        [
          1032.0,
          153.0
        ],
        [
          1087.0,
          104.0
        ],
        [
          1128.0,
          5.0
        ],
        [
          767.0,
          1.0
        ]
      ],
      "group_id": null,
      "shape_type": "polygon",
      "flags": {}
    },
    {
      "label": "oyster",
      "points": [
        [
          1061.0,
          1322.0
        ],
        [
          1007.0,
          1350.0
        ],
        [
          985.0,
          1454.0
        ],
        [
          1010.0,
          1513.0
        ],
        [
          1040.0,
          1561.0
        ],
        [
          1106.0,
          1640.0
        ],
        [
          1159.0,
          1701.0
        ],
        [
          1189.0,
          1752.0
        ],
        [
          1221.0,
          1796.0
        ],
        [
          1301.0,
          1824.0
        ],
        [
          1334.0,
          1801.0
        ],
        [
          1353.0,
          1741.0
        ],
        [
          1338.0,
          1610.0
        ],
        [
          1317.0,
          1567.0
        ],
        [
          1290.0,
          1522.0
        ],
        [
          1198.0,
          1421.0
        ],
        [
          1124.0,
          1347.0
        ]
      ],
      "group_id": null,
      "shape_type": "polygon",
      "flags": {}
    },
    {
      "label": "oyster",
      "points": [
        [
          501.0,
          1338.0
        ],
        [
          421.0,
          1356.0
        ],
        [
          288.0,
          1345.0
        ],
        [
          82.0,
          1361.0
        ],
        [
          18.0,
          1499.0
        ],
        [
          0.0,
          1599.0
        ],
        [
          12.0,
          1715.0
        ],
        [
          10.0,
          1883.0
        ],
        [
          134.0,
          1909.0
        ],
        [
          268.0,
          1911.0
        ],
        [
          354.0,
          1907.0
        ],
        [
          424.0,
          1919.0
        ],
        [
          490.0,
          1917.0
        ],
        [
          626.0,
          1917.0
        ],
        [
          621.0,
          1788.0
        ],
        [
          638.0,
          1715.0
        ],
        [
          644.0,
          1501.0
        ],
        [
          625.0,
          1457.0
        ],
        [
          607.0,
          1410.0
        ],
        [
          582.0,
          1356.0
        ]
      ],
      "group_id": null,
      "shape_type": "polygon",
      "flags": {}
    },
    {
      "label": "oyster",
      "points": [
        [
          596.0,
          136.0
        ],
        [
          509.0,
          158.0
        ],
        [
          490.0,
          235.0
        ],
        [
          473.0,
          316.0
        ],
        [
          455.0,
          370.0
        ],
        [
          436.0,
          414.0
        ],
        [
          428.0,
          521.0
        ],
        [
          459.0,
          556.0
        ],
        [
          584.0,
          538.0
        ],
        [
          616.0,
          488.0
        ],
        [
          647.0,
          439.0
        ],
        [
          665.0,
          384.0
        ],
        [
          683.0,
          278.0
        ],
        [
          664.0,
          202.0
        ],
        [
          630.0,
          151.0
        ]
      ],
      "group_id": null,
      "shape_type": "polygon",
      "flags": {}
    },
    {
      "label": "shell",
      "points": [
        [
          1042.0,
          733.0
        ],
        [
          950.0,
          787.0
        ],
        [
          948.0,
          1025.0
        ],
        [
          984.0,
          1155.0
        ],
        [
          1242.0,
          1469.0
        ],
        [
          1276.0,
          1481.0
        ],
        [
          1362.0,
          1445.0
        ],
        [
          1410.0,
          1217.0
        ],
        [
          1364.0,
          1215.0
        ],
        [
          1190.0,
          1195.0
        ],
        [
          1090.0,
          1093.0
        ],
        [
          1148.0,
          895.0
        ],
        [
          1134.0,
          777.0
        ]
      ],
      "group_id": null,
      "shape_type": "polygon",
      "flags": {}
    },
    {
      "label": "shell",
      "points": [
        [
          664.0,
          669.0
        ],
        [
          828.0,
          551.0
        ],
        [
          962.0,
          557.0
        ],
        [
          1056.0,
          683.0
        ],
        [
          996.0,
          765.0
        ],
        [
          932.0,
          843.0
        ],
        [
          932.0,
          995.0
        ],
        [
          888.0,
          1137.0
        ],
        [
          790.0,
          1101.0
        ],
        [
          680.0,
          1127.0
        ]
      ],
      "group_id": null,
      "shape_type": "polygon",
      "flags": {}
    }
  ],
  "imagePath": "62.jpg",
  "imageData": null,
  "imageHeight": 1920,
  "imageWidth": 1440
}