{
  "version": "4.5.6",
  "flags": {},
  "shapes": [
    {
      "label": "oyster",
      "points": [
        [
          962.0,
          1244.0
        ],
        [
          910.0,
          1262.0
        ],
        [
          868.0,
          1284.0
        ],
        [
          821.0,
          1338.0
        ],
        [
          804.0,
          1387.0
        ],
        [
          786.0,
          1447.0
        ],
        [
          769.0,
          1548.0
        ],
        [
          751.0,
          1625.0
        ],
        [
          757.0,
          1891.0
        ],
        [
          1183.0,
          1908.0
        ],
        [
          1244.0,
          1888.0
        ],
        [
          1267.0,
          1839.0
        ],
        [
          1254.0,
          1725.0
        ],
        [
          1236.0,
          1663.0
        ],
        [
          1219.0,
          1592.0
        ],
        [
          1194.0,
          1548.0
        ],
        [
          1147.0,
          1483.0
        ],
        [
          1120.0,
          1436.0
        ],
        [
          1085.0,
          1383.0
        ],
        [
          1057.0,
          1336.0
        ],
        [
          1034.0,
          1287.0
        ]
      ],
      "group_id": null,
      "shape_type": "polygon",
      "flags": {}
    },
    {
      "label": "oyster",
      "points": [
        [
          169.0,
          8.0
        ],
        [
          26.0,
          226.0
        ],
        [
          50.0,
          463.0
        ],
        [
          112.0,
          505.0
        ],
        [
          324.0,
          504.0
        ],
        [
          381.0,
          486.0
        ],
        [
          430.0,
          468.0
        ],
        [
          490.0,
          416.0
        ],
        [
          529.0,
          356.0
        ],
        [
          547.0,
          303.0
        ],
        [
          562.0,
          179.0
        ],
        [
          543.0,
          132.0
        ],
        [
          459.0,
          54.0
        ],
        [
          429.0,
          24.0
        ]
      ],
      "group_id": null,
      "shape_type": "polygon",
      "flags": {}
    },
    {
      "label": "oyster",
      "points": [
        [
          1423.0,
          570.0
        ],
        [
          1398.0,
          602.0
        ],
        [
          1379.0,
          645.0
        ],
        [
          1361.0,
          700.0
        ],
        [
          1338.0,
          745.0
        ],
        [
          1318.0,
          783.0
        ],
        [
          1287.0,
          834.0
        ],
        [
          1268.0,
          872.0
        ],
        [
          1237.0,
          922.0
        ],
        [
          1241.0,
          1034.0
        ],
        [
          1277.0,
          1079.0
        ],
        [
          1332.0,
          1061.0
        ],
        [
          1409.0,
          1080.0
        ],
        [
          1435.0,
          573.0
        ]
      ],
      "group_id": null,
      "shape_type": "polygon",
      "flags": {}
    },
    {
      "label": "oyster",
      "points": [
        [
          598.0,
          1332.0
        ],
        [
          399.0,
          1350.0
        ],
        [
          338.0,
          1291.0
        ],
        [
          286.0,
          1345.0
        ],
        [
          160.0,
          1357.0
        ],
        [
          90.0,
          1477.0
        ],
        [
          0.0,
          1483.0
        ],
        [
          20.0,
          1727.0
        ],
        [
          6.0,
          1919.0
        ],
        [
          294.0,
          1901.0
        ],
        [
          490.0,
          1909.0
        ],
        [
          698.0,
          1889.0
        ],
        [
          707.0,
          1692.0
        ],
        [
          726.0,
          1643.0
        ],
        [
          739.0,
          1485.0
        ],
        [
          721.0,
          1435.0
        ],
        [
          701.0,
          1392.0
        ],
        [
          674.0,
          1348.0
        ]
      ],
      "group_id": null,
      "shape_type": "polygon",
      "flags": {}
    },
    {
      "label": "oyster",
      "points": [
        [
          750.0,
          91.0
        ],
        [
          678.0,
          118.0
        ],
        [
          639.0,
          149.0
        ],
        [
          600.0,
          220.0
        ],
        [
          579.0,
          286.0
        ],
        [
          556.0,
          329.0
        ],
        [
          539.0,
          387.0
        ],
        [
          559.0,
          476.0
        ],
        [
          689.0,
          483.0
        ],
        [
          741.0,
          462.0
        ],
        [
          782.0,
          415.0
        ],
        [
          798.0,
          319.0
        ],
        [
          799.0,
          161.0
        ],
        [
          774.0,
          113.0
        ]
      ],
      "group_id": null,
      "shape_type": "polygon",
      "flags": {}
    },
    {
      "label": "shell",
      "points": [
        [
          1202.0,
          663.0
        ],
        [
          1300.0,
          785.0
        ],
        [
          1216.0,
          945.0
        ],
        [
          1252.0,
          1111.0
        ],
        [
          1316.0,
          1137.0
        ],
        [
          1436.0,
          1111.0
        ],
        [
          1439,
          1160
        ],
        [
          1432.0,
          1433.0
        ],
        [
          1358.0,
          1411.0
        ],
        [
          1138.0,
          1097.0
        ],
        [
          1054.0,
          1009.0
        ],
        [
          1036.0,
          855.0
        ],
        [
          1092.0,
          705.0
        ]
      ],
      "group_id": null,
      "shape_type": "polygon",
      "flags": {}
    },
    {
      "label": "shell",
      "points": [
        [
          622.0,
          647.0
        ],
        [
          604.0,
          1001.0
        ],
        [
          254.0,
          745.0
        ],
        [
          486.0,
          595.0
        ],
        [
          582.0,
          619.0
        ]
      ],
      "group_id": null,
      "shape_type": "polygon",
      "flags": {}
    }
  ],
  "imagePath": "63.jpg",
  "imageData": null,
  "imageHeight": 1920,
  "imageWidth": 1440
}