{
  "version": "4.5.6",
  "flags": {},
  "shapes": [
    {
      "label": "oyster",
      "points": [
        [
          1090.0,
          1158.0
        ],
        [
          1046.0,
          1180.0
        ],
        [
          967.0,
          1246.0
        ],
        [
          947.0,
          1291.0
        ],
        [
          930.0,
          1352.0
        ],
        [
          912.0,
          1418.0
        ],
        [
          895.0,
          1490.0
        ],
        [
          877.0,
          1530.0
        ],
        [
          859.0,
          1570.0
        ],
        [
          845.0,
          1746.0
        ],
        [
          868.0,
          1913.0
        ],
        [
          1438.0,
          1917.0
        ],
        [
          1438.0,
          1711.0
        ],
        [
          1382.0,
          1592.0
        ],
        [
          1355.0,
          1538.0
        ],
        [
          1338.0,
          1484.0
        ],
        [
          1314.0,
          1443.0
        ],
        [
          1291.0,
          1401.0
        ],
        [
          1246.0,
          1339.0
        ],
        [
          1219.0,
          1294.0
        ],
        [
          1192.0,
          1237.0
        ],
        [
          1172.0,
          1197.0
        ]
      ],
      "group_id": null,
      "shape_type": "polygon",
      "flags": {}
    },
    {
      "label": "oyster",
      "points": [
        [
          471.0,
          2.0
        ],
        [
          163.0,
          39.0
        ],
        [
          114.0,
          106.0
        ],
        [
          96.0,
          207.0
        ],
        [
          134.0,
          360.0
        ],
        [
          195.0,
          393.0
        ],
        [
          232.0,
          411.0
        ],
        [
          372.0,
          419.0
        ],
        [
          450.0,
          401.0
        ],
        [
          512.0,
          384.0
        ],
        [
          558.0,
          366.0
        ],
        [
          622.0,
          319.0
        ],
        [
          676.0,
          250.0
        ],
        [
          694.0,
          196.0
        ],
        [
          712.0,
          137.0
        ],
        [
          711.0,
          53.0
        ],
        [
          665.0,
          10.0
        ]
      ],
      "group_id": null,
      "shape_type": "polygon",
      "flags": {}
    },
    {
      "label": "oyster",
      "points": [
        [
          913.0,
          57.0
        ],
        [
          794.0,
          61.0
        ],
        [
          755.0,
          113.0
        ],
        [
          736.0,
          168.0
        ],
        [
          710.0,
          215.0
        ],
        [
          692.0,
          256.0
        ],
        [
          676.0,
          325.0
        ],
        [
          717.0,
          388.0
        ],
        [
          813.0,
          367.0
        ],
        [
          873.0,
          356.0
        ],
        [
          929.0,
          332.0
        ],
        [
          948.0,
          245.0
        ],
        [
          941.0,
          71.0
        ]
      ],
      "group_id": null,
      "shape_type": "polygon",
      "flags": {}
    },
    {
      "label": "oyster",
      "points": [
        [
          624.0,
          1129.0
        ],
        [
          722.0,
          1149.0
        ],
        [
          792.0,
          1149.0
        ],
        [
          822.0,
          1217.0
        ],
        [
          876.0,
          1387.0
        ],
        [
          876.0,
          1505.0
        ],
        [
          826.0,
          1657.0
        ],
        [
          842.0,
          1673.0
        ],
        [
          842.0,
          1855.0
        ],
        [
          810.0,
          1905.0
        ],
        [
          124.0,
          1917.0
        ],
        [
          34.0,
          1763.0
        ],
        [
          56.0,
          1525.0
        ],
        [
          188.0,
          1355.0
        ],
        [
          382.0,
          1207.0
        ],
        [
          522.0,
          1141.0
        ]
      ],
      "group_id": null,
      "shape_type": "polygon",
      "flags": {}
    },
    {
      "label": "shell",
      "points": [
        [
          1184.0,
          763.0
        ],
        [
          1242.0,
          603.0
        ],
        [
          1364.0,
          555.0
        ],
        [
          1439,
          644
        ],
        [
          1439,
          1265
        ],
        [
          1222.0,
          995.0
        ]
      ],
      "group_id": null,
      "shape_type": "polygon",
      "flags": {}
    },
    {
      "label": "shell",
      "points": [
        [
          782.0,
          547.0
        ],
        [
          746.0,
          941.0
        ],
        [
          296.0,
          637.0
        ],
        [
          648.0,
          493.0
        ]
      ],
      "group_id": null,
      "shape_type": "polygon",
      "flags": {}
    }
  ],
  "imagePath": "64.jpg",
  "imageData": null,
  "imageHeight": 1920,
  "imageWidth": 1440
}