{
  "version": "4.5.6",
  "flags": {},
  "shapes": [
    {
      "label": "oyster",
      "points": [
        [
          224.0,
          1421.0
        ],
        [
          164.0,
          1498.0
        ],
        [
          129.0,
          1564.0
        ],
        [
          109.0,
          1621.0
        ],
        [
          134.0,
          1778.0
        ],
        [
          184.0,
          1811.0
        ],
        [
          236.0,
          1845.0
        ],
        [
          286.0,
          1878.0
        ],
        [
          331.0,
          1900.0
        ],
        [
          900.0,
          1911.0
        ],
        [
          918.0,
          1845.0
        ],
        [
          923.0,
          1731.0
        ],
        [
          905.0,
          1680.0
        ],
        [
          990.0,
          1291.0
        ],
        [
          886.0,
          1197.0
        ],
        [
          694.0,
          1217.0
        ],
        [
          556.0,
          1241.0
        ],
        [
          450.0,
          1261.0
        ],
        [
          338.0,
          1309.0
        ],
        [
          290.0,
          1371.0
        ]
      ],
      "group_id": null,
      "shape_type": "polygon",
      "flags": {}
    },
    {
      "label": "oyster",
      "points": [
        [
          1219.0,
          1108.0
        ],
        [
          1162.0,
          1155.0
        ],
        [
          1114.0,
          1184.0
        ],
        [
          1058.0,
          1243.0
        ],
        [
          1040.0,
          1291.0
        ],
        [
          1022.0,
          1342.0
        ],
        [
          1005.0,
          1409.0
        ],
        [
          987.0,
          1462.0
        ],
        [
          969.0,
          1506.0
        ],
        [
          949.0,
          1546.0
        ],
        [
          932.0,
          1595.0
        ],
        [
          940.0,
          1917.0
        ],
        [
          1438.0,
          1909.0
        ],
        [
          1421.0,
          1425.0
        ],
        [
          1400.0,
          1370.0
        ],
        [
          1376.0,
          1328.0
        ],
        [
          1355.0,
          1286.0
        ],
        [
          1335.0,
          1245.0
        ],
        [
          1316.0,
          1206.0
        ],
        [
          1297.0,
          1168.0
        ],
        [
          1256.0,
          1111.0
        ]
      ],
      "group_id": null,
      "shape_type": "polygon",
      "flags": {}
    },
    {
      "label": "oyster",
      "points": [
        [
          333.0,
          1.0
        ],
        [
          203.0,
          26.0
        ],
        [
          187.0,
          160.0
        ],
        [
          218.0,
          234.0
        ],
        [
          303.0,
          316.0
        ],
        [
          360.0,
          345.0
        ],
        [
          488.0,
          347.0
        ],
        [
          566.0,
          330.0
        ],
        [
          620.0,
          312.0
        ],
        [
          664.0,
          291.0
        ],
        [
          731.0,
          237.0
        ],
        [
          777.0,
          174.0
        ],
        [
          799.0,
          123.0
        ],
        [
          824.0,
          3.0
        ]
      ],
      "group_id": null,
      "shape_type": "polygon",
      "flags": {}
    },
    {
      "label": "oyster",
      "points": [
        [
          894.0,
          3.0
        ],
        [
          854.0,
          71.0
        ],
        [
          835.0,
          113.0
        ],
        [
          808.0,
          159.0
        ],
        [
          787.0,
          202.0
        ],
        [
          760.0,
          253.0
        ],
        [
          778.0,
          320.0
        ],
        [
          888.0,
          310.0
        ],
        [
          933.0,
          285.0
        ],
        [
          994.0,
          265.0
        ],
        [
          1031.0,
          220.0
        ],
        [
          1058.0,
          170.0
        ],
        [
          1071.0,
          28.0
        ]
      ],
      "group_id": null,
      "shape_type": "polygon",
      "flags": {}
    },
    {
      "label": "shell",
      "points": [
        [
          1436.0,
          1061.0
        ],
        [
          1296.0,
          839.0
        ],
        [
          1364.0,
          575.0
        ],
        [
          1438.0,
          509.0
        ]
      ],
      "group_id": null,
      "shape_type": "polygon",
      "flags": {}
    }
  ],
  "imagePath": "65.jpg",
  "imageData": null,
  "imageHeight": 1920,
  "imageWidth": 1440
}