{
  "version": "4.5.6",
  "flags": {},
  "shapes": [
    {
      "label": "oyster",
      "points": [
        [
          870.0,
          1655.0
        ],
        [
          874.0,
          1656.0
        ]
      ],
      "group_id": null,
      "shape_type": "polygon",
      "flags": {}
    },
    {
      "label": "oyster",
      "points": [
        [
          1256.0,
          1223.0
        ],
        [
          1200.0,
          1260.0
        ],
        [
          1142.0,
          1302.0
        ],
        [
          1084.0,
          1376.0
        ],
        [
          1061.0,
          1417.0
        ],
        [
          1041.0,
          1457.0
        ],
        [
          1023.0,
          1507.0
        ],
        [
          1006.0,
          1567.0
        ],
        [
          983.0,
          1610.0
        ],
        [
          965.0,
          1650.0
        ],
        [
          947.0,
          1689.0
        ],
        [
          938.0,
          1808.0
        ],
        [
          956.0,
          1888.0
        ],
        [
          1417.0,
          1902.0
        ],
        [
          1410.0,
          1470.0
        ],
        [
          1385.0,
          1425.0
        ],
        [
          1362.0,
          1385.0
        ],
        [
          1344.0,
          1336.0
        ],
        [
          1325.0,
          1296.0
        ],
        [
          1290.0,
          1242.0
        ]
      ],
      "group_id": null,
      "shape_type": "polygon",
      "flags": {}
    },
    {
      "label": "oyster",
      "points": [
        [
          555.0,
          1.0
        ],
        [
          268.0,
          22.0
        ],
        [
          244.0,
          80.0
        ],
        [
          226.0,
          150.0
        ],
        [
          209.0,
          280.0
        ],
        [
          242.0,
          330.0
        ],
        [
          294.0,
          386.0
        ],
        [
          349.0,
          432.0
        ],
        [
          432.0,
          450.0
        ],
        [
          533.0,
          432.0
        ],
        [
          618.0,
          415.0
        ],
        [
          673.0,
          394.0
        ],
        [
          724.0,
          361.0
        ],
        [
          785.0,
          290.0
        ],
        [
          808.0,
          236.0
        ],
        [
          826.0,
          188.0
        ],
        [
          843.0,
          124.0
        ],
        [
          810.0,
          6.0
        ]
      ],
      "group_id": null,
      "shape_type": "polygon",
      "flags": {}
    },
    {
      "label": "shell",
      "points": [
        [
          1432.0,
          695.0
        ],
        [
          1400.0,
          743.0
        ],
        [
          1383.0,
          803.0
        ],
        [
          1365.0,
          867.0
        ],
        [
          1368.0,
          1015.0
        ],
        [
          1398.0,
          1060.0
        ],
        [
          1436.0,
          1127.0
        ]
      ],
      "group_id": null,
      "shape_type": "polygon",
      "flags": {}
    },
    {
      "label": "oyster",
      "points": [
        [
          988.0,
          49.0
        ],
        [
          941.0,
          71.0
        ],
        [
          901.0,
          114.0
        ],
        [
          884.0,
          168.0
        ],
        [
          863.0,
          215.0
        ],
        [
          830.0,
          264.0
        ],
        [
          805.0,
          309.0
        ],
        [
          786.0,
          355.0
        ],
        [
          816.0,
          415.0
        ],
        [
          942.0,
          394.0
        ],
        [
          996.0,
          372.0
        ],
        [
          1054.0,
          334.0
        ],
        [
          1076.0,
          293.0
        ],
        [
          1098.0,
          169.0
        ],
        [
          1093.0,
          89.0
        ],
        [
          1034.0,
          62.0
        ]
      ],
      "group_id": null,
      "shape_type": "polygon",
      "flags": {}
    },
    {
      "label": "oyster",
      "points": [
        [
          466.0,
          1373.0
        ]
      ],
      "group_id": null,
      "shape_type": "polygon",
      "flags": {}
    },
    {
      "label": "oyster",
      "points": [
        [
          940.0,
          1313.0
        ],
        [
          984.0,
          1531.0
        ],
        [
          926.0,
          1713.0
        ],
        [
          914.0,
          1805.0
        ],
        [
          942.0,
          1913.0
        ],
        [
          122.0,
          1913.0
        ],
        [
          86.0,
          1783.0
        ],
        [
          126.0,
          1655.0
        ],
        [
          200.0,
          1517.0
        ],
        [
          286.0,
          1421.0
        ],
        [
          370.0,
          1381.0
        ],
        [
          398.0,
          1325.0
        ],
        [
          498.0,
          1329.0
        ],
        [
          578.0,
          1255.0
        ],
        [
          718.0,
          1175.0
        ],
        [
          948.0,
          1189.0
        ],
        [
          974.0,
          1281.0
        ]
      ],
      "group_id": null,
      "shape_type": "polygon",
      "flags": {}
    }
  ],
  "imagePath": "66.jpg",
  "imageData": null,
  "imageHeight": 1920,
  "imageWidth": 1440
}