{
  "version": "4.5.6",
  "flags": {},
  "shapes": [
    {
      "label": "oyster",
      "points": [
        [
          365.0,
          101.0
        ],
        [
          304.0,
          122.0
        ],
        [
          258.0,
          166.0
        ],
        [
          174.0,
          195.0
        ],
        [
          136.0,
          395.0
        ],
        [
          218.0,
          561.0
        ],
        [
          378.0,
          672.0
        ],
        [
          519.0,
          668.0
        ],
        [
          608.0,
          651.0
        ],
        [
          691.0,
          633.0
        ],
        [
          727.0,
          616.0
        ],
        [
          795.0,
          539.0
        ],
        [
          823.0,
          485.0
        ],
        [
          841.0,
          427.0
        ],
        [
          850.0,
          308.0
        ],
        [
          826.0,
          262.0
        ],
        [
          805.0,
          222.0
        ],
        [
          745.0,
          167.0
        ],
        [
          703.0,
          143.0
        ],
        [
          664.0,
          122.0
        ],
        [
          489.0,
          107.0
        ]
      ],
      "group_id": null,
      "shape_type": "polygon",
      "flags": {}
    },
    {
      "label": "oyster",
      "points": [
        [
          1247.0,
          1524.0
        ],
        [
          1185.0,
          1542.0
        ],
        [
          1142.0,
          1567.0
        ],
        [
          1084.0,
          1640.0
        ],
        [
          1056.0,
          1692.0
        ],
        [
          1037.0,
          1742.0
        ],
        [
          1020.0,
          1796.0
        ],
        [
          999.0,
          1867.0
        ],
        [
          1034.0,
          1910.0
        ],
        [
          1422.0,
          1900.0
        ],
        [
          1395.0,
          1694.0
        ],
        [
          1359.0,
          1636.0
        ],
        [
          1335.0,
          1585.0
        ],
        [
          1287.0,
          1528.0
        ]
      ],
      "group_id": null,
      "shape_type": "polygon",
      "flags": {}
    },
    {
      "label": "shell",
      "points": [
        [
          1433.0,
          957.0
        ],
        [
          1397.0,
          1006.0
        ],
        [
          1380.0,
          1058.0
        ],
        [
          1362.0,
          1124.0
        ],
        [
          1367.0,
          1260.0
        ],
        [
          1401.0,
          1311.0
        ],
        [
          1419.0,
          1350.0
        ]
      ],
      "group_id": null,
      "shape_type": "polygon",
      "flags": {}
    },
    {
      "label": "oyster",
      "points": [
        [
          1056.0,
          191.0
        ],
        [
          810.0,
          183.0
        ],
        [
          880.0,
          259.0
        ],
        [
          857.0,
          402.0
        ],
        [
          840.0,
          458.0
        ],
        [
          819.0,
          508.0
        ],
        [
          796.0,
          554.0
        ],
        [
          763.0,
          643.0
        ],
        [
          885.0,
          654.0
        ],
        [
          956.0,
          635.0
        ],
        [
          999.0,
          616.0
        ],
        [
          1059.0,
          566.0
        ],
        [
          1097.0,
          507.0
        ],
        [
          1100.0,
          361.0
        ],
        [
          1071.0,
          312.0
        ]
      ],
      "group_id": null,
      "shape_type": "polygon",
      "flags": {}
    },
    {
      "label": "shell",
      "points": [
        [
          1200.0,
          263.0
        ],
        [
          1048.0,
          191.0
        ],
        [
          962.0,
          89.0
        ],
        [
          956.0,
          7.0
        ],
        [
          1439.0,
          7.0
        ],
        [
          1439.0,
          297.0
        ],
        [
          1288.0,
          311.0
        ]
      ],
      "group_id": null,
      "shape_type": "polygon",
      "flags": {}
    }
  ],
  "imagePath": "67.jpg",
  "imageData": null,
  "imageHeight": 1920,
  "imageWidth": 1440
}