{
  "version": "4.5.6",
  "flags": {},
  "shapes": [
    {
      "label": "oyster",
      "points": [
        [
          435.0,
          245.0
        ],
        [
          358.0,
          264.0
        ],
        [
          321.0,
          304.0
        ],
        [
          307.0,
          414.0
        ],
        [
          315.0,
          630.0
        ],
        [
          365.0,
          774.0
        ],
        [
          409.0,
          799.0
        ],
        [
          559.0,
          796.0
        ],
        [
          646.0,
          778.0
        ],
        [
          728.0,
          761.0
        ],
        [
          767.0,
          741.0
        ],
        [
          829.0,
          671.0
        ],
        [
          856.0,
          621.0
        ],
        [
          873.0,
          572.0
        ],
        [
          873.0,
          400.0
        ],
        [
          849.0,
          351.0
        ],
        [
          803.0,
          318.0
        ],
        [
          756.0,
          296.0
        ],
        [
          710.0,
          275.0
        ],
        [
          646.0,
          254.0
        ]
      ],
      "group_id": null,
      "shape_type": "polygon",
      "flags": {}
    },
    {
      "label": "oyster",
      "points": [
        [
          6.0,
          1.0
        ],
        [
          2.0,
          241.0
        ],
        [
          72.0,
          277.0
        ],
        [
          123.0,
          302.0
        ],
        [
          182.0,
          335.0
        ],
        [
          256.0,
          324.0
        ],
        [
          252.0,
          164.0
        ],
        [
          231.0,
          103.0
        ],
        [
          212.0,
          53.0
        ],
        [
          143.0,
          8.0
        ]
      ],
      "group_id": null,
      "shape_type": "polygon",
      "flags": {}
    },
    {
      "label": "oyster",
      "points": [
        [
          956.0,
          337.0
        ],
        [
          870.0,
          357.0
        ],
        [
          904.0,
          464.0
        ],
        [
          886.0,
          545.0
        ],
        [
          869.0,
          596.0
        ],
        [
          850.0,
          643.0
        ],
        [
          828.0,
          683.0
        ],
        [
          796.0,
          759.0
        ],
        [
          849.0,
          782.0
        ],
        [
          983.0,
          770.0
        ],
        [
          1033.0,
          739.0
        ],
        [
          1112.0,
          671.0
        ],
        [
          1132.0,
          557.0
        ],
        [
          1117.0,
          462.0
        ],
        [
          1099.0,
          424.0
        ],
        [
          1076.0,
          380.0
        ],
        [
          1019.0,
          343.0
        ]
      ],
      "group_id": null,
      "shape_type": "polygon",
      "flags": {}
    },
    {
      "label": "oyster",
      "points": [
        [
          938.0,
          1616.0
        ],
        [
          860.0,
          1610.0
        ],
        [
          712.0,
          1586.0
        ],
        [
          618.0,
          1642.0
        ],
        [
          512.0,
          1682.0
        ],
        [
          430.0,
          1742.0
        ],
        [
          372.0,
          1822.0
        ],
        [
          344.0,
          1919.0
        ],
        [
          518.0,
          1915.0
        ],
        [
          998.0,
          1921.0
        ],
        [
          1004.0,
          1799.0
        ],
        [
          986.0,
          1725.0
        ],
        [
          988.0,
          1614.0
        ]
      ],
      "group_id": null,
      "shape_type": "polygon",
      "flags": {}
    },
    {
      "label": "oyster",
      "points": [
        [
          1286.0,
          1647.0
        ],
        [
          1227.0,
          1668.0
        ],
        [
          1183.0,
          1687.0
        ],
        [
          1133.0,
          1719.0
        ],
        [
          1114.0,
          1757.0
        ],
        [
          1102.0,
          1906.0
        ],
        [
          1352.0,
          1915.0
        ],
        [
          1434.0,
          1879.0
        ],
        [
          1406.0,
          1761.0
        ],
        [
          1382.0,
          1717.0
        ],
        [
          1327.0,
          1659.0
        ]
      ],
      "group_id": null,
      "shape_type": "polygon",
      "flags": {}
    },
    {
      "label": "oyster",
      "points": [
        [
          2.0,
          635.0
        ],
        [
          10.0,
          1666.0
        ],
        [
          50.0,
          1627.0
        ],
        [
          75.0,
          1581.0
        ],
        [
          92.0,
          1540.0
        ],
        [
          110.0,
          1496.0
        ],
        [
          127.0,
          1417.0
        ],
        [
          145.0,
          1354.0
        ],
        [
          162.0,
          1282.0
        ],
        [
          164.0,
          1106.0
        ],
        [
          143.0,
          1035.0
        ],
        [
          124.0,
          991.0
        ],
        [
          107.0,
          948.0
        ],
        [
          89.0,
          874.0
        ],
        [
          72.0,
          779.0
        ],
        [
          54.0,
          685.0
        ]
      ],
      "group_id": null,
      "shape_type": "polygon",
      "flags": {}
    },
    {
      "label": "shell",
      "points": [
        [
          1428.0,
          433.0
        ],
        [
          1272.0,
          421.0
        ],
        [
          1156.0,
          373.0
        ],
        [
          1040.0,
          299.0
        ],
        [
          972.0,
          193.0
        ],
        [
          968.0,
          9.0
        ],
        [
          1275,
          0
        ],
        [
          1439,
          0
        ]
      ],
      "group_id": null,
      "shape_type": "polygon",
      "flags": {}
    }
  ],
  "imagePath": "68.jpg",
  "imageData": null,
  "imageHeight": 1920,
  "imageWidth": 1440
}