{
  "version": "4.5.6",
  "flags": {},
  "shapes": [
    {
      "label": "oyster",
      "points": [
        [
          541.0,
          168.0
        ],
        [
          464.0,
          188.0
        ],
        [
          433.0,
          285.0
        ],
        [
          451.0,
          680.0
        ],
        [
          505.0,
          720.0
        ],
        [
          714.0,
          712.0
        ],
        [
          808.0,
          695.0
        ],
        [
          874.0,
          665.0
        ],
        [
          933.0,
          596.0
        ],
        [
          963.0,
          542.0
        ],
        [
          981.0,
          487.0
        ],
        [
          981.0,
          360.0
        ],
        [
          946.0,
          307.0
        ],
        [
          894.0,
          246.0
        ],
        [
          848.0,
          219.0
        ],
        [
          800.0,
          190.0
        ],
        [
          628.0,
          177.0
        ]
      ],
      "group_id": null,
      "shape_type": "polygon",
      "flags": {}
    },
    {
      "label": "oyster",
      "points": [
        [
          145.0,
          2.0
        ],
        [
          39.0,
          125.0
        ],
        [
          86.0,
          153.0
        ],
        [
          131.0,
          181.0
        ],
        [
          181.0,
          213.0
        ],
        [
          223.0,
          238.0
        ],
        [
          265.0,
          259.0
        ],
        [
          353.0,
          257.0
        ],
        [
          403.0,
          211.0
        ],
        [
          400.0,
          83.0
        ],
        [
          382.0,
          24.0
        ],
        [
          154.0,
          3.0
        ]
      ],
      "group_id": null,
      "shape_type": "polygon",
      "flags": {}
    },
    {
      "label": "oyster",
      "points": [
        [
          1417.0,
          1564.0
        ],
        [
          1345.0,
          1582.0
        ],
        [
          1295.0,
          1620.0
        ],
        [
          1251.0,
          1683.0
        ],
        [
          1209.0,
          1729.0
        ],
        [
          1198.0,
          1911.0
        ],
        [
          1424.0,
          1919.0
        ],
        [
          1432.0,
          1580.0
        ]
      ],
      "group_id": null,
      "shape_type": "polygon",
      "flags": {}
    },
    {
      "label": "oyster",
      "points": [
        [
          4.0,
          525.0
        ],
        [
          4.0,
          1623.0
        ],
        [
          104.0,
          1657.0
        ],
        [
          164.0,
          1554.0
        ],
        [
          187.0,
          1511.0
        ],
        [
          205.0,
          1469.0
        ],
        [
          223.0,
          1424.0
        ],
        [
          240.0,
          1351.0
        ],
        [
          258.0,
          1280.0
        ],
        [
          255.0,
          1049.0
        ],
        [
          237.0,
          987.0
        ],
        [
          220.0,
          928.0
        ],
        [
          202.0,
          871.0
        ],
        [
          185.0,
          812.0
        ],
        [
          167.0,
          759.0
        ],
        [
          150.0,
          706.0
        ],
        [
          132.0,
          655.0
        ],
        [
          113.0,
          612.0
        ],
        [
          52.0,
          545.0
        ]
      ],
      "group_id": null,
      "shape_type": "polygon",
      "flags": {}
    },
    {
      "label": "oyster",
      "points": [
        [
          1004.0,
          1521.0
        ],
        [
          840.0,
          1533.0
        ],
        [
          766.0,
          1551.0
        ],
        [
          684.0,
          1591.0
        ],
        [
          568.0,
          1627.0
        ],
        [
          556.0,
          1695.0
        ],
        [
          498.0,
          1747.0
        ],
        [
          402.0,
          1841.0
        ],
        [
          364.0,
          1919.0
        ],
        [
          632.0,
          1919.0
        ],
        [
          1105.0,
          1909.0
        ],
        [
          1143.0,
          1868.0
        ],
        [
          1136.0,
          1739.0
        ],
        [
          1117.0,
          1687.0
        ],
        [
          1128.0,
          1527.0
        ]
      ],
      "group_id": null,
      "shape_type": "polygon",
      "flags": {}
    },
    {
      "label": "oyster",
      "points": [
        [
          1198.0,
          261.0
        ],
        [
          1092.0,
          237.0
        ],
        [
          1004.0,
          225.0
        ],
        [
          948.0,
          273.0
        ],
        [
          1028.0,
          381.0
        ],
        [
          954.0,
          563.0
        ],
        [
          930.0,
          613.0
        ],
        [
          900.0,
          703.0
        ],
        [
          1034.0,
          710.0
        ],
        [
          1100.0,
          689.0
        ],
        [
          1148.0,
          659.0
        ],
        [
          1193.0,
          615.0
        ],
        [
          1226.0,
          410.0
        ],
        [
          1194.0,
          358.0
        ]
      ],
      "group_id": null,
      "shape_type": "polygon",
      "flags": {}
    },
    {
      "label": "shell",
      "points": [
        [
          1240.0,
          275.0
        ],
        [
          1184.0,
          233.0
        ],
        [
          1118.0,
          207.0
        ],
        [
          1079,
          0
        ],
        [
          1439,
          0
        ],
        [
          1439,
          345
        ],
        [
          1320.0,
          341.0
        ]
      ],
      "group_id": null,
      "shape_type": "polygon",
      "flags": {}
    }
  ],
  "imagePath": "69.jpg",
  "imageData": null,
  "imageHeight": 1920,
  "imageWidth": 1440
}