{
  "version": "4.5.6",
  "flags": {},
  "shapes": [
    {
      "label": "oyster",
      "points": [
        [
          1023.0,
          1595.0
        ],
        [
          894.0,
          1613.0
        ],
        [
          850.0,
          1632.0
        ],
        [
          806.0,
          1659.0
        ],
        [
          753.0,
          1694.0
        ],
        [
          696.0,
          1734.0
        ],
        [
          644.0,
          1768.0
        ],
        [
          586.0,
          1808.0
        ],
        [
          534.0,
          1917.0
        ],
        [
          935.0,
          1910.0
        ],
        [
          1076.0,
          1919.0
        ],
        [
          1428.0,
          1917.0
        ],
        [
          1420.0,
          1519.0
        ]
      ],
      "group_id": null,
      "shape_type": "polygon",
      "flags": {}
    },
    {
      "label": "oyster",
      "points": [
        [
          406.0,
          1457.0
        ],
        [
          344.0,
          1509.0
        ],
        [
          290.0,
          1545.0
        ],
        [
          229.0,
          1605.0
        ],
        [
          173.0,
          1678.0
        ],
        [
          137.0,
          1729.0
        ],
        [
          120.0,
          1815.0
        ],
        [
          108.0,
          1919.0
        ],
        [
          433.0,
          1912.0
        ],
        [
          492.0,
          1897.0
        ],
        [
          539.0,
          1808.0
        ],
        [
          572.0,
          1771.0
        ],
        [
          698.0,
          1675.0
        ],
        [
          710.0,
          1585.0
        ],
        [
          658.0,
          1487.0
        ],
        [
          552.0,
          1445.0
        ],
        [
          482.0,
          1429.0
        ]
      ],
      "group_id": null,
      "shape_type": "polygon",
      "flags": {}
    },
    {
      "label": "oyster",
      "points": [
        [
          23.0,
          169.0
        ],
        [
          7.0,
          709.0
        ],
        [
          82.0,
          719.0
        ],
        [
          151.0,
          682.0
        ],
        [
          192.0,
          648.0
        ],
        [
          259.0,
          631.0
        ],
        [
          365.0,
          622.0
        ],
        [
          427.0,
          595.0
        ],
        [
          443.0,
          493.0
        ],
        [
          426.0,
          431.0
        ],
        [
          407.0,
          394.0
        ],
        [
          387.0,
          353.0
        ],
        [
          327.0,
          292.0
        ],
        [
          279.0,
          273.0
        ],
        [
          232.0,
          254.0
        ],
        [
          182.0,
          236.0
        ],
        [
          133.0,
          204.0
        ],
        [
          84.0,
          186.0
        ]
      ],
      "group_id": null,
      "shape_type": "polygon",
      "flags": {}
    },
    {
      "label": "oyster",
      "points": [
        [
          362.0,
          4.0
        ],
        [
          176.0,
          5.0
        ],
        [
          225.0,
          128.0
        ],
        [
          243.0,
          174.0
        ],
        [
          293.0,
          222.0
        ],
        [
          352.0,
          252.0
        ],
        [
          412.0,
          312.0
        ],
        [
          456.0,
          339.0
        ],
        [
          518.0,
          383.0
        ],
        [
          567.0,
          415.0
        ],
        [
          663.0,
          394.0
        ],
        [
          659.0,
          309.0
        ],
        [
          641.0,
          250.0
        ],
        [
          623.0,
          198.0
        ],
        [
          606.0,
          116.0
        ],
        [
          592.0,
          3.0
        ]
      ],
      "group_id": null,
      "shape_type": "polygon",
      "flags": {}
    },
    {
      "label": "oyster",
      "points": [
        [
          865.0,
          34.0
        ],
        [
          870.0,
          35.0
        ]
      ],
      "group_id": null,
      "shape_type": "polygon",
      "flags": {}
    },
    {
      "label": "oyster",
      "points": [
        [
          1432.0,
          1371.0
        ],
        [
          1242.0,
          1345.0
        ],
        [
          1010.0,
          1345.0
        ],
        [
          912.0,
          1399.0
        ],
        [
          1034.0,
          1549.0
        ],
        [
          1194.0,
          1569.0
        ],
        [
          1438.0,
          1513.0
        ]
      ],
      "group_id": null,
      "shape_type": "polygon",
      "flags": {}
    },
    {
      "label": "oyster",
      "points": [
        [
          1204.0,
          1325.0
        ],
        [
          1414.0,
          1281.0
        ],
        [
          1424.0,
          755.0
        ],
        [
          1310.0,
          665.0
        ],
        [
          1090.0,
          705.0
        ],
        [
          852.0,
          755.0
        ],
        [
          662.0,
          853.0
        ],
        [
          644.0,
          1069.0
        ],
        [
          962.0,
          1285.0
        ]
      ],
      "group_id": null,
      "shape_type": "polygon",
      "flags": {}
    },
    {
      "label": "oyster",
      "points": [
        [
          1070.0,
          505.0
        ],
        [
          834.0,
          229.0
        ],
        [
          770.0,
          83.0
        ],
        [
          802.0,
          13.0
        ],
        [
          1036.0,
          11.0
        ],
        [
          1144.0,
          347.0
        ],
        [
          1138.0,
          467.0
        ]
      ],
      "group_id": null,
      "shape_type": "polygon",
      "flags": {}
    },
    {
      "label": "shell",
      "points": [
        [
          874.0,
          645.0
        ],
        [
          228.0,
          987.0
        ],
        [
          232.0,
          1089.0
        ],
        [
          264.0,
          1261.0
        ],
        [
          366.0,
          1303.0
        ],
        [
          1000.0,
          1347.0
        ],
        [
          958.0,
          1285.0
        ],
        [
          842.0,
          1229.0
        ],
        [
          730.0,
          1155.0
        ],
        [
          638.0,
          1093.0
        ],
        [
          636.0,
          977.0
        ],
        [
          646.0,
          849.0
        ],
        [
          742.0,
          773.0
        ],
        [
          1004.0,
          703.0
        ],
        [
          930.0,
          643.0
        ]
      ],
      "group_id": null,
      "shape_type": "polygon",
      "flags": {}
    }
  ],
  "imagePath": "7.jpg",
  "imageData": null,
  "imageHeight": 1920,
  "imageWidth": 1440
}