{
  "imageWidth": 1440,
  "imagePath": "70.jpg",
  "imageHeight": 1920,
  "shapes": [
    {
      "points": [
        [
          20.0,
          238.0
        ],
        [
          7.0,
          1424.0
        ],
        [
          134.0,
          1455.0
        ],
        [
          228.0,
          1480.0
        ],
        [
          284.0,
          1421.0
        ],
        [
          302.0,
          1375.0
        ],
        [
          321.0,
          1332.0
        ],
        [
          340.0,
          1287.0
        ],
        [
          357.0,
          1215.0
        ],
        [
          357.0,
          890.0
        ],
        [
          340.0,
          823.0
        ],
        [
          322.0,
          780.0
        ],
        [
          305.0,
          715.0
        ],
        [
          287.0,
          653.0
        ],
        [
          270.0,
          590.0
        ],
        [
          252.0,
          547.0
        ],
        [
          235.0,
          495.0
        ],
        [
          202.0,
          440.0
        ],
        [
          151.0,
          373.0
        ],
        [
          101.0,
          318.0
        ],
        [
          51.0,
          272.0
        ]
      ],
      "shape_type": "polygon",
      "label": "oyster",
      "group_id": null,
      "flags": {}
    },
    {
      "points": [
        [
          641.0,
          15.0
        ],
        [
          592.0,
          42.0
        ],
        [
          436.0,
          129.0
        ],
        [
          398.0,
          393.0
        ],
        [
          526.0,
          545.0
        ],
        [
          867.0,
          573.0
        ],
        [
          949.0,
          556.0
        ],
        [
          1017.0,
          504.0
        ],
        [
          1065.0,
          440.0
        ],
        [
          1086.0,
          397.0
        ],
        [
          1103.0,
          343.0
        ],
        [
          1086.0,
          170.0
        ],
        [
          1020.0,
          110.0
        ],
        [
          969.0,
          77.0
        ],
        [
          921.0,
          51.0
        ],
        [
          822.0,
          30.0
        ]
      ],
      "shape_type": "polygon",
      "label": "oyster",
      "group_id": null,
      "flags": {}
    },
    {
      "points": [
        [
          1248.0,
          1357.0
        ],
        [
          930.0,
          1395.0
        ],
        [
          820.0,
          1461.0
        ],
        [
          724.0,
          1509.0
        ],
        [
          654.0,
          1579.0
        ],
        [
          608.0,
          1637.0
        ],
        [
          576.0,
          1661.0
        ],
        [
          528.0,
          1665.0
        ],
        [
          540.0,
          1717.0
        ],
        [
          488.0,
          1803.0
        ],
        [
          446.0,
          1911.0
        ],
        [
          510.0,
          1915.0
        ],
        [
          867.0,
          1905.0
        ],
        [
          1218.0,
          1917.0
        ],
        [
          1243.0,
          1789.0
        ],
        [
          1261.0,
          1735.0
        ],
        [
          1264.0,
          1615.0
        ],
        [
          1246.0,
          1559.0
        ],
        [
          1225.0,
          1512.0
        ]
      ],
      "shape_type": "polygon",
      "label": "oyster",
      "group_id": null,
      "flags": {}
    },
    {
      "points": [
        [
          1438.0,
          1481.0
        ],
        [
          1369.0,
          1503.0
        ],
        [
          1352.0,
          1554.0
        ],
        [
          1334.0,
          1603.0
        ],
        [
          1317.0,
          1702.0
        ],
        [
          1293.0,
          1743.0
        ],
        [
          1240.0,
          1907.0
        ],
        [
          1441.0,
          1908.0
        ]
      ],
      "shape_type": "polygon",
      "label": "oyster",
      "group_id": null,
      "flags": {}
    },
    {
      "points": [
        [
          1218.0,
          113.0
        ],
        [
          1142.0,
          91.0
        ],
        [
          1064.0,
          131.0
        ],
        [
          1106.0,
          199.0
        ],
        [
          1128.0,
          311.0
        ],
        [
          1118.0,
          413.0
        ],
        [
          1059.0,
          461.0
        ],
        [
          981.0,
          542.0
        ],
        [
          1045.0,
          586.0
        ],
        [
          1153.0,
          574.0
        ],
        [
          1208.0,
          554.0
        ],
        [
          1249.0,
          536.0
        ],
        [
          1299.0,
          498.0
        ],
        [
          1358.0,
          432.0
        ],
        [
          1362.0,
          286.0
        ],
        [
          1346.0,
          97.0
        ]
      ],
      "shape_type": "polygon",
      "label": "oyster",
      "group_id": null,
      "flags": {}
    },
    {
      "points": [
        [
          611.0,
          954.0
        ]
      ],
      "shape_type": "polygon",
      "label": "oyster",
      "group_id": null,
      "flags": {}
    },
    {
      "points": [
        [
          482.0,
          1679.0
        ],
        [
          494.0,
          1737.0
        ],
        [
          422.0,
          1801.0
        ],
        [
          442.0,
          1873.0
        ],
        [
          374.0,
          1917.0
        ],
        [
          2.0,
          1909.0
        ],
        [
          12.0,
          1839.0
        ],
        [
          352.0,
          1683.0
        ]
      ],
      "shape_type": "polygon",
      "label": "oyster",
      "group_id": null,
      "flags": {}
    }
  ],
  "imageData": null,
  "version": "4.1.1",
  "flags": {}
}