{
  "imageWidth": 1440,
  "imagePath": "71.jpg",
  "imageHeight": 1920,
  "shapes": [
    {
      "points": [
        [
          24.0,
          119.0
        ],
        [
          2.0,
          1087.0
        ],
        [
          17.0,
          1389.0
        ],
        [
          91.0,
          1413.0
        ],
        [
          135.0,
          1436.0
        ],
        [
          234.0,
          1453.0
        ],
        [
          299.0,
          1437.0
        ],
        [
          344.0,
          1403.0
        ],
        [
          372.0,
          1344.0
        ],
        [
          390.0,
          1273.0
        ],
        [
          407.0,
          1215.0
        ],
        [
          425.0,
          1079.0
        ],
        [
          442.0,
          914.0
        ],
        [
          424.0,
          794.0
        ],
        [
          407.0,
          719.0
        ],
        [
          389.0,
          640.0
        ],
        [
          372.0,
          568.0
        ],
        [
          354.0,
          505.0
        ],
        [
          337.0,
          455.0
        ],
        [
          319.0,
          418.0
        ],
        [
          277.0,
          358.0
        ],
        [
          215.0,
          287.0
        ],
        [
          157.0,
          237.0
        ],
        [
          103.0,
          171.0
        ],
        [
          70.0,
          138.0
        ]
      ],
      "shape_type": "polygon",
      "label": "oyster",
      "group_id": null,
      "flags": {}
    },
    {
      "points": [
        [
          803.0,
          5.0
        ],
        [
          758.0,
          57.0
        ],
        [
          741.0,
          201.0
        ],
        [
          723.0,
          434.0
        ],
        [
          749.0,
          525.0
        ],
        [
          1094.0,
          491.0
        ],
        [
          1169.0,
          416.0
        ],
        [
          1191.0,
          372.0
        ],
        [
          1209.0,
          316.0
        ],
        [
          1221.0,
          158.0
        ],
        [
          1183.0,
          113.0
        ],
        [
          1112.0,
          62.0
        ],
        [
          1079.0,
          19.0
        ]
      ],
      "shape_type": "polygon",
      "label": "oyster",
      "group_id": null,
      "flags": {}
    },
    {
      "points": [
        [
          1359.0,
          159.0
        ],
        [
          1313.0,
          178.0
        ],
        [
          1262.0,
          207.0
        ],
        [
          1243.0,
          266.0
        ],
        [
          1226.0,
          311.0
        ],
        [
          1208.0,
          353.0
        ],
        [
          1189.0,
          394.0
        ],
        [
          1147.0,
          456.0
        ],
        [
          1096.0,
          511.0
        ],
        [
          1245.0,
          535.0
        ],
        [
          1307.0,
          518.0
        ],
        [
          1345.0,
          500.0
        ],
        [
          1388.0,
          480.0
        ],
        [
          1421.0,
          164.0
        ]
      ],
      "shape_type": "polygon",
      "label": "oyster",
      "group_id": null,
      "flags": {}
    },
    {
      "points": [
        [
          1302.0,
          1479.0
        ],
        [
          1384.0,
          1637.0
        ],
        [
          1316.0,
          1917.0
        ],
        [
          536.0,
          1911.0
        ],
        [
          598.0,
          1717.0
        ],
        [
          658.0,
          1587.0
        ],
        [
          792.0,
          1499.0
        ],
        [
          1134.0,
          1427.0
        ]
      ],
      "shape_type": "polygon",
      "label": "oyster",
      "group_id": null,
      "flags": {}
    },
    {
      "points": [
        [
          570.0,
          1719.0
        ],
        [
          558.0,
          1763.0
        ],
        [
          482,
          1919
        ],
        [
          10.0,
          1917.0
        ],
        [
          180.0,
          1799.0
        ],
        [
          300.0,
          1693.0
        ],
        [
          504.0,
          1669.0
        ]
      ],
      "shape_type": "polygon",
      "label": "oyster",
      "group_id": null,
      "flags": {}
    }
  ],
  "imageData": null,
  "version": "4.1.1",
  "flags": {}
}