{
  "imageWidth": 1440,
  "imagePath": "72.jpg",
  "imageHeight": 1920,
  "shapes": [
    {
      "points": [
        [
          141.0,
          220.0
        ],
        [
          81.0,
          248.0
        ],
        [
          22.0,
          307.0
        ],
        [
          4.0,
          367.0
        ],
        [
          15.0,
          1432.0
        ],
        [
          45.0,
          1475.0
        ],
        [
          117.0,
          1492.0
        ],
        [
          181.0,
          1510.0
        ],
        [
          367.0,
          1509.0
        ],
        [
          445.0,
          1439.0
        ],
        [
          473.0,
          1391.0
        ],
        [
          491.0,
          1344.0
        ],
        [
          508.0,
          1269.0
        ],
        [
          526.0,
          1150.0
        ],
        [
          517.0,
          812.0
        ],
        [
          499.0,
          747.0
        ],
        [
          482.0,
          679.0
        ],
        [
          464.0,
          617.0
        ],
        [
          447.0,
          574.0
        ],
        [
          429.0,
          534.0
        ],
        [
          408.0,
          493.0
        ],
        [
          367.0,
          436.0
        ],
        [
          325.0,
          377.0
        ],
        [
          282.0,
          322.0
        ],
        [
          234.0,
          272.0
        ]
      ],
      "shape_type": "polygon",
      "label": "oyster",
      "group_id": null,
      "flags": {}
    },
    {
      "points": [
        [
          1007.0,
          53.0
        ],
        [
          966.0,
          101.0
        ],
        [
          949.0,
          156.0
        ],
        [
          931.0,
          213.0
        ],
        [
          914.0,
          332.0
        ],
        [
          896.0,
          423.0
        ],
        [
          879.0,
          565.0
        ],
        [
          1011.0,
          633.0
        ],
        [
          1125.0,
          616.0
        ],
        [
          1186.0,
          598.0
        ],
        [
          1267.0,
          527.0
        ],
        [
          1298.0,
          480.0
        ],
        [
          1316.0,
          441.0
        ],
        [
          1334.0,
          379.0
        ],
        [
          1291.0,
          199.0
        ],
        [
          1202.0,
          119.0
        ],
        [
          1160.0,
          96.0
        ],
        [
          1121.0,
          77.0
        ],
        [
          1044.0,
          60.0
        ]
      ],
      "shape_type": "polygon",
      "label": "oyster",
      "group_id": null,
      "flags": {}
    },
    {
      "points": [
        [
          1337.0,
          1580.0
        ],
        [
          1276.0,
          1598.0
        ],
        [
          1236.0,
          1628.0
        ],
        [
          1193.0,
          1642.0
        ],
        [
          1108.0,
          1640.0
        ],
        [
          1058.0,
          1687.0
        ],
        [
          952.0,
          1690.0
        ],
        [
          887.0,
          1695.0
        ],
        [
          819.0,
          1692.0
        ],
        [
          763.0,
          1725.0
        ],
        [
          717.0,
          1788.0
        ],
        [
          696.0,
          1883.0
        ],
        [
          770.0,
          1908.0
        ],
        [
          1405.0,
          1899.0
        ],
        [
          1424.0,
          1717.0
        ],
        [
          1403.0,
          1641.0
        ],
        [
          1369.0,
          1585.0
        ]
      ],
      "shape_type": "polygon",
      "label": "oyster",
      "group_id": null,
      "flags": {}
    },
    {
      "points": [
        [
          1400.0,
          296.0
        ],
        [
          1368.0,
          333.0
        ],
        [
          1351.0,
          373.0
        ],
        [
          1333.0,
          419.0
        ],
        [
          1310.0,
          461.0
        ],
        [
          1286.0,
          507.0
        ],
        [
          1210.0,
          583.0
        ],
        [
          1342.0,
          627.0
        ],
        [
          1417.0,
          609.0
        ],
        [
          1418.0,
          301.0
        ]
      ],
      "shape_type": "polygon",
      "label": "oyster",
      "group_id": null,
      "flags": {}
    },
    {
      "points": [
        [
          765.0,
          993.0
        ],
        [
          771.0,
          1034.0
        ]
      ],
      "shape_type": "polygon",
      "label": "oyster",
      "group_id": null,
      "flags": {}
    },
    {
      "points": [
        [
          633.0,
          618.0
        ],
        [
          639.0,
          637.0
        ]
      ],
      "shape_type": "polygon",
      "label": "oyster",
      "group_id": null,
      "flags": {}
    },
    {
      "points": [
        [
          958.0,
          47.0
        ],
        [
          840.0,
          627.0
        ],
        [
          764.0,
          569.0
        ],
        [
          624.0,
          493.0
        ],
        [
          546.0,
          289.0
        ],
        [
          652.0,
          109.0
        ],
        [
          768.0,
          31.0
        ]
      ],
      "shape_type": "polygon",
      "label": "oyster",
      "group_id": null,
      "flags": {}
    }
  ],
  "imageData": null,
  "version": "4.1.1",
  "flags": {}
}