{
  "imageWidth": 1440,
  "imagePath": "73.jpg",
  "imageHeight": 1920,
  "shapes": [
    {
      "points": [
        [
          50.0,
          5.0
        ],
        [
          10.0,
          1010.0
        ],
        [
          40.0,
          1596.0
        ],
        [
          422.0,
          1609.0
        ],
        [
          481.0,
          1575.0
        ],
        [
          500.0,
          1535.0
        ],
        [
          518.0,
          1487.0
        ],
        [
          535.0,
          1424.0
        ],
        [
          547.0,
          800.0
        ],
        [
          530.0,
          625.0
        ],
        [
          512.0,
          553.0
        ],
        [
          495.0,
          499.0
        ],
        [
          475.0,
          453.0
        ],
        [
          458.0,
          413.0
        ],
        [
          437.0,
          372.0
        ],
        [
          409.0,
          325.0
        ],
        [
          384.0,
          282.0
        ],
        [
          349.0,
          227.0
        ],
        [
          298.0,
          167.0
        ],
        [
          245.0,
          114.0
        ],
        [
          187.0,
          53.0
        ],
        [
          85.0,
          6.0
        ]
      ],
      "shape_type": "polygon",
      "label": "oyster",
      "group_id": null,
      "flags": {}
    },
    {
      "points": [
        [
          1228.0,
          29.0
        ],
        [
          1178.0,
          1.0
        ],
        [
          1123.0,
          137.0
        ],
        [
          1105.0,
          199.0
        ],
        [
          1088.0,
          269.0
        ],
        [
          1070.0,
          350.0
        ],
        [
          1053.0,
          434.0
        ],
        [
          1035.0,
          514.0
        ],
        [
          1115.0,
          580.0
        ],
        [
          1167.0,
          561.0
        ],
        [
          1247.0,
          544.0
        ],
        [
          1342.0,
          526.0
        ],
        [
          1438.0,
          493.0
        ],
        [
          1436.0,
          199.0
        ],
        [
          1340.0,
          101.0
        ],
        [
          1270.0,
          63.0
        ]
      ],
      "shape_type": "polygon",
      "label": "oyster",
      "group_id": null,
      "flags": {}
    },
    {
      "points": [
        [
          1085.0,
          886.0
        ]
      ],
      "shape_type": "polygon",
      "label": "oyster",
      "group_id": null,
      "flags": {}
    },
    {
      "points": [
        [
          1150.0,
          9.0
        ],
        [
          992.0,
          561.0
        ],
        [
          876.0,
          505.0
        ],
        [
          782.0,
          389.0
        ],
        [
          692.0,
          333.0
        ],
        [
          628.0,
          209.0
        ],
        [
          662.0,
          101.0
        ],
        [
          742,
          0
        ]
      ],
      "shape_type": "polygon",
      "label": "oyster",
      "group_id": null,
      "flags": {}
    }
  ],
  "imageData": null,
  "version": "4.1.1",
  "flags": {}
}