{
  "version": "4.5.6",
  "flags": {},
  "shapes": [
    {
      "label": "oyster",
      "points": [
        [
          1142.0,
          1571.0
        ],
        [
          941.0,
          1603.0
        ],
        [
          904.0,
          1621.0
        ],
        [
          847.0,
          1661.0
        ],
        [
          802.0,
          1688.0
        ],
        [
          742.0,
          1733.0
        ],
        [
          679.0,
          1778.0
        ],
        [
          612.0,
          1828.0
        ],
        [
          614.0,
          1919.0
        ],
        [
          1082.0,
          1919.0
        ],
        [
          1436.0,
          1919.0
        ],
        [
          1430.0,
          1827.0
        ],
        [
          1434.0,
          1503.0
        ],
        [
          1322.0,
          1553.0
        ]
      ],
      "group_id": null,
      "shape_type": "polygon",
      "flags": {}
    },
    {
      "label": "oyster",
      "points": [
        [
          64.0,
          148.0
        ],
        [
          19.0,
          163.0
        ],
        [
          0.0,
          324.0
        ],
        [
          14.0,
          669.0
        ],
        [
          126.0,
          652.0
        ],
        [
          178.0,
          631.0
        ],
        [
          226.0,
          610.0
        ],
        [
          289.0,
          593.0
        ],
        [
          348.0,
          575.0
        ],
        [
          459.0,
          558.0
        ],
        [
          460.0,
          418.0
        ],
        [
          442.0,
          372.0
        ],
        [
          420.0,
          328.0
        ],
        [
          365.0,
          266.0
        ],
        [
          317.0,
          244.0
        ],
        [
          270.0,
          226.0
        ],
        [
          215.0,
          208.0
        ],
        [
          171.0,
          184.0
        ],
        [
          125.0,
          161.0
        ]
      ],
      "group_id": null,
      "shape_type": "polygon",
      "flags": {}
    },
    {
      "label": "oyster",
      "points": [
        [
          518.0,
          1442.0
        ],
        [
          463.0,
          1461.0
        ],
        [
          400.0,
          1506.0
        ],
        [
          322.0,
          1581.0
        ],
        [
          258.0,
          1657.0
        ],
        [
          239.0,
          1719.0
        ],
        [
          224.0,
          1917.0
        ],
        [
          582.0,
          1913.0
        ],
        [
          576.0,
          1849.0
        ],
        [
          601.0,
          1804.0
        ],
        [
          638.0,
          1739.0
        ],
        [
          655.0,
          1664.0
        ],
        [
          673.0,
          1600.0
        ],
        [
          660.0,
          1492.0
        ],
        [
          619.0,
          1472.0
        ],
        [
          579.0,
          1450.0
        ]
      ],
      "group_id": null,
      "shape_type": "polygon",
      "flags": {}
    },
    {
      "label": "oyster",
      "points": [
        [
          381.0,
          8.0
        ],
        [
          214.0,
          9.0
        ],
        [
          239.0,
          103.0
        ],
        [
          258.0,
          144.0
        ],
        [
          311.0,
          202.0
        ],
        [
          356.0,
          241.0
        ],
        [
          413.0,
          293.0
        ],
        [
          465.0,
          327.0
        ],
        [
          515.0,
          356.0
        ],
        [
          560.0,
          384.0
        ],
        [
          662.0,
          415.0
        ],
        [
          697.0,
          346.0
        ],
        [
          680.0,
          268.0
        ],
        [
          662.0,
          215.0
        ],
        [
          643.0,
          162.0
        ],
        [
          625.0,
          102.0
        ],
        [
          606.0,
          13.0
        ]
      ],
      "group_id": null,
      "shape_type": "polygon",
      "flags": {}
    },
    {
      "label": "oyster",
      "points": [
        [
          1074.0,
          707.0
        ],
        [
          996.0,
          723.0
        ],
        [
          943.0,
          762.0
        ],
        [
          821.0,
          786.0
        ],
        [
          766.0,
          807.0
        ],
        [
          703.0,
          861.0
        ],
        [
          712.0,
          976.0
        ],
        [
          737.0,
          1097.0
        ],
        [
          817.0,
          1169.0
        ],
        [
          860.0,
          1194.0
        ],
        [
          910.0,
          1214.0
        ],
        [
          965.0,
          1233.0
        ],
        [
          1019.0,
          1250.0
        ],
        [
          1080.0,
          1283.0
        ],
        [
          1189.0,
          1251.0
        ],
        [
          1201.0,
          986.0
        ],
        [
          1184.0,
          871.0
        ],
        [
          1166.0,
          803.0
        ],
        [
          1164.0,
          707.0
        ]
      ],
      "group_id": null,
      "shape_type": "polygon",
      "flags": {}
    },
    {
      "label": "oyster",
      "points": [
        [
          80.0,
          1687.0
        ],
        [
          29.0,
          1707.0
        ],
        [
          4.0,
          1903.0
        ],
        [
          162.0,
          1917.0
        ],
        [
          149.0,
          1773.0
        ],
        [
          85.0,
          1688.0
        ]
      ],
      "group_id": null,
      "shape_type": "polygon",
      "flags": {}
    },
    {
      "label": "oyster",
      "points": [
        [
          872.0,
          14.0
        ],
        [
          839.0,
          91.0
        ],
        [
          856.0,
          150.0
        ],
        [
          874.0,
          205.0
        ],
        [
          897.0,
          250.0
        ],
        [
          916.0,
          292.0
        ],
        [
          933.0,
          335.0
        ],
        [
          988.0,
          377.0
        ],
        [
          1031.0,
          436.0
        ],
        [
          1164.0,
          463.0
        ],
        [
          1126.0,
          345.0
        ],
        [
          1118.0,
          281.0
        ],
        [
          1088.0,
          223.0
        ],
        [
          1056.0,
          161.0
        ],
        [
          1054.0,
          97.0
        ],
        [
          1052.0,
          45.0
        ],
        [
          968.0,
          5.0
        ],
        [
          905.0,
          17.0
        ]
      ],
      "group_id": null,
      "shape_type": "polygon",
      "flags": {}
    },
    {
      "label": "oyster",
      "points": [
        [
          1264.0,
          707.0
        ],
        [
          1206.0,
          813.0
        ],
        [
          1230.0,
          1289.0
        ],
        [
          1422.0,
          1327.0
        ],
        [
          1434.0,
          703.0
        ],
        [
          1344.0,
          679.0
        ]
      ],
      "group_id": null,
      "shape_type": "polygon",
      "flags": {}
    },
    {
      "label": "shell",
      "points": [
        [
          922.0,
          643.0
        ],
        [
          314.0,
          945.0
        ],
        [
          324.0,
          1117.0
        ],
        [
          400.0,
          1285.0
        ],
        [
          636.0,
          1409.0
        ],
        [
          1106.0,
          1321.0
        ],
        [
          1046.0,
          1285.0
        ],
        [
          900.0,
          1245.0
        ],
        [
          790.0,
          1171.0
        ],
        [
          716.0,
          1077.0
        ],
        [
          674.0,
          841.0
        ],
        [
          778.0,
          791.0
        ],
        [
          976.0,
          747.0
        ],
        [
          1044.0,
          699.0
        ],
        [
          980.0,
          655.0
        ]
      ],
      "group_id": null,
      "shape_type": "polygon",
      "flags": {}
    }
  ],
  "imagePath": "8.jpg",
  "imageData": null,
  "imageHeight": 1920,
  "imageWidth": 1440
}