{
  "imageWidth": 1440,
  "imagePath": "80.jpg",
  "imageHeight": 1920,
  "shapes": [
    {
      "points": [
        [
          0.2820512820512704,
          307.56410256410254
        ],
        [
          6.0,
          744.0
        ],
        [
          14.0,
          1607.0
        ],
        [
          72.0,
          1641.0
        ],
        [
          114.0,
          1661.0
        ],
        [
          173.0,
          1679.0
        ],
        [
          354.0,
          1701.0
        ],
        [
          437.0,
          1682.0
        ],
        [
          509.0,
          1616.0
        ],
        [
          533.0,
          1575.0
        ],
        [
          552.0,
          1531.0
        ],
        [
          572.0,
          1482.0
        ],
        [
          672.0,
          1263.0
        ],
        [
          690.0256410256409,
          1051.1538461538462
        ],
        [
          842.0,
          615.0
        ],
        [
          608.0,
          447.0
        ],
        [
          310.53846153846143,
          269.1025641025641
        ]
      ],
      "shape_type": "polygon",
      "label": "oyster",
      "group_id": null,
      "flags": {}
    }
  ],
  "imageData": null,
  "version": "4.1.1",
  "flags": {}
}