{
  "version": "4.5.6",
  "flags": {},
  "shapes": [
    {
      "label": "oyster",
      "points": [
        [
          173.0,
          3.0
        ],
        [
          7.0,
          29.0
        ],
        [
          12.0,
          1569.0
        ],
        [
          34.0,
          1610.0
        ],
        [
          82.0,
          1655.0
        ],
        [
          129.0,
          1684.0
        ],
        [
          173.0,
          1703.0
        ],
        [
          323.0,
          1693.0
        ],
        [
          361.0,
          1676.0
        ],
        [
          407.0,
          1657.0
        ],
        [
          458.0,
          1606.0
        ],
        [
          484.0,
          1563.0
        ],
        [
          514.0,
          1515.0
        ],
        [
          532.0,
          1472.0
        ],
        [
          557.0,
          1429.0
        ],
        [
          578.0,
          1389.0
        ],
        [
          596.0,
          1344.0
        ],
        [
          584.0,
          1294.0
        ],
        [
          560.0,
          1222.0
        ],
        [
          592.0,
          1198.0
        ],
        [
          612.0,
          1166.0
        ],
        [
          616.0,
          1074.0
        ],
        [
          644.0,
          1018.0
        ],
        [
          648.0,
          978.0
        ],
        [
          668.0,
          914.0
        ],
        [
          664.0,
          874.0
        ],
        [
          644.0,
          698.0
        ],
        [
          664.0,
          622.0
        ],
        [
          604.0,
          522.0
        ],
        [
          604.0,
          474.0
        ],
        [
          582.0,
          414.0
        ],
        [
          524.0,
          339.0
        ],
        [
          498.0,
          295.0
        ],
        [
          460.0,
          238.0
        ],
        [
          395.0,
          155.0
        ],
        [
          376.0,
          113.0
        ],
        [
          356.0,
          74.0
        ],
        [
          316.0,
          17.0
        ]
      ],
      "group_id": null,
      "shape_type": "polygon",
      "flags": {}
    }
  ],
  "imagePath": "81.jpg",
  "imageData": null,
  "imageHeight": 1920,
  "imageWidth": 1440
}