{
  "version": "4.5.6",
  "flags": {},
  "shapes": [
    {
      "label": "oyster",
      "points": [
        [
          2.0,
          27.0
        ],
        [
          1.0,
          1364.0
        ],
        [
          23.0,
          1524.0
        ],
        [
          70.0,
          1556.0
        ],
        [
          168.0,
          1554.0
        ],
        [
          209.0,
          1535.0
        ],
        [
          252.0,
          1517.0
        ],
        [
          303.0,
          1486.0
        ],
        [
          376.0,
          1408.0
        ],
        [
          400.0,
          1369.0
        ],
        [
          418.0,
          1329.0
        ],
        [
          435.0,
          1229.0
        ],
        [
          453.0,
          1140.0
        ],
        [
          470.0,
          1069.0
        ],
        [
          488.0,
          1015.0
        ],
        [
          505.0,
          946.0
        ],
        [
          493.0,
          791.0
        ],
        [
          476.0,
          703.0
        ],
        [
          458.0,
          594.0
        ],
        [
          441.0,
          520.0
        ],
        [
          423.0,
          456.0
        ],
        [
          406.0,
          397.0
        ],
        [
          388.0,
          332.0
        ],
        [
          371.0,
          284.0
        ],
        [
          353.0,
          248.0
        ],
        [
          325.0,
          202.0
        ],
        [
          293.0,
          153.0
        ],
        [
          273.0,
          111.0
        ],
        [
          255.0,
          68.0
        ],
        [
          238.0,
          30.0
        ]
      ],
      "group_id": null,
      "shape_type": "polygon",
      "flags": {}
    },
    {
      "label": "oyster",
      "points": [
        [
          1045.0,
          2.0
        ],
        [
          960.0,
          1.0
        ],
        [
          932.0,
          129.0
        ],
        [
          874.0,
          387.0
        ],
        [
          944.0,
          375.0
        ],
        [
          1207.0,
          386.0
        ],
        [
          1256.0,
          367.0
        ],
        [
          1305.0,
          350.0
        ],
        [
          1438.0,
          249.0
        ],
        [
          1412.0,
          3.0
        ]
      ],
      "group_id": null,
      "shape_type": "polygon",
      "flags": {}
    },
    {
      "label": "oyster",
      "points": [
        [
          482.0,
          308.0
        ]
      ],
      "group_id": null,
      "shape_type": "polygon",
      "flags": {}
    },
    {
      "label": "oyster",
      "points": [
        [
          944.0,
          7.0
        ],
        [
          854.0,
          407.0
        ],
        [
          820.0,
          391.0
        ],
        [
          740.0,
          323.0
        ],
        [
          634.0,
          313.0
        ],
        [
          484.0,
          339.0
        ],
        [
          240.0,
          11.0
        ]
      ],
      "group_id": null,
      "shape_type": "polygon",
      "flags": {}
    }
  ],
  "imagePath": "82.jpg",
  "imageData": null,
  "imageHeight": 1920,
  "imageWidth": 1440
}