{
  "imageWidth": 1440,
  "imagePath": "95.jpg",
  "imageHeight": 1920,
  "shapes": [
    {
      "points": [
        [
          613.0,
          8.0
        ],
        [
          325.0,
          26.0
        ],
        [
          258.0,
          99.0
        ],
        [
          240.0,
          142.0
        ],
        [
          221.0,
          181.0
        ],
        [
          203.0,
          266.0
        ],
        [
          186.0,
          358.0
        ],
        [
          198.0,
          493.0
        ],
        [
          215.0,
          558.0
        ],
        [
          237.0,
          600.0
        ],
        [
          254.0,
          642.0
        ],
        [
          285.0,
          691.0
        ],
        [
          327.0,
          755.0
        ],
        [
          354.0,
          800.0
        ],
        [
          374.0,
          840.0
        ],
        [
          405.0,
          894.0
        ],
        [
          435.0,
          945.0
        ],
        [
          472.0,
          1000.0
        ],
        [
          489.0,
          1044.0
        ],
        [
          567.0,
          1111.0
        ],
        [
          623.0,
          1149.0
        ],
        [
          667.0,
          1167.0
        ],
        [
          713.0,
          1195.0
        ],
        [
          759.0,
          1213.0
        ],
        [
          798.0,
          1231.0
        ],
        [
          914.0,
          1223.0
        ],
        [
          965.0,
          1158.0
        ],
        [
          983.0,
          1106.0
        ],
        [
          1000.0,
          1030.0
        ],
        [
          1018.0,
          931.0
        ],
        [
          1041.0,
          880.0
        ],
        [
          1058.0,
          855.0
        ],
        [
          1066.0,
          795.0
        ],
        [
          1078.0,
          739.0
        ],
        [
          1118.0,
          689.0
        ],
        [
          1120.0,
          589.0
        ],
        [
          1104.0,
          463.0
        ],
        [
          1094.0,
          399.0
        ],
        [
          1108.0,
          357.0
        ],
        [
          1116.0,
          309.0
        ],
        [
          1118.0,
          267.0
        ],
        [
          1123.0,
          216.0
        ],
        [
          1106.0,
          171.0
        ],
        [
          1088.0,
          127.0
        ],
        [
          1069.0,
          86.0
        ],
        [
          1046.0,
          45.0
        ],
        [
          970.0,
          15.0
        ]
      ],
      "shape_type": "polygon",
      "label": "oyster",
      "group_id": null,
      "flags": {}
    },
    {
      "points": [
        [
          440.0,
          1171.0
        ],
        [
          370.0,
          1203.0
        ],
        [
          339.0,
          1238.0
        ],
        [
          302.0,
          1292.0
        ],
        [
          283.0,
          1339.0
        ],
        [
          265.0,
          1387.0
        ],
        [
          247.0,
          1428.0
        ],
        [
          225.0,
          1472.0
        ],
        [
          190.0,
          1525.0
        ],
        [
          123.0,
          1609.0
        ],
        [
          90.0,
          1660.0
        ],
        [
          67.0,
          1701.0
        ],
        [
          46.0,
          1754.0
        ],
        [
          28.0,
          1809.0
        ],
        [
          17.0,
          1888.0
        ],
        [
          285.0,
          1904.0
        ],
        [
          368.0,
          1887.0
        ],
        [
          397.0,
          1844.0
        ],
        [
          414.0,
          1795.0
        ],
        [
          464.0,
          1732.0
        ],
        [
          538.0,
          1640.0
        ],
        [
          598.0,
          1563.0
        ],
        [
          630.0,
          1511.0
        ],
        [
          651.0,
          1472.0
        ],
        [
          668.0,
          1419.0
        ],
        [
          652.0,
          1309.0
        ],
        [
          606.0,
          1245.0
        ],
        [
          576.0,
          1212.0
        ],
        [
          507.0,
          1190.0
        ],
        [
          454.0,
          1171.0
        ]
      ],
      "shape_type": "polygon",
      "label": "oyster",
      "group_id": null,
      "flags": {}
    },
    {
      "points": [
        [
          22.0,
          674.0
        ],
        [
          0.0,
          721.0
        ],
        [
          9.0,
          1450.0
        ],
        [
          75.0,
          1418.0
        ],
        [
          178.0,
          1383.0
        ],
        [
          202.0,
          1314.0
        ],
        [
          241.0,
          1256.0
        ],
        [
          295.0,
          1186.0
        ],
        [
          313.0,
          1133.0
        ],
        [
          299.0,
          1035.0
        ],
        [
          282.0,
          991.0
        ],
        [
          229.0,
          926.0
        ],
        [
          190.0,
          867.0
        ],
        [
          172.0,
          824.0
        ],
        [
          155.0,
          781.0
        ],
        [
          137.0,
          730.0
        ],
        [
          95.0,
          689.0
        ]
      ],
      "shape_type": "polygon",
      "label": "oyster",
      "group_id": null,
      "flags": {}
    },
    {
      "points": [
        [
          920.0,
          1513.0
        ],
        [
          849.0,
          1531.0
        ],
        [
          809.0,
          1553.0
        ],
        [
          756.0,
          1576.0
        ],
        [
          695.0,
          1603.0
        ],
        [
          645.0,
          1641.0
        ],
        [
          576.0,
          1751.0
        ],
        [
          644.0,
          1853.0
        ],
        [
          932.0,
          1811.0
        ],
        [
          1026.0,
          1771.0
        ],
        [
          1064.0,
          1677.0
        ],
        [
          1086.0,
          1628.0
        ],
        [
          1109.0,
          1578.0
        ],
        [
          1055.0,
          1531.0
        ],
        [
          940.0,
          1513.0
        ]
      ],
      "shape_type": "polygon",
      "label": "oyster",
      "group_id": null,
      "flags": {}
    }
  ],
  "imageData": null,
  "version": "4.1.1",
  "flags": {}
}