{
  "imageWidth": 1440,
  "imagePath": "96.jpg",
  "imageHeight": 1920,
  "shapes": [
    {
      "points": [
        [
          698.0,
          8.0
        ],
        [
          575.0,
          26.0
        ],
        [
          539.0,
          43.0
        ],
        [
          484.0,
          107.0
        ],
        [
          431.0,
          178.0
        ],
        [
          400.0,
          226.0
        ],
        [
          383.0,
          273.0
        ],
        [
          365.0,
          363.0
        ],
        [
          348.0,
          559.0
        ],
        [
          370.0,
          652.0
        ],
        [
          389.0,
          692.0
        ],
        [
          429.0,
          749.0
        ],
        [
          446.0,
          790.0
        ],
        [
          473.0,
          834.0
        ],
        [
          493.0,
          873.0
        ],
        [
          524.0,
          922.0
        ],
        [
          546.0,
          964.0
        ],
        [
          573.0,
          1008.0
        ],
        [
          624.0,
          1064.0
        ],
        [
          678.0,
          1100.0
        ],
        [
          724.0,
          1124.0
        ],
        [
          898.0,
          1138.0
        ],
        [
          959.0,
          1107.0
        ],
        [
          985.0,
          1064.0
        ],
        [
          1002.0,
          1025.0
        ],
        [
          1021.0,
          969.0
        ],
        [
          1039.0,
          923.0
        ],
        [
          1057.0,
          871.0
        ],
        [
          1074.0,
          811.0
        ],
        [
          1088.0,
          637.0
        ],
        [
          1075.0,
          397.0
        ],
        [
          1057.0,
          322.0
        ],
        [
          1040.0,
          248.0
        ],
        [
          1022.0,
          207.0
        ],
        [
          999.0,
          161.0
        ],
        [
          965.0,
          110.0
        ],
        [
          943.0,
          68.0
        ],
        [
          887.0,
          15.0
        ]
      ],
      "shape_type": "polygon",
      "label": "oyster",
      "group_id": null,
      "flags": {}
    },
    {
      "points": [
        [
          272.90909090909093,
          781.8181818181819
        ],
        [
          3.424242424242408,
          904.5454545454545
        ],
        [
          -1.1212121212121247,
          1452.7575757575758
        ],
        [
          110.87878787878788,
          1540.7575757575753
        ],
        [
          351.9090909090909,
          1304.5454545454545
        ],
        [
          535.2424242424242,
          1113.6363636363635
        ],
        [
          375.93939393939394,
          936.3636363636364
        ]
      ],
      "shape_type": "polygon",
      "label": "oyster",
      "group_id": null,
      "flags": {}
    },
    {
      "points": [
        [
          840.0,
          1233.0
        ],
        [
          596.0,
          1581.0
        ],
        [
          472.0,
          1919.0
        ],
        [
          252.0,
          1917.0
        ],
        [
          250.0,
          1591.0
        ],
        [
          462.0,
          1235.0
        ],
        [
          550.0,
          1185.0
        ],
        [
          616.0,
          1103.0
        ],
        [
          830.0,
          1187.0
        ]
      ],
      "shape_type": "polygon",
      "label": "oyster",
      "group_id": null,
      "flags": {}
    },
    {
      "points": [
        [
          739.7878787878788,
          1669.6969696969695
        ],
        [
          827.6666666666666,
          1625.7575757575758
        ],
        [
          1003.4242424242423,
          1637.8787878787878
        ],
        [
          1076.151515151515,
          1612.121212121212
        ],
        [
          1095.8484848484848,
          1481.8181818181818
        ],
        [
          1012.5151515151515,
          1421.2121212121212
        ],
        [
          761.0,
          1474.2424242424242
        ],
        [
          657.9696969696969,
          1571.2121212121212
        ]
      ],
      "shape_type": "polygon",
      "label": "oyster",
      "group_id": null,
      "flags": {}
    },
    {
      "points": [
        [
          1201.9090909090908,
          1528.7878787878788
        ],
        [
          1229.181818181818,
          1607.5757575757575
        ],
        [
          1188.2727272727273,
          1736.3636363636363
        ],
        [
          1123.121212121212,
          1833.3333333333333
        ],
        [
          1024.6363636363635,
          1916.6666666666665
        ],
        [
          897.3636363636363,
          1916.6666666666665
        ],
        [
          964.030303030303,
          1839.3939393939393
        ],
        [
          1014.030303030303,
          1692.4242424242423
        ],
        [
          1126.151515151515,
          1569.6969696969695
        ],
        [
          1154.9393939393938,
          1522.7272727272727
        ]
      ],
      "shape_type": "polygon",
      "label": "oyster",
      "group_id": null,
      "flags": {}
    }
  ],
  "imageData": null,
  "version": "4.1.1",
  "flags": {}
}