{
  "imageWidth": 1440,
  "imagePath": "97.jpg",
  "imageHeight": 1920,
  "shapes": [
    {
      "points": [
        [
          6.0,
          3.0
        ],
        [
          92.0,
          153.0
        ],
        [
          109.0,
          205.0
        ],
        [
          133.0,
          249.0
        ],
        [
          84.0,
          333.0
        ],
        [
          112.0,
          465.0
        ],
        [
          246.0,
          537.0
        ],
        [
          429.0,
          479.0
        ],
        [
          458.0,
          437.0
        ],
        [
          488.0,
          390.0
        ],
        [
          524.0,
          336.0
        ],
        [
          525.0,
          236.0
        ],
        [
          488.0,
          181.0
        ],
        [
          463.0,
          139.0
        ],
        [
          445.0,
          98.0
        ],
        [
          410.0,
          7.0
        ]
      ],
      "shape_type": "polygon",
      "label": "oyster",
      "group_id": null,
      "flags": {}
    },
    {
      "points": [
        [
          554.0,
          6.0
        ],
        [
          441.0,
          83.0
        ],
        [
          458.0,
          134.0
        ],
        [
          483.0,
          182.0
        ],
        [
          534.0,
          243.0
        ],
        [
          613.0,
          250.0
        ],
        [
          714.0,
          233.0
        ],
        [
          781.0,
          215.0
        ],
        [
          806.0,
          44.0
        ]
      ],
      "shape_type": "polygon",
      "label": "oyster",
      "group_id": null,
      "flags": {}
    },
    {
      "points": [
        [
          308.0,
          934.0
        ],
        [
          242.0,
          953.0
        ],
        [
          198.0,
          977.0
        ],
        [
          135.0,
          1023.0
        ],
        [
          79.0,
          1079.0
        ],
        [
          61.0,
          1151.0
        ],
        [
          44.0,
          1234.0
        ],
        [
          26.0,
          1281.0
        ],
        [
          50.0,
          1496.0
        ],
        [
          105.0,
          1566.0
        ],
        [
          233.0,
          1564.0
        ],
        [
          314.0,
          1482.0
        ],
        [
          405.0,
          1397.0
        ],
        [
          480.0,
          1306.0
        ],
        [
          501.0,
          1257.0
        ],
        [
          480.0,
          1087.0
        ],
        [
          443.0,
          1038.0
        ],
        [
          351.0,
          938.0
        ]
      ],
      "shape_type": "polygon",
      "label": "oyster",
      "group_id": null,
      "flags": {}
    },
    {
      "points": [
        [
          534.0,
          901.0
        ],
        [
          440.0,
          833.0
        ],
        [
          446.0,
          661.0
        ],
        [
          498.0,
          471.0
        ],
        [
          590.0,
          339.0
        ],
        [
          692.0,
          279.0
        ],
        [
          834.0,
          225.0
        ],
        [
          990.0,
          289.0
        ],
        [
          1038.0,
          385.0
        ],
        [
          1036.0,
          527.0
        ],
        [
          1074.0,
          731.0
        ],
        [
          1088.0,
          851.0
        ],
        [
          1068.0,
          969.0
        ],
        [
          1042.0,
          995.0
        ],
        [
          1026.0,
          1003.0
        ],
        [
          1004.0,
          925.0
        ],
        [
          1004.0,
          821.0
        ],
        [
          988.0,
          757.0
        ],
        [
          944.0,
          701.0
        ],
        [
          906.0,
          675.0
        ],
        [
          736.0,
          643.0
        ],
        [
          654.0,
          645.0
        ],
        [
          578.0,
          675.0
        ],
        [
          544.0,
          775.0
        ],
        [
          522.0,
          811.0
        ]
      ],
      "shape_type": "polygon",
      "label": "oyster",
      "group_id": null,
      "flags": {}
    },
    {
      "points": [
        [
          850.0,
          1317.0
        ],
        [
          690.0,
          1599.0
        ],
        [
          650.0,
          1619.0
        ],
        [
          562.0,
          1919.0
        ],
        [
          340.0,
          1919.0
        ],
        [
          318.0,
          1725.0
        ],
        [
          402.0,
          1535.0
        ],
        [
          520.0,
          1279.0
        ],
        [
          642.0,
          1197.0
        ],
        [
          750.0,
          1219.0
        ],
        [
          838.0,
          1263.0
        ]
      ],
      "shape_type": "polygon",
      "label": "oyster",
      "group_id": null,
      "flags": {}
    },
    {
      "points": [
        [
          1206.0,
          1603.0
        ],
        [
          1170.0,
          1757.0
        ],
        [
          1027.0,
          1919.0
        ],
        [
          922.0,
          1911.0
        ],
        [
          984.0,
          1813.0
        ],
        [
          1018.0,
          1679.0
        ],
        [
          1074.0,
          1575.0
        ],
        [
          1162.0,
          1541.0
        ]
      ],
      "shape_type": "polygon",
      "label": "oyster",
      "group_id": null,
      "flags": {}
    },
    {
      "points": [
        [
          1038.0,
          1635.0
        ],
        [
          898.0,
          1691.0
        ],
        [
          760.0,
          1697.0
        ],
        [
          710.0,
          1623.0
        ],
        [
          820.0,
          1523.0
        ],
        [
          938.0,
          1481.0
        ],
        [
          1076.0,
          1479.0
        ],
        [
          1128.0,
          1533.0
        ]
      ],
      "shape_type": "polygon",
      "label": "oyster",
      "group_id": null,
      "flags": {}
    },
    {
      "points": [
        [
          972.0,
          1229.0
        ],
        [
          806.0,
          1227.0
        ],
        [
          696.0,
          1177.0
        ],
        [
          640.0,
          1121.0
        ],
        [
          552.0,
          949.0
        ],
        [
          536.0,
          859.0
        ],
        [
          562.0,
          761.0
        ],
        [
          588.0,
          679.0
        ],
        [
          662.0,
          643.0
        ],
        [
          816.0,
          659.0
        ],
        [
          914.0,
          681.0
        ],
        [
          982.0,
          777.0
        ],
        [
          992.0,
          885.0
        ],
        [
          1012.0,
          1041.0
        ],
        [
          1034.0,
          1145.0
        ]
      ],
      "shape_type": "polygon",
      "label": "oyster",
      "group_id": null,
      "flags": {}
    }
  ],
  "imageData": null,
  "version": "4.1.1",
  "flags": {}
}