{
  "imageWidth": 1440,
  "imagePath": "98.jpg",
  "imageHeight": 1920,
  "shapes": [
    {
      "points": [
        [
          0.0,
          54.0
        ],
        [
          18.0,
          403.0
        ],
        [
          103.0,
          418.0
        ],
        [
          121.0,
          370.0
        ],
        [
          173.0,
          305.0
        ],
        [
          164.0,
          198.0
        ],
        [
          124.0,
          140.0
        ],
        [
          55.0,
          78.0
        ]
      ],
      "shape_type": "polygon",
      "label": "oyster",
      "group_id": null,
      "flags": {}
    },
    {
      "points": [
        [
          410.0,
          965.0
        ],
        [
          359.0,
          987.0
        ],
        [
          311.0,
          1017.0
        ],
        [
          261.0,
          1050.0
        ],
        [
          175.0,
          1122.0
        ],
        [
          144.0,
          1169.0
        ],
        [
          127.0,
          1244.0
        ],
        [
          109.0,
          1320.0
        ],
        [
          92.0,
          1381.0
        ],
        [
          98.0,
          1559.0
        ],
        [
          123.0,
          1605.0
        ],
        [
          154.0,
          1654.0
        ],
        [
          250.0,
          1676.0
        ],
        [
          296.0,
          1657.0
        ],
        [
          405.0,
          1540.0
        ],
        [
          484.0,
          1478.0
        ],
        [
          535.0,
          1431.0
        ],
        [
          573.0,
          1375.0
        ],
        [
          590.0,
          1326.0
        ],
        [
          576.0,
          1200.0
        ],
        [
          554.0,
          1158.0
        ],
        [
          511.0,
          1098.0
        ],
        [
          491.0,
          1060.0
        ],
        [
          465.0,
          1017.0
        ]
      ],
      "shape_type": "polygon",
      "label": "oyster",
      "group_id": null,
      "flags": {}
    },
    {
      "points": [
        [
          623.0,
          6.0
        ],
        [
          494.0,
          11.0
        ],
        [
          542.0,
          143.0
        ],
        [
          560.0,
          188.0
        ],
        [
          582.0,
          230.0
        ],
        [
          651.0,
          290.0
        ],
        [
          739.0,
          276.0
        ],
        [
          946.0,
          245.0
        ],
        [
          916.0,
          5.0
        ],
        [
          882.0,
          3.0
        ]
      ],
      "shape_type": "polygon",
      "label": "oyster",
      "group_id": null,
      "flags": {}
    },
    {
      "points": [
        [
          340.0,
          43.0
        ],
        [
          185.0,
          78.0
        ],
        [
          143.0,
          127.0
        ],
        [
          161.0,
          185.0
        ],
        [
          181.0,
          234.0
        ],
        [
          199.0,
          313.0
        ],
        [
          136.0,
          399.0
        ],
        [
          182.0,
          463.0
        ],
        [
          250.0,
          517.0
        ],
        [
          330.0,
          538.0
        ],
        [
          454.0,
          560.0
        ],
        [
          519.0,
          529.0
        ],
        [
          545.0,
          484.0
        ],
        [
          564.0,
          441.0
        ],
        [
          603.0,
          385.0
        ],
        [
          607.0,
          279.0
        ],
        [
          574.0,
          229.0
        ],
        [
          553.0,
          190.0
        ],
        [
          535.0,
          155.0
        ],
        [
          517.0,
          93.0
        ],
        [
          478.0,
          48.0
        ]
      ],
      "shape_type": "polygon",
      "label": "oyster",
      "group_id": null,
      "flags": {}
    },
    {
      "points": [
        [
          596.0,
          1446.0
        ],
        [
          550.0,
          1498.0
        ],
        [
          517.0,
          1551.0
        ],
        [
          498.0,
          1592.0
        ],
        [
          479.0,
          1628.0
        ],
        [
          462.0,
          1669.0
        ],
        [
          444.0,
          1707.0
        ],
        [
          427.0,
          1749.0
        ],
        [
          416.0,
          1912.0
        ],
        [
          696.0,
          1919.0
        ],
        [
          706.0,
          1797.0
        ],
        [
          790.0,
          1677.0
        ],
        [
          814.0,
          1581.0
        ],
        [
          948.0,
          1391.0
        ],
        [
          710.0,
          1255.0
        ]
      ],
      "shape_type": "polygon",
      "label": "oyster",
      "group_id": null,
      "flags": {}
    },
    {
      "points": [
        [
          636.0,
          783.0
        ],
        [
          740.0,
          711.0
        ],
        [
          960.0,
          703.0
        ],
        [
          1094.0,
          751.0
        ],
        [
          1098.0,
          937.0
        ],
        [
          1118.0,
          1093.0
        ],
        [
          1114.0,
          1229.0
        ],
        [
          1026.0,
          1295.0
        ],
        [
          868.0,
          1301.0
        ],
        [
          724.0,
          1221.0
        ],
        [
          628.0,
          1089.0
        ],
        [
          596.0,
          949.0
        ]
      ],
      "shape_type": "polygon",
      "label": "oyster",
      "group_id": null,
      "flags": {}
    },
    {
      "points": [
        [
          580.0,
          969.0
        ],
        [
          514.0,
          835.0
        ],
        [
          514.0,
          731.0
        ],
        [
          550.0,
          611.0
        ],
        [
          628.0,
          439.0
        ],
        [
          678.0,
          343.0
        ],
        [
          782.0,
          291.0
        ],
        [
          972.0,
          273.0
        ],
        [
          1054.0,
          273.0
        ],
        [
          1108.0,
          369.0
        ],
        [
          1204.0,
          583.0
        ],
        [
          1234.0,
          779.0
        ],
        [
          1138.0,
          1081.0
        ],
        [
          1116.0,
          941.0
        ],
        [
          1116.0,
          779.0
        ],
        [
          1106.0,
          733.0
        ],
        [
          874.0,
          687.0
        ],
        [
          724.0,
          709.0
        ],
        [
          602.0,
          795.0
        ]
      ],
      "shape_type": "polygon",
      "label": "oyster",
      "group_id": null,
      "flags": {}
    },
    {
      "points": [
        [
          1166.0,
          1747.0
        ],
        [
          1020.0,
          1769.0
        ],
        [
          852.0,
          1765.0
        ],
        [
          810.0,
          1751.0
        ],
        [
          824.0,
          1665.0
        ],
        [
          918.0,
          1571.0
        ],
        [
          1108.0,
          1539.0
        ],
        [
          1194.0,
          1611.0
        ]
      ],
      "shape_type": "polygon",
      "label": "oyster",
      "group_id": null,
      "flags": {}
    }
  ],
  "imageData": null,
  "version": "4.1.1",
  "flags": {}
}