{
  "imageWidth": 1440,
  "imagePath": "99.jpg",
  "imageHeight": 1920,
  "shapes": [
    {
      "points": [
        [
          1067.0,
          226.0
        ],
        [
          926.0,
          235.0
        ],
        [
          870.0,
          257.0
        ],
        [
          821.0,
          320.0
        ],
        [
          782.0,
          377.0
        ],
        [
          749.0,
          427.0
        ],
        [
          731.0,
          477.0
        ],
        [
          713.0,
          528.0
        ],
        [
          696.0,
          596.0
        ],
        [
          678.0,
          662.0
        ],
        [
          663.0,
          850.0
        ],
        [
          706.0,
          946.0
        ],
        [
          776.0,
          1024.0
        ],
        [
          796.0,
          1069.0
        ],
        [
          813.0,
          1111.0
        ],
        [
          831.0,
          1155.0
        ],
        [
          848.0,
          1198.0
        ],
        [
          886.0,
          1239.0
        ],
        [
          922.0,
          1273.0
        ],
        [
          1026.0,
          1321.0
        ],
        [
          1166.0,
          1359.0
        ],
        [
          1210.0,
          1341.0
        ],
        [
          1248.0,
          1311.0
        ],
        [
          1286.0,
          1295.0
        ],
        [
          1323.0,
          1262.0
        ],
        [
          1353.0,
          1215.0
        ],
        [
          1380.0,
          1168.0
        ],
        [
          1400.0,
          954.0
        ],
        [
          1385.0,
          448.0
        ],
        [
          1367.0,
          384.0
        ],
        [
          1350.0,
          340.0
        ],
        [
          1327.0,
          294.0
        ],
        [
          1287.0,
          254.0
        ],
        [
          1238.0,
          231.0
        ]
      ],
      "shape_type": "polygon",
      "label": "oyster",
      "group_id": null,
      "flags": {}
    },
    {
      "points": [
        [
          510.0,
          997.0
        ],
        [
          450.0,
          1024.0
        ],
        [
          403.0,
          1053.0
        ],
        [
          336.0,
          1105.0
        ],
        [
          272.0,
          1173.0
        ],
        [
          254.0,
          1213.0
        ],
        [
          237.0,
          1281.0
        ],
        [
          219.0,
          1340.0
        ],
        [
          202.0,
          1412.0
        ],
        [
          208.0,
          1620.0
        ],
        [
          233.0,
          1665.0
        ],
        [
          269.0,
          1718.0
        ],
        [
          367.0,
          1745.0
        ],
        [
          410.0,
          1727.0
        ],
        [
          546.0,
          1593.0
        ],
        [
          622.0,
          1445.0
        ],
        [
          666.0,
          1399.0
        ],
        [
          698.0,
          1347.0
        ],
        [
          721.0,
          1261.0
        ],
        [
          703.0,
          1213.0
        ],
        [
          682.0,
          1173.0
        ],
        [
          637.0,
          1114.0
        ],
        [
          591.0,
          1051.0
        ]
      ],
      "shape_type": "polygon",
      "label": "oyster",
      "group_id": null,
      "flags": {}
    },
    {
      "points": [
        [
          26.0,
          5.0
        ],
        [
          24.0,
          217.0
        ],
        [
          98.0,
          245.0
        ],
        [
          148.0,
          305.0
        ],
        [
          170.0,
          335.0
        ],
        [
          182.0,
          370.0
        ],
        [
          234.0,
          315.0
        ],
        [
          281.0,
          287.0
        ],
        [
          307.0,
          236.0
        ],
        [
          302.0,
          122.0
        ],
        [
          284.0,
          82.0
        ],
        [
          248.0,
          1.0
        ]
      ],
      "shape_type": "polygon",
      "label": "oyster",
      "group_id": null,
      "flags": {}
    },
    {
      "points": [
        [
          604.0,
          5.0
        ],
        [
          444.0,
          9.0
        ],
        [
          316.0,
          5.0
        ],
        [
          317.0,
          140.0
        ],
        [
          302.0,
          255.0
        ],
        [
          282.0,
          295.0
        ],
        [
          276.0,
          416.0
        ],
        [
          294.0,
          478.0
        ],
        [
          333.0,
          530.0
        ],
        [
          373.0,
          552.0
        ],
        [
          482.0,
          559.0
        ],
        [
          550.0,
          541.0
        ],
        [
          652.0,
          524.0
        ],
        [
          700.0,
          481.0
        ],
        [
          721.0,
          436.0
        ],
        [
          741.0,
          396.0
        ],
        [
          776.0,
          342.0
        ],
        [
          787.0,
          253.0
        ],
        [
          769.0,
          207.0
        ],
        [
          734.0,
          152.0
        ],
        [
          717.0,
          108.0
        ],
        [
          698.0,
          69.0
        ]
      ],
      "shape_type": "polygon",
      "label": "oyster",
      "group_id": null,
      "flags": {}
    },
    {
      "points": [
        [
          834.0,
          255.0
        ],
        [
          940.0,
          203.0
        ],
        [
          1154.0,
          181.0
        ],
        [
          1167.0,
          0.0
        ],
        [
          714.0,
          1.0
        ]
      ],
      "shape_type": "polygon",
      "label": "oyster",
      "group_id": null,
      "flags": {}
    },
    {
      "points": [
        [
          32.0,
          259.0
        ],
        [
          92.0,
          331.0
        ],
        [
          156.0,
          367.0
        ],
        [
          176.0,
          545.0
        ],
        [
          200.0,
          647.0
        ],
        [
          134.0,
          729.0
        ],
        [
          0.0,
          746.0
        ],
        [
          2.0,
          251.0
        ]
      ],
      "shape_type": "polygon",
      "label": "oyster",
      "group_id": null,
      "flags": {}
    },
    {
      "points": [
        [
          1052.0,
          1399.0
        ],
        [
          1060.0,
          1477.0
        ],
        [
          1006.0,
          1559.0
        ],
        [
          910.0,
          1767.0
        ],
        [
          888.0,
          1921.0
        ],
        [
          530.0,
          1915.0
        ],
        [
          556.0,
          1797.0
        ],
        [
          648.0,
          1553.0
        ],
        [
          718.0,
          1433.0
        ],
        [
          808.0,
          1341.0
        ],
        [
          890.0,
          1303.0
        ],
        [
          930.0,
          1293.0
        ],
        [
          990.0,
          1329.0
        ],
        [
          1036.0,
          1359.0
        ]
      ],
      "shape_type": "polygon",
      "label": "oyster",
      "group_id": null,
      "flags": {}
    },
    {
      "points": [
        [
          1374.0,
          1763.0
        ],
        [
          1362.0,
          1809.0
        ],
        [
          1270.0,
          1835.0
        ],
        [
          1118.0,
          1837.0
        ],
        [
          1024.0,
          1845.0
        ],
        [
          960.0,
          1815.0
        ],
        [
          968.0,
          1717.0
        ],
        [
          1008.0,
          1645.0
        ],
        [
          1056.0,
          1603.0
        ],
        [
          1116.0,
          1585.0
        ],
        [
          1192.0,
          1583.0
        ],
        [
          1264.0,
          1603.0
        ],
        [
          1330.0,
          1631.0
        ],
        [
          1372.0,
          1709.0
        ]
      ],
      "shape_type": "polygon",
      "label": "oyster",
      "group_id": null,
      "flags": {}
    }
  ],
  "imageData": null,
  "version": "4.1.1",
  "flags": {}
}